50
852
-4168 -371
-3631 3863
-3606 4394
567 -1248
359 -1830
-1309 4072
-3167 -4725
3247 4438
-872 -3660
-3892 -2759
1350 -1908
878 -4223
-2647 262
-1923 -635
1817 -2309
-4401 -225
-4138 -2035
1695 -3183
1253 -432
1285 3184
-4370 843
2650 -3604
519 3745
603 -2412
2308 -450
-1684 -2544
3043 2105
650 -3895
-1376 2560
846 3408
1417 867
-806 491
2231 1294
927 3309
-736 -4570
4461 -1663
4366 -2633
3098 4247
-230 -584
-4091 -3781
-3173 3267
-3317 2058
-1834 461
2257 4831
-4515 -286
-754 -169
660 602
9 3226
-4781 -8
-1354 2795
1067 3452
33 534
-3018 -1475
-3529 -2964
678 4316
2058 2003
4662 -2684
3045 293
-4174 -3633
4556 4524
-2400 713
70 2704
-1051 888
-2964 1869
3763 1105
-577 1439
4014 4251
-1809 2972
-2458 1390
-1070 1749
246 -4251
3436 -2967
-2813 1537
-115 2559
2916 -3981
781 835
-946 2541
3521 -2211
-3959 -4806
4303 1851
-714 -1545
-1276 -4223
-3167 -4507
-3171 -1339
2218 3541
2363 -1932
-2753 -2860
2848 3888
913 1573
-1516 634
4200 -2995
-3522 449
1642 4193
112 -1740
972 1790
4101 -3472
3744 -3233
-667 -4136
2235 -2324
-4247 -400
4407 3496
-1739 -3649
253 1252
-3589 3009
-1896 -1223
-4047 -1440
-4270 -767
-4095 -771
3264 -3405
4575 1107
-2738 -610
-1352 -1119
-15 3200
895 -2722
-1163 1590
1397 2467
-2353 -4551
2153 -2540
-2472 3997
1187 3099
2637 -1811
1245 -4838
-2495 -2537
772 1183
-4143 3552
2485 -4477
-2421 -851
-677 845
-2994 611
-2558 -3862
-3485 -2915
-4845 2746
193 204
3910 -240
1279 -4197
-4494 -3606
-1082 -2288
-3757 4064
2807 3836
-2818 224
-4084 1695
-122 3228
-4638 -4273
718 229
-658 3016
1761 35
-1455 1668
-3 -2119
-4510 2378
589 4627
-4732 -2758
1462 635
-2094 -2305
4596 -1878
-1914 -898
-4810 2084
-3371 2146
3447 399
1116 653
-771 1500
4197 -54
3136 -449
2390 -3700
2925 -3298
-1292 -85
-4571 2789
-1887 1890
-3 -2187
550 -2074
-585 -1672
2671 2139
4734 4233
248 -379
-3236 -2111
2869 4717
896 3238
1144 -2046
3420 -4308
-3893 2319
2570 2230
4142 3439
-17 3910
4618 1864
2641 4349
2676 2768
3021 1765
837 1482
-4031 3590
-1426 -930
288 2709
4181 -2663
3019 -608
3294 -2400
2125 -4605
1572 -414
-2017 -1805
864 -3419
534 2630
3677 343
-2360 -3298
2339 638
4653 -2597
4394 1055
1382 988
866 -3853
-2329 -1990
-4341 -860
-3329 361
4211 2315
178 1060
-3683 -4550
3442 -924
1207 866
1447 1276
-3552 -1358
896 60
2375 432
868 -167
3192 -1310
-509 1093
3912 -3883
3647 -1128
-4151 -2390
3354 746
4359 -2920
4544 4695
2582 3122
698 -3466
-775 -4339
-2226 1494
156 4251
327 -4436
-2084 953
4533 3510
-3472 2468
-729 2660
-2036 3399
781 1774
-879 -3033
3641 4634
2059 -4125
-4074 2140
-958 -3926
4827 -1196
-3231 -2084
-4638 -2685
3701 4426
-4300 1814
-4709 -222
2053 -1497
-3227 2967
62 1398
-1325 -3818
-401 2742
-3325 2047
-200 478
4354 4527
-843 -2585
-2466 2230
3416 -2934
-1708 -4204
-2173 -1318
-1665 1385
-278 2472
-4657 1799
-1932 -1131
4253 1561
2739 4082
-592 4798
-3003 -214
-2623 2334
-3097 2496
-536 -3243
4804 -1929
958 -3310
-1045 145
-2740 -4476
3422 -568
1602 -4799
95 -2524
2181 4611
-4235 -934
2810 3605
2972 -4399
-4669 1058
-1646 267
3525 4429
3842 2903
3918 621
-4316 3594
-4258 -4213
-937 -84
-4248 3026
2283 -1262
809 -2305
2390 1698
1595 -2989
-4340 -4097
-635 -3557
2580 -1826
2849 -4253
3215 3213
-3843 -2013
-2450 -2688
1906 2794
4300 -605
-3795 -352
1444 608
-1860 -2769
737 -1590
3497 -2242
27 1393
-3089 663
-4034 -4384
-142 439
3331 4801
-2391 -379
4336 1149
-593 1743
-395 3062
-4834 2025
77 2009
1929 -4496
3162 -1104
-3016 2594
-2468 -3779
-738 -1678
-263 -1415
-4068 4482
2899 4041
-3983 -3659
-2763 2315
-2329 -1277
-4624 -1427
3419 -1361
-1420 4518
-150 4201
-4246 -1975
-3024 777
89 -3403
2709 -3676
-962 -193
555 1019
-182 -4281
-3997 345
422 -2166
2245 1694
-4430 -3477
2307 -1390
-2789 1137
647 2871
3452 -4662
3288 2528
4828 1704
1195 -82
281 1053
2094 4289
3172 -4753
-610 4333
2617 3786
-2297 -1260
-1872 -1530
-2220 -3979
-1554 3534
-2386 -4339
-1810 -2349
-4519 4481
3119 265
-1354 -1085
4578 724
-687 -4112
318 -2249
832 -1895
3632 1043
4073 -2447
-3026 2634
656 -3374
-920 3871
-820 -854
-1311 -1905
-4757 3522
-3500 4798
1282 3378
-805 3772
1068 3717
4705 -3198
-4440 4661
-2472 -1800
-1015 -3093
-2474 -3694
-2899 1729
3621 -1448
-750 4292
3643 1199
377 -200
2283 -3034
-3698 -4582
502 3326
694 4383
478 -114
4508 -2732
-1059 2982
142 3695
2887 35
-2385 3115
1389 -841
290 1343
2142 4604
4842 3869
-1104 -3904
3941 3042
1832 -3920
-2744 400
2144 -810
2541 4427
3826 3276
2852 2537
4753 -244
2180 -1772
-1973 -1451
-2839 -629
3122 1840
1395 4598
4033 2288
2599 -4782
1552 -2560
-3274 -2335
-3151 4668
-4396 -3074
-3267 -2580
-4670 -4798
4549 757
523 -3488
-3578 4799
1657 -1310
697 -3836
-2084 2377
-511 -985
4434 -3710
4750 411
-4339 4415
1450 4768
-3099 -4514
916 4759
662 2881
-734 -1942
-90 4552
-1187 -3639
-3935 -1684
-2917 -2503
3191 -2232
-3561 -4157
-625 1594
832 -4230
-3039 -4165
-4667 -750
2512 -3836
2575 -4408
-774 -3070
2498 1332
-1766 545
-1018 3969
-1003 461
2484 4301
-3793 -4286
-3348 2265
-2764 -4214
-2702 -801
2030 -4527
1318 1843
-2155 4485
266 -2121
-4063 -3284
4123 -2651
-1635 4656
4751 2283
-563 -2739
1089 4129
-981 3450
-608 -3580
-1196 2101
-4094 862
1549 1465
2586 3039
2437 3859
-4563 1447
2261 2937
1974 4053
-3501 -2248
2717 -2132
1770 -2988
652 -4487
3130 4206
2981 -2498
1644 381
-2648 18
-3776 2566
4305 -4670
-2746 -3213
-3936 248
65 3124
-3059 3226
-4025 -495
4471 -2199
-874 3979
-4599 500
-4236 3590
-433 -315
3029 -1297
-537 -1288
4747 1056
-3917 -3852
863 2877
4812 4303
-3609 3602
-3834 361
-2231 363
-4085 628
-1207 -1741
-1402 -3978
2375 2986
-2176 -4008
2560 -2906
2925 -4192
1963 -2575
4109 2675
4733 1418
-4593 -1126
-4654 349
2544 -1050
-477 3629
-2735 -3678
4005 3825
-4545 1565
-3104 4290
-2601 -3827
-1691 -3163
4694 4520
1026 3616
-2189 -2243
1095 -2812
4215 -1129
382 -2229
2203 2847
-1960 -3893
3512 -1413
-3809 1188
-4726 3484
-2275 3478
-84 -4308
2776 -26
3322 521
-1268 2863
-1410 151
-3111 4237
-853 4677
-2191 -2092
1941 860
4358 -3293
3851 -369
-4543 -1065
3397 -3378
3375 -4381
-1021 -3674
3842 -2723
-370 -33
-3072 172
3416 -2274
-27 -3838
-3548 2023
2935 -1604
978 4038
-1967 -588
973 -911
2180 3406
1158 -806
3046 -1411
-1917 -3689
-2313 4754
3465 -1659
-4665 1423
726 -1847
-1327 1230
-1133 -2215
478 -2393
4297 -2026
-2086 -3504
3545 -3293
1488 -859
3002 -4724
-4311 -2987
-758 -2571
1042 -1808
-571 3542
-341 653
1813 2496
1332 -1353
-4056 4493
1564 3326
-3436 473
-4267 2217
-4171 -486
-665 4267
-218 -787
-4231 2118
742 -1157
2149 -3753
4182 -1888
-1639 -4456
1931 -4037
-2306 4521
2089 -4301
4230 -3513
2863 84
-1201 -2166
2540 -1525
3218 -2554
1999 -4783
529 4657
4455 -2377
-4008 -648
-3931 -1677
-3448 3260
4486 4362
2847 43
2726 -582
2161 -2683
4031 4651
-884 1169
-3464 -2501
-4158 -4420
1717 -4718
-3157 4114
-1728 -2608
-6 2604
910 -1002
902 -857
3148 2593
3050 16
-4770 1139
3257 27
1205 138
2444 757
4486 4559
-3046 -227
142 3096
-3609 379
4709 1143
814 -2569
2679 -2317
1972 1373
993 132
2713 -4478
-873 4059
1722 -1817
-1082 -280
4494 773
485 4529
-1337 -4387
4237 580
1484 -3732
2558 -540
2396 -1528
-3634 -592
-1738 3843
-1915 -2390
-1388 1937
3899 2844
-513 -706
-4483 -4666
-3967 -3479
450 -4328
1486 -3900
1210 681
-1055 2577
3770 1549
4739 -818
783 -4461
1926 -2007
4282 -2104
-693 3026
-2251 -459
902 4687
-3041 -1261
3544 -1265
-1362 4778
2587 2178
1422 -3013
2226 -123
1647 -4449
51 777
-3324 1674
-2278 -605
1586 -11
3189 -1376
-2185 3700
-4174 -958
-792 -2365
-1018 1035
3079 -2500
-602 -1460
3871 3950
-4180 2799
-1774 2262
-3079 284
-2407 4547
-474 2198
1166 -4540
4145 -1294
-4034 2905
-3628 -4021
2935 3622
-4114 3589
-875 -3286
2179 3889
1138 -1400
-3469 -710
-2152 1732
3511 -493
-2142 -3516
3871 1180
4215 2693
3111 -4601
-2790 942
-403 612
4240 -1771
1121 -1844
3917 1866
4559 -1321
2613 -3936
2466 -1343
823 -4662
-4414 -2287
-1352 -2373
645 4482
-3706 1966
1084 -1042
-3919 -2131
2973 -1101
3131 -3531
4749 365
-3680 1108
4222 2514
132 1459
4186 -4442
1152 3747
475 620
-3964 3566
-1736 3133
600 4726
2550 -4168
-3206 1503
-1275 4698
-787 -1513
342 -3412
1549 -1444
3625 -3444
-731 3409
-1420 -1607
1034 93
2218 4488
-3991 -163
1174 -4072
3712 4573
4092 -1655
-4149 -2165
-1462 4393
115 -533
1389 3675
-1208 2587
2355 662
695 -425
1581 2690
651 1730
-1889 4222
-3130 3133
-3109 4573
-2268 1748
-3213 -4717
-4189 -3858
-3526 -995
-1722 -3936
3905 533
-1901 203
-3928 4194
69 -3031
1428 675
3575 2147
-690 -3214
3771 97
-1502 -1749
3391 1418
-4115 -4833
1430 -2786
-3443 -40
-4683 -1943
2494 4547
-2028 1690
2758 4201
-1153 2446
1391 650
669 -4035
753 1360
-420 2107
-2629 1
-551 163
1102 3726
563 -3524
2437 -3724
4451 -2420
-2483 -4845
-3850 -4585
-3031 2880
3074 34
1030 932
-4053 1309
848 3505
1671 446
-1490 4002
4078 -1532
-4660 -365
4328 772
-1625 538
841 224
4462 -2908
4750 -2022
-1637 1060
-1830 -372
-3090 -713
271 -3286
1965 -1226
-476 1387
4497 -55
1309 561
1386 -256
-2155 -3323
-822 -3637
-4016 -1204
-4779 2522
1761 1505
844 -2968
1727 -3028
2091 4359
4813 -3797
3621 3334
2644 2307
-3613 -3029
-3948 2049
-4298 -1026
2455 -2153
-1318 1510
-3907 103
1835
-674 1211
376 -1520
819 -1397
1442 1313
584 1094
-374 -162
135 1485
663 440
-100 -1100
766 438
-413 521
651 -1017
962 -929
-807 -108
1052 1208
-233 -142
1003 -59
-1410 -432
-559 1160
1318 -1120
-706 656
-425 829
-159 518
-1351 -1435
-999 1164
269 -569
-1168 1113
1441 1429
1347 1085
81 1171
-375 591
445 1564
-958 313
566 1555
971 -386
-503 -991
1375 -209
1126 413
-229 1357
-1359 115
1135 1496
-1593 778
-495 1329
-1563 -945
-1473 61
-97 -1466
-978 224
1147 1411
-859 193
-975 224
-1599 1010
-166 314
-333 -1238
1064 119
-946 126
683 552
-470 -241
1182 273
-471 -1165
-781 -214
1014 844
1163 278
665 1337
-1193 1147
886 1544
667 -175
-323 -217
-610 1292
-1237 -932
538 154
-87 -543
-1151 114
540 427
-516 995
466 256
-176 58
-873 246
1092 769
544 -799
308 -1130
868 1081
532 -1378
1528 -143
667 -255
-327 -623
1031 -1051
-85 1520
446 -1079
-1472 -741
-980 -1033
-1430 -162
635 1529
-128 1449
561 -1103
-536 -1285
1174 206
-807 -900
-1255 1126
-869 1407
-675 -749
330 97
-1471 815
-866 -750
1114 -253
1367 134
1241 914
756 131
-572 -105
-1096 -1396
-1088 -1217
1267 1561
1549 -1346
128 -884
1317 -6
-695 99
-368 -1499
-686 745
1166 -590
1156 1591
-932 -203
1475 -1596
-573 -171
-203 1479
1097 -1394
-1213 1578
-678 -15
311 16
1166 -1036
-181 292
266 1257
-1224 971
920 739
330 -1419
-156 214
212 319
1113 -630
979 -1130
1426 -1212
-970 926
-552 -1502
-1070 475
-856 -807
-177 928
1166 -1530
-1392 -1331
-69 1038
-35 1278
104 -217
-704 -890
-315 -1026
1098 262
-670 -902
-1428 -1430
-117 -506
158 -711
-792 -285
-641 -792
946 327
-655 502
587 -707
-35 -1270
-1545 71
1546 -1100
-500 1358
-573 -1225
1113 89
906 -582
-632 -1345
672 199
-275 -1077
402 -1561
-1113 -1508
-1355 58
-1463 -1091
-1222 1118
1535 43
-749 -1464
-380 473
982 -1390
-1137 1330
302 -1560
-873 1416
1370 4
46 -413
1482 1567
1132 -234
1499 -192
-1239 -113
1503 -514
-1267 378
-206 -1375
-28 1152
-150 -653
162 170
131 87
-1433 493
1531 752
-1492 106
284 -1222
-531 558
1048 932
405 218
544 -418
18 476
-541 1193
308 -1020
798 -482
865 19
-73 1274
-1490 495
390 -818
1474 -542
436 456
-1530 -241
-783 -776
604 1147
80 -1183
1055 1549
38 -733
892 -392
133 608
352 901
310 -457
343 -1445
225 196
-1315 -399
-951 -1112
715 591
921 -1575
305 177
743 856
-1232 -545
-1403 -448
508 1182
-986 -924
-1307 1069
339 9
-967 -318
827 -474
-1330 -1155
-1506 1154
-969 -664
-1278 663
1524 952
512 1112
-1214 -503
1530 -1608
-1275 897
-1417 1308
-982 1398
-927 575
-1300 559
1513 -1393
417 -892
-1334 658
-394 759
816 -827
249 562
-936 -58
-64 1363
-161 29
860 -1
-905 -1361
-1084 -601
-931 -1385
42 1240
723 -191
175 1563
-441 -433
-181 829
-214 -1457
-936 1052
1 -1129
-48 -1435
-1046 -1577
-318 1421
412 1553
-1266 -1543
-1138 -731
-687 400
-773 -927
523 54
-1227 -1226
-612 119
-59 -1538
450 994
550 1448
914 -1282
1219 -1429
-1326 -515
-1037 -674
390 -320
397 -1378
-1450 1067
132 1312
1166 -47
-1477 -531
-755 -1025
-1193 1370
1606 -945
600 -885
282 1474
1059 1500
-1002 1072
-714 271
723 -971
-790 987
-292 732
-702 288
-404 954
973 434
-1316 -64
-1453 1461
325 1306
109 170
111 804
711 118
683 253
-724 1296
452 408
-1110 271
1244 1112
-499 -306
-62 -856
-292 -826
-103 -1167
-1366 -661
-1396 1373
1307 -1478
-1528 211
258 883
-763 484
-410 -1578
185 538
-726 -1459
1558 -1414
1255 139
592 1241
-988 -1584
-783 -336
744 299
-1372 -1269
-981 -1043
1554 -1069
1507 -774
616 997
1422 1023
-484 455
-122 -710
-906 -1088
408 559
-1576 819
-119 -1079
-475 442
-664 -129
601 607
1320 1373
-1395 250
-1221 -1564
1448 -22
198 -1286
1299 1483
-447 -935
-358 224
284 575
-292 -578
-754 1307
-571 -585
-204 -1070
330 1006
1526 -1481
-941 575
945 295
-996 -583
-1221 391
1589 -1460
-1278 -283
-940 -1509
-1186 -545
-115 -631
-626 -360
442 -211
1323 -1291
665 -1012
1130 -1048
-152 -744
1589 -608
402 -1326
-719 1496
-1256 703
1230 -278
55 1181
-714 -985
414 -958
136 -316
-1033 428
123 776
951 789
1375 -903
1430 -1120
-258 856
-503 -351
-1415 148
-833 -1326
156 279
1486 -74
-393 -1543
1008 1161
110 977
529 -323
706 -796
835 -1043
615 -1356
1463 -1026
763 11
1342 -490
-784 -1611
433 65
-1291 562
1217 977
-124 -335
-368 -133
1613 1243
-243 -379
-336 224
879 941
1123 1316
450 931
-1570 1440
656 -195
-633 -239
-796 -539
93 -305
21 1190
153 1418
-1145 -240
-790 341
833 -923
-1089 -1132
-263 -216
117 -459
-405 -1244
1474 309
1613 -364
1316 86
1127 -793
-534 -1100
401 814
167 19
-882 -1356
-1446 -406
-1539 -79
-1388 -595
-810 168
1002 -1580
-292 203
-913 1369
-1520 196
16 941
-651 360
-1059 382
-1213 -17
842 -1072
-97 -935
-781 -1418
-386 109
590 -70
-1483 -647
-275 -854
527 -247
1087 -1135
-516 722
1225 -1615
-1123 771
-308 -58
641 -662
167 -219
-467 816
1107 889
1337 55
-699 1347
1231 -492
192 -858
1078 -204
-649 1069
-117 643
-684 1269
-272 845
-818 896
1442 870
-129 -293
479 806
470 1299
-905 -182
-1234 -623
887 549
839 1187
-36 50
1503 -95
-229 -818
1396 275
746 1222
771 -30
-800 366
706 -514
-163 -751
1151 626
-340 -1526
1196 509
-611 -1500
-1377 406
1121 621
-495 853
98 -161
-1550 1283
936 1294
360 -455
-1460 19
1023 -530
1146 -954
1433 -154
-1365 1080
-457 221
-876 -905
-113 110
-1370 1551
1134 1023
-54 135
923 -1408
468 -556
1534 870
383 -1208
656 -529
1383 1443
-684 588
533 -96
129 705
1603 880
-1511 -466
-1035 1063
743 -247
-165 1013
388 -916
266 255
-19 1014
1382 647
-612 1126
356 -298
-856 -328
309 -1123
-1598 650
104 795
690 -967
1292 -152
-1598 467
-338 830
16 517
-1082 420
384 -473
452 -923
-945 -920
1176 365
153 647
-810 -276
-1259 -711
-444 -302
-887 458
1447 1303
-648 647
1602 -691
672 1316
-1373 929
598 326
-66 261
1296 370
1368 1182
995 565
41 239
96 -514
-1430 639
25 -349
1227 584
774 1464
-56 -86
-851 541
-31 267
420 -1525
785 -936
9 491
-1151 496
338 1041
-1178 1326
-667 -521
542 298
512 1102
860 37
968 355
1407 -1251
1305 28
1522 1272
25 -1375
-1008 903
-449 19
-888 1125
54 -978
-1531 -1005
325 -643
-1589 376
627 -169
828 -929
1084 341
-1506 -1584
-554 147
494 988
1456 -581
1429 800
-1354 -1416
1358 -574
-1578 1474
-808 1408
-301 -3
-1054 -672
-1017 518
-494 1496
-727 -281
-253 -382
1235 -702
-873 37
-1354 -620
1144 -546
730 -1407
1418 1542
-1037 -1561
-1153 -78
1488 -1470
-111 -1546
-199 786
224 971
-216 154
-237 1232
-329 1298
1251 -1237
-383 -956
-207 -384
628 -1527
-1418 -648
688 402
-408 -1610
-763 -1460
311 346
-436 -1587
661 398
577 -986
1159 696
-591 609
308 829
249 -908
-1102 -1567
-1177 -911
-1520 -291
961 -645
-1315 1248
-1305 1052
1099 -1015
-1112 -737
351 -795
-1469 799
1433 575
1227 1527
-528 -1031
1480 -425
-982 -473
-1464 -293
1607 -600
-513 -684
272 -859
1480 607
-500 359
1508 519
-343 -17
-965 440
-112 58
-882 -437
-410 -317
-760 183
-1462 -1364
-162 742
1061 -526
-1454 -724
-1087 1446
968 -1272
1075 1072
1363 -1046
695 -626
1466 -558
-1318 502
1026 -258
-864 881
1584 1593
-1553 -1012
769 -1262
94 625
-1419 959
1538 466
760 -1069
-519 -1293
-724 73
489 408
188 770
1524 1351
-240 995
1109 -337
28 762
614 -1074
-664 897
1604 1464
1444 984
-218 210
-1451 482
17 150
-1123 -1248
-906 -730
1276 1241
442 -236
-1325 -54
248 429
897 -1239
196 -1454
1543 -1446
401 296
811 1485
1400 -628
1049 -766
-1548 155
-53 -287
1140 -1034
-389 -382
854 584
443 578
360 -756
192 -1173
1316 641
1498 25
1313 -499
-1018 -852
-1171 -207
-764 1066
-288 -237
310 -1472
-1553 1509
-1329 -1244
1612 -194
359 132
-541 808
120 -1510
-689 -302
-377 -316
464 832
905 -886
1201 -1389
-1389 -710
-748 -985
954 150
1301 -1278
-913 1319
895 1112
1061 209
-142 -383
-404 64
-161 -956
-1202 344
-1609 1164
-62 -1374
951 -1240
857 128
813 1216
-734 349
875 1010
-535 1326
-162 475
-82 204
-485 594
1280 -311
-384 -1337
-1036 -966
-893 1199
-1110 -154
-226 -1191
1041 361
477 -1010
410 -752
-1138 1362
-249 706
737 -163
202 -1415
-468 1382
-885 1438
490 406
515 -224
1102 1574
-787 467
100 290
603 -796
297 -277
-1528 1404
1261 -1242
667 150
-1355 -1547
-96 -119
-1018 -575
-377 1583
516 641
595 -752
1502 1183
1409 126
133 1115
1175 -1047
-71 663
856 -1578
816 -606
1006 118
776 -1009
-946 -244
-1206 -623
907 -710
-1033 1029
1513 1014
1387 1256
-125 -424
1430 -9
-1365 -841
-1501 992
928 1338
-807 39
-260 1061
533 -827
260 286
-40 -1160
1568 -1066
-985 -171
330 1040
-1473 1241
-1180 937
420 188
-1491 755
-32 665
377 -685
905 609
1514 754
-578 1197
-1196 359
1243 636
-496 -1245
241 307
1200 769
-1026 -580
-1427 -23
-1170 -50
-369 504
1463 -1233
-408 -237
82 1192
427 644
-499 -1159
233 -542
442 523
-43 889
745 820
-445 -1088
1584 -252
1393 -1299
1235 284
-258 -532
-1306 1185
-1159 -723
-1169 -1565
183 800
77 -1429
-1580 -1571
1543 1314
50 308
715 -1330
-107 -798
-1099 1403
796 -393
874 1339
-647 -217
-1095 -1287
-851 -46
196 55
1179 -1292
-510 1523
-898 -230
1558 93
-1330 -1016
-1302 -674
236 -645
-1162 -1585
-422 1549
-981 -773
447 89
549 -454
-186 -1123
1324 277
11 489
1275 272
-1444 -35
1316 289
-1136 -1089
412 -348
-987 -1283
-1172 -1449
-385 -786
10 744
-1481 -1423
-1322 -1388
1015 193
-1478 1425
163 -347
-933 1371
-148 -944
-1135 -1014
-1397 -1446
1262 670
687 1160
440 464
850 1223
-726 -590
-1128 -1048
754 154
-552 180
-912 -210
-1378 -801
1397 1310
811 852
1470 535
-347 -1398
-832 -1023
1237 -106
-875 -1084
-199 -53
-147 -108
-645 -825
323 -1551
-373 1053
-1252 36
1494 -1433
1119 -1192
-402 -234
-391 541
-937 -349
1299 219
-850 38
-773 951
-1587 -1539
-1217 -753
428 -704
-1104 -999
1187 -75
157 0
109 -1098
-1402 794
1476 -366
494 1406
1093 74
1539 1142
-1150 436
1031 1550
890 187
413 -534
-1342 485
404 698
766 1519
-1536 1586
-1005 538
-1082 -542
678 883
-341 -713
1356 -1301
418 59
-807 -30
327 -1313
896 538
1342 1066
-27 -558
-1555 670
-565 401
-347 -853
-659 -929
485 -1592
-742 532
-1288 -383
-1449 -696
1010 1008
281 1474
125 209
1346 -1444
591 178
583 912
-317 -1525
1470 -1147
691 912
107 -1176
48 -868
267 -1388
1288 1507
462 1575
-30 929
372 253
336 1586
1399 1548
-39 918
326 -684
-482 1437
-1134 1006
-173 -1021
614 1235
-739 -394
1058 436
1371 249
48 -461
1348 -1048
475 442
-419 1437
1247 1498
735 1177
-261 -1349
671 1459
-607 -1473
-1509 -1567
1186 1191
-1271 323
-119 764
1512 -1182
21 1570
5 1336
-406 -1139
167 -1396
64 -1535
-1537 933
362 1016
-1349 626
1454 -1507
9 788
-843 755
-1372 -666
78 -629
-564 1175
-215 1072
-1037 -1189
-1286 152
255 616
1143 567
-1527 765
1498 73
-1548 1413
-313 -901
-1027 -1606
-923 -284
1390 53
740 -679
-1312 -1488
516 -213
397 -1297
708 -1103
253 -1072
384 1030
-1035 -1596
-1271 718
303 -763
814 -609
310 992
1268 -1354
-1360 -151
1055 -988
934 -1426
-1552 1239
288 -112
-1353 -153
-418 1614
-1404 -1452
-126 -976
273 -184
365 -1159
1240 1474
-40 1245
-683 992
-1096 866
1457 394
180 550
-719 436
-45 -508
-5 -563
-1286 -699
-558 201
847 256
-153 1454
-1502 412
-404 -1097
356 -1021
-526 -1282
227 413
451 1157
887 981
-586 -726
381 1150
926 901
748 -41
-990 -1326
422 362
780 -58
-1350 1107
529 692
464 -1100
-1241 737
-1272 256
-350 -328
-1166 -1559
-574 690
-447 -1250
-1615 1075
-198 879
-664 465
-784 1463
1531 -1270
1221 591
-1063 900
237 -1228
-1057 1509
1157 -1450
866 1586
653 -832
-952 -38
-407 1037
-1311 -68
498 1085
1272 1173
-1496 -264
300 -425
-283 -543
-405 -676
-96 546
339 -183
-716 1145
-884 372
-1065 -1215
-1248 568
-198 -722
1507 840
-393 1525
1379 247
-1401 -1138
-1187 -743
-461 348
12 1412
-487 815
1542 -960
869 321
561 -685
1575 -686
902 -132
1110 -412
1394 1313
-16 -1287
288 759
1612 213
-1225 323
-329 1010
-1327 252
-408 515
551 -1570
-1327 1221
-879 459
-257 -939
544 -952
789 -1220
1140 713
-603 656
11 -786
-1607 1458
1219 1271
405 -269
-1343 486
-268 1497
822 967
-1240 1438
-1571 -940
357 366
404 1302
1509 -652
-1065 -646
324 647
1575 878
1253 -1330
-778 -89
1217 -477
-1363 196
-1147 483
-960 -1407
322 -211
-453 763
391 -1516
1137 -619
849 1552
1173 -387
733 -1537
1071 609
274 1213
7 884
-1312 -268
-420 -22
-41 -1086
1127 -1342
-1236 -425
-866 104
681 -118
808 -56
-1143 378
447 -571
-950 797
-1570 1269
-13 -1158
-1474 -138
-750 -171
1571 -1324
1291 -1155
-1588 -215
867 -143
659 -459
-39 461
759 -1354
1202 676
-240 1261
139 -264
-152 150
-119 -436
-1008 1529
-1040 -766
-240 559
-818 -1613
-131 -715
859 -1587
-590 -996
614 -247
331 -800
1280 -357
958 1362
664 1218
-1137 661
-1188 -309
-1234 1152
1446 -69
686 -778
-813 140
1510 1224
-118 -139
81 1449
1016 1461
830 915
-282 -238
-1451 1507
862 -1325
23 1551
-1559 47
-151 1471
1532 -138
588 639
113 -1546
449 -579
-250 566
-291 1100
-474 166
-1467 725
-1554 -564
1381 888
-575 896
-15 1167
-880 1060
244 -856
-451 -577
-494 -492
-1534 1511
1017 1072
-1427 621
-950 1539
139 1365
1332 -500
1352 -950
-213 618
-1356 -216
1319 -1552
-1186 -1496
-879 1353
-1288 343
-250 -1227
1463 428
1313 548
761 948
854 -231
750 -1525
-981 684
1173 -98
677 882
-1114 17
-723 -1013
663 423
-603 -1417
-660 -1268
727 620
728 -964
-132 -1519
222 16
-171 -32
559 896
-1216 -760
-1076 956
882 -1583
-171 1288
723 -965
935 -1029
1603 -455
699 311
-59 929
-229 -1546
1237 447
477 -608
933 -162
144 17
598 -667
1078 -1419
296 1539
926 -1482
309 1085
-616 797
-1368 211
1405 -109
-391 469
-1029 274
-372 -1615
-205 1321
433 -1025
732 1479
866 -1296
373 -58
-1458 -1582
603 375
1379 -1031
-1069 -164
779 1427
-1158 -372
-1525 289
1198 -325
-725 1343
1588 -676
-230 -1031
619 -555
800 -1088
-495 -1238
-881 -1362
-41 -426
-1550 -4
-1307 -1132
-425 790
-903 624
1179 -136
277 -1546
86 -33
-1214 191
465 136
-886 783
302 1088
1485 -1564
-1576 873
-423 246
-314 -1506
-989 914
-351 383
-610 1414
1180 -937
-738 -821
-465 170
1482 1231
-1606 444
692 876
-1419 -721
-209 -573
1133 1010
-206 -1025
330 -45
407 -1430
116 -275
208 838
-725 1212
949 1427
-159 1569
719 329
-1270 -554
-1324 1122
412 207
519 -404
813 -1610
-836 732
-1588 1571
516 -1004
-1406 56
-815 -1169
351 498
-216 778
1198 -1204
-57 -1031
1564 177
-1182 -808
-706 1215
196 1598
-1149 1388
-1207 -531
-1139 261
668 94
15 -1225
-11 -1601
-1271 1128
-1595 -1113
939 -1395
-517 824
-1326 -1574
212 1334
1447 280
-822 1178
-421 86
-640 565
1556 457
577 864
1008 1481
-1073 893
-810 1181
-374 654
1319 164
-1398 -1614
635 1312
-332 1473
-592 -673
-442 -135
73 -1100
120 -1269
-254 -1408
-788 -1554
-1514 1554
-1301 -503
980 -1362
-437 375
1541 559
1070 824
-1294 -1030
-559 669
-25 -736
-419 1008
-134 254
1292 -1420
-418 664
-832 -768
-1305 -1172
-37 66
-100 -1067
-1129 346
-460 691
149 -509
1592 -360
1117 -1089
-1260 -1245
-806 -1521
-380 -227
726 -1612
-1356 -1044
297 -1105
519 -1276
536 -353
957 122
817 1091
1465 1591
896 -1272
-374 -1389
778 1587
-862 988
-845 -1301
-1313 570
904 -1009
-385 -455
196 -393
-1099 291
-525 -1073
-723 636
536 493
-1014 281
767 -796
124 376
1320 571
-59 -1260
1155 763
-840 649
1611 243
351 -201
-1553 1118
-1063 1416
342 23
-1055 -1166
-822 275
-1239 -1421
-493 -700
-118 530
-990 300
-511 212
146 633
1285 -899
828 -1060
327 -762
-11 -767
-204 -715
-403 1216
-342 -1174
690 -912
-1355 894
869 -159
-29 817
-337 1262
1199 1282
968 -905
1223 -1192
703 -1326
1220 48
-35 877
1188 -1277
-1481 -773
1066 -449
-1456 -323
480 -159
-860 111
-5 -677
-549 -1182
1417 1365
82 -1248
-499 -236
220 306
-958 16
647 -113
1602 627
636 696
46 -744
488 148
975 306
1228 996
1330 1231
-607 -1406
133 986
753 1189
1448 1512
-234 -740
-784 -1246
1260 -1296
525 -1095
1192 1131
-312 216
643 -132
-563 -1207
1259 -650
-1505 -813
-1221 -493
-655 1163
289 1431
-1051 89
-459 1545
-1423 160
611 -106
1027 -1269
965 194
-740 -210
-514 187
-27 -751
-1204 566
-176 1514
-960 325
1054 -1309
215 584
-1168 1481
-13 73
-215 1542
-93 1479
-1299 937
1213 -1094
-520 -106
1018 1008
-1522 293
-188 -1187
1098 1523
-1288 -899
836 -803
187 -328
1154 219
-6 -1269
770 773
-880 -370
-1283 -255
1406 547
-423 1060
-638 105
-502 -1308
429 -704
711 -1350
-52 1602
-162 218
-1309 250
636 1384
-961 1553
181 -317
-354 -1458
-173 710
966 -1448
-771 770
1431 251
941 201
745 745
-1249 -420
-1436 230
350 -1236
-262 -1207
-469 1487
-962 133
-1490 -1492
738 -202
-1160 1598
-96 543
305 -523
-959 1027
-515 -1266
1335 -1090
801 784
-1185 148
449 1606
-820 1499
1263 -589
-1184 -372
1575 -1311
1142 -166
849 -1109
-342 1339
1111 1061
-298 1282
-243 160
-1059 -822
665 209
316 619
-1526 1223
857 -1581
1391 395
360 -1225
1187 -1269
230 -453
1080 1117
635 330
-1057 991
1128 1149
357 974
-1087 -156
1368 -982
229 591
-80 1416
-1552 -893
1459 -34
440 -254
-1261 -1380
676 -582
-979 730
-930 -1476
-1051 1210
-787 -440
1087 935
1227 803
-740 850
-1150 -772
1249 1155
1023 -654
-1008 532
-1143 -637
-757 -593
1179 -1291
-270 512
43 309
118 134
1157 -1535
-639 256
-989 333
-392 1434
-121 858
517 409
1455 -1073
-738 -1310
1245 -1170
1458 184
1500 1241
910 758
1150 -365
293 700
-1389 -71
1261 -1209
-507 1299
922 -944
556 1300
-911 -638
924 1330
1532 -497
-1442 1588
-1560 183
275 1129
-1438 -967
-1452 849
-147 -446
482 -1184
-40 779
-848 235
1309 891
1542 1511
-1427 1217
660 1229
-469 1208
1205 -647
331 1019
878 -1579
1342 -65
797 1294
-791 -1515
304 -1490
-1397 127
1145 -84
-148 1128
-982 -736
-615 -1025
129 1517
-812 796
518 25
1186 -832
464 633
836 236
-1346 218
-1011 -519
571 -449
-997 29
-47 664
277 -531
-101 -1442
-1344 609
941 1072
587 -495
397 -1429
1315 -650
-1047 775
-313 -120
1476 93
-769 -682
-1216 673
-39 635
-1260 -680
1309 -922
-851 671
-291 229
221 866
-1426 756
1001 -1452
-155 1551
-864 37
-480 -221
37 1271
1326 -1577
-827 8
754 434
-877 1002
-1133 -39
-884 -1441
732 -1483
1208 -3
-1587 -1206
1076 108
524 -7
-752 -752
-78 1197
-1042 1273
262 1142
164 -656
-446 -1501
1515 1157
-267 1229
-546 1609
485 1262
-1077 -312
-470 601
-1166 1523
-932 1092
-700 -396
-1157 495
-986 -1419
1248 1505
-77 -1328
373 -1606
583 606
-72 -285
-1397 1475
-96 766
375 -906
-704 -42
68 -548
15 -354
982 1574
-1519 910
-437 -1497
-160 -2
925 -140
-865 -1018
1066 1574
-1396 22
1515 -1236
-637 -948
-1398 821
-1427 -1410
-968 888
-1157 92
1407 -176
-295 593
-1593 819
349 -1022
-1412 1209
339 -661
1568 -157
518 1450
-608 1391
-1449 -451
1288 1413
-1557 367
484
1789 -2329
-2307 -1417
-1411 2043
2533 -2232
1112 1071
1413 410
-2155 678
300 2296
1923 1155
-2259 -337
2281 842
-1843 -1115
1928 1047
1993 1458
325 1543
-281 -1157
-321 -2538
-1927 1266
2274 -2336
-1542 2529
-2535 -115
-1098 -2591
-7 -2354
-1540 868
581 -1771
2290 -2291
745 2135
511 -2626
-2087 389
769 1253
2330 -1879
836 -2248
1574 1519
-2101 -1378
-825 1658
-233 -1575
-803 -1877
-532 -2214
-2580 971
-2042 -1422
-1693 1607
-1560 -2344
1764 121
-2025 518
-2178 2424
-2287 29
-2637 747
-551 -2043
14 -851
-1122 -795
1729 2551
565 516
-2083 -1801
652 1473
-1825 -1641
2275 1879
-629 411
1787 1674
1900 -337
119 -2457
1681 -2583
252 -1435
-313 -216
1813 -1146
1719 -975
543 -2499
-1944 340
1911 1276
-2009 2064
65 -596
-2287 -2391
430 340
432 1669
-205 599
-1619 2085
2255 2146
2346 -1172
946 342
627 2214
-2153 2392
655 576
-962 1646
372 1582
-20 -2005
1725 -1549
207 2120
-1246 -1761
-1207 1364
1527 1729
-2201 -1856
-1954 -2629
1165 -1934
-2068 -1728
-2496 588
-339 1011
-2291 2058
-1462 1392
1778 -2091
960 -1254
-1564 488
1435 486
1565 283
-1822 1549
2071 -420
-728 293
-2131 1179
-771 134
1238 -2192
-2499 1518
1175 1044
-1472 -2490
-590 -1007
1798 -1719
1137 2504
-1739 -662
1907 885
-2173 918
-705 -1153
2505 1470
-1803 -1264
1353 -2229
1673 -1371
510 -430
828 -777
1402 852
182 2424
2050 -797
-934 1100
-1494 -1356
-900 -2185
109 2602
1751 -1183
2143 2444
-2022 -2550
-995 -2630
843 2597
1067 -2419
1480 -1209
-1106 -743
-1170 338
1924 1625
1748 1799
-1777 1932
-565 -711
-2334 1978
1910 660
-1536 -2052
2305 1231
-1876 140
539 740
-2030 2555
1294 100
1373 2589
1457 -224
1920 1712
1068 -309
1347 -2104
-1064 435
-2412 -2123
-98 -745
-1729 914
1392 1429
-279 -2533
-1351 -1416
-1850 947
-35 26
-186 1200
712 -298
791 -1949
-959 -1623
1528 -1313
2410 2365
-670 1483
413 659
-1070 -2637
-127 -1166
-1064 -565
-2178 -2565
-934 -1632
-1210 962
-2188 780
-1110 536
-588 -19
-2553 -1406
548 -1903
155 286
110 926
2603 1911
36 -1451
526 -734
1701 -2570
-1109 488
2029 -1329
-2101 -2483
409 2254
2436 2340
1721 1798
1407 10
-1570 310
2173 894
2595 -1273
-208 910
671 518
-2559 342
-1193 2127
1500 -1218
-2289 -2424
2524 -225
-1819 852
-2382 2025
1932 25
2242 2026
699 -1511
395 -1606
1134 -1596
-2298 1109
-920 2589
157 2237
930 -2569
1913 -1881
-837 2584
1052 349
-1041 678
-1106 311
-1007 2617
2184 -1010
-2581 -517
268 -666
1379 -1767
-1373 1002
1933 -1313
524 -2262
721 843
2418 1065
1735 2155
2570 1032
2473 -1852
2327 -1402
33 -2442
185 789
735 -2357
1630 2309
-1146 -2402
1232 2116
-464 -118
-2438 -715
-649 -1021
-1199 2552
1343 -2207
-66 -2378
974 -802
-2422 -958
1096 -765
-545 -487
165 -2084
-875 861
2517 -593
-857 834
-447 -2386
-1192 -882
2292 1145
1089 147
1126 -1215
711 -1748
2491 2424
-977 49
1036 -2513
1487 48
84 303
-487 1467
2216 1949
1802 628
-1816 -630
-2345 -316
-1656 2410
2252 -1079
-1807 -1698
1470 1479
-1122 377
1598 -182
681 -2414
-2132 -2294
189 33
2375 -2415
-595 -757
-1613 790
2493 -1259
2522 -1973
1507 966
724 1064
-2205 1507
-1180 1937
-1900 -979
-163 -2156
-2349 623
890 1525
-964 2167
601 -846
1811 1887
-202 1084
2376 -817
78 1328
826 -2306
-1672 796
-1562 -1386
270 -512
-2546 1577
-750 557
-2519 -2083
848 -1565
-1475 -2457
-2577 1938
1361 1318
715 1522
-1077 -2637
-1172 -1302
-484 373
2242 -1673
-871 1035
-906 -1704
1099 -585
5 -172
-1655 -1530
-944 -1580
-1445 309
-2405 287
-553 -384
-2525 2618
-554 1816
42 -545
696 1620
2371 -2411
1753 -1780
2466 1388
1781 1124
227 -2273
-1567 -2495
-1734 940
1727 -1200
514 1189
-111 -1106
-1105 -750
-1049 -230
-159 -1054
2193 2139
1367 -450
2492 531
-2217 2080
424 -2509
752 -2352
778 -2511
-49 1761
-633 315
-1712 -24
660 -681
-912 -2589
-209 -565
2119 929
-953 975
-709 -1848
-2017 -356
2108 -2091
-371 212
2562 -1528
-838 -1665
-1174 701
-2210 -968
584 -2576
1076 238
-930 2063
-1812 182
-1002 -1082
-2062 518
1374 2518
36 -1132
1788 -2083
835 2080
444 635
1169 2491
1405 2443
-347 -1139
1921 -661
-1554 670
2619 2296
358 1908
739 81
492 -481
-326 1343
-2360 -223
2568 85
-1962 867
-1515 1990
777 1864
-816 -2554
-2573 408
-1609 -1008
64 -2201
-443 -2274
-195 -722
-2482 966
-295 2358
498 -1948
-1381 2482
-4 -957
1274 -893
-1658 -1861
2059 -1388
-114 -710
1340 -2353
2479 770
2008 -523
-604 1825
2619 -1018
2110 -2646
-1919 -1243
1734 1748
-1754 -2233
-2007 -1852
2239 -1132
-2073 2119
2411 -927
-880 -2230
1054 2374
-1380 -1324
875 -2529
-1888 -74
1878 2111
2539 2345
-1234 -942
-284 1610
740 2067
-1538 2087
1508 329
2615 1504
-2148 1667
2633 -6
-2023 2506
-1681 213
-2424 -1991
994 -250
-2526 -1574
-2476 1578
791 -1407
1610 -1916
-1423 -1602
-1249 -428
23 1977
2196 1088
-2177 -2395
-361 -1642
-370 -1476
-2311 1588
1034 2005
1913 -2387
-343 2349
1666 2255
45 1227
68 -1797
938 1009
-2254 -2000
2640 -55
-954 -2490
452 1142
-560 -444
-765 -164
-1490 -1374
966 -795
-1474 -2236
-1891 748
-965 1381
-135 357
2396 -2607
1637 -76
-1096 -2268
2086 -1362
-1617 -2592
-27 -1497
1233 808
2074 -1850
-1110 490
-176 -1436
2100 2034
-549 688
586 -2201
1617
-7 1878
-3556 -1844
-1327 2253
-147 -3518
810 1311
-100 486
-3805 -1202
-1688 2649
-1903 2597
2517 1731
-3549 -2125
-2891 2708
3109 -3228
3542 3567
1151 -1107
183 1659
797 -2782
-1780 -3081
-1254 117
2304 137
-227 1117
-1638 3163
-74 -1143
-495 994
1890 183
1937 2092
-2375 2398
-3097 622
-2999 -1340
-1575 1848
-2028 -963
-3490 3166
2452 -3271
2893 -2357
-1650 -1896
-3142 -1564
3100 -2636
1707 3150
1005 -269
-3439 -1803
23 3384
2577 2002
-1755 2845
3506 1183
3451 2375
2273 2779
-866 3198
3335 -3723
-999 64
-283 -2762
337 -3295
3470 1872
-1814 1968
-2166 -579
731 3457
2660 -1115
-915 2626
-3463 -1689
785 -827
-1408 -1101
990 2593
1681 906
-3102 -1699
-314 2611
3816 3842
-314 -813
-3488 -2852
-3344 -2280
3548 -2723
-1627 -1742
-1042 -3242
-3762 647
-1241 -261
3309 -351
1010 2793
-1153 -3275
-161 -1186
-2938 3747
-2708 -595
-3091 389
-626 -3715
1941 1775
-3283 2062
581 -87
2021 -3657
-3066 2955
-2575 -442
-3492 2566
-1374 2533
-672 1571
-3283 -3491
3290 1690
-2886 -2102
-1644 2537
2632 1507
-2294 -2441
-2265 116
-2354 3244
-2179 -1366
-3192 2743
3690 1650
538 -381
3447 -2306
2705 3111
-2551 -739
1223 -1391
-3420 3254
1678 2126
-2046 -3271
-1729 3200
579 -2150
-3288 1317
2950 3386
964 -1272
-171 -1548
3045 -1354
-1090 -519
-2668 -498
-3490 -1343
1841 646
1529 2711
-2658 -721
1748 -3457
1933 -3796
1636 -882
123 2508
1975 -42
-932 1442
2007 1573
-99 -3699
-473 -2255
-208 -135
3318 -1286
-2518 665
2249 3684
-2159 -1226
1677 -3401
-1567 -2791
514 -395
238 3681
-109 -241
-2157 -1702
1353 3676
1361 2186
-121 1375
2731 -3543
1313 2684
2726 -2603
-874 712
1062 662
-2156 -2358
2348 2724
-2302 -1575
-1301 -3356
3424 1667
-2198 -1751
11 118
2100 -1307
-2298 -1049
-3357 283
2330 -2594
2699 687
157 -2750
1354 2885
-1648 670
3085 -637
-2317 -161
-810 -1804
1475 65
3098 3458
-1580 3709
-3554 -2377
-2735 -3223
914 -1512
1000 3412
3326 -1473
-2501 3636
-935 -2741
1721 2526
-1120 3238
51 -3159
-2285 467
-102 -3560
-1085 2930
-1595 2562
-1944 1257
-1272 1288
-1369 -2640
2745 2506
3329 3769
3668 -194
638 27
2967 -2970
320 -3822
-3065 -1523
-987 -1004
-1223 -347
1244 -2934
3837 -3096
-608 3681
-3436 3138
2210 -2484
3098 775
1560 800
-1738 -1050
1404 619
-2209 -2231
-720 -2710
-2335 400
2981 2094
-3203 -647
-2069 -3046
774 -1105
-429 -3356
3728 -1804
-3560 3661
-2621 3411
659 -2801
3357 -2769
-1058 2074
597 529
2184 -277
3275 466
-1225 -1911
3142 -130
-2124 1757
2462 -2815
-3816 3365
-49 -3215
-83 -1539
-1233 727
1967 3116
1718 2195
2273 3390
1260 -2029
2076 -157
-3527 -2273
2545 -1101
414 796
3840 2332
2049 1564
2033 -3654
101 -3618
-1928 -3039
-2288 -1688
-754 2898
-3730 461
818 -2000
-1014 -588
3574 3005
-2715 -3713
-1290 1630
871 3012
-421 864
2578 2492
-1067 -1162
2783 -1019
-352 -3176
1792 -393
1805 1593
-548 2263
3106 -763
3593 -1789
3380 -3635
3219 -37
-2001 -2007
-2805 3144
-2680 2185
-1653 804
-1734 343
-3731 -3003
-3492 2284
-837 -273
-3684 1078
-2558 181
3213 -1982
-400 -2956
2820 684
-3060 1164
-735 -3159
2092 -2732
-2128 -2251
-2559 -1727
670 -3835
696 -3717
-631 1043
1434 2076
-3487 -3774
-1518 -339
-781 261
-3522 -554
-3588 -2296
-2865 -478
-903 -486
-1845 973
2261 886
-3830 -213
-3587 -2883
-1675 751
-1995 -3591
-3782 -308
901 -1808
-860 -2205
3414 3259
-2288 1930
2935 3778
-2446 -683
-1996 -1394
-3442 -484
1765 3307
-2398 -2215
-1555 1720
-1416 -2820
-3719 -627
2178 -3331
-2160 351
3638 -2739
1170 122
-2911 425
609 452
-376 -397
-1836 2018
-415 3503
2155 137
-2200 -3560
2836 395
1309 -2955
3444 141
3547 -1301
-3375 -1367
-2228 -1329
1916 -2524
-3041 -3200
-2276 -1459
-1276 -2545
1621 1849
2430 2277
-3240 -768
3807 2415
-1676 -1555
1642 3184
1082 -393
-519 -2381
494 -2993
2958 2036
-1863 357
-1057 -3670
-3421 3299
-2718 2210
-434 814
1752 1371
1774 -2867
-1417 -2870
-315 -1249
256 1386
3051 -651
-625 -3215
3034 -775
-1536 1122
1423 1138
2494 -246
565 477
2542 2241
2147 586
803 -1136
518 -1248
-2885 1489
-1831 -347
-3681 -609
-936 -859
3776 227
2037 2406
1836 80
809 -2209
3447 -1917
-3780 -1597
1326 747
2056 3422
-1689 -3247
-3176 3250
2493 2484
-306 -1386
456 1388
89 -2572
337 1000
-1563 -2698
-934 -778
1621 -3564
-1828 -489
-1253 -1876
-1590 2773
-1432 1614
-2517 113
3135 -3533
1117 -2435
-764 1338
-2763 2787
-1389 3694
-525 -1648
882 -2552
-847 1793
-2088 -1284
556 -3600
3743 -3830
-3092 2315
2996 1668
1310 2769
736 1711
-2528 -3687
2735 -2472
3620 1002
-2923 2524
2166 2865
-2424 1299
1376 -926
-3615 -3189
-51 2790
3716 701
-151 -1044
239 -1891
-2457 -3248
-1592 443
501 -3683
-2530 1145
-670 2976
1745 3169
-272 -1766
-986 21
3437 -2038
-3429 1466
-2901 -1763
2457 -1367
3190 -1174
-1250 2867
-1955 -97
-1750 -1039
-1574 -1303
-2494 -435
2541 -3244
-3768 977
-1595 2536
-2068 1666
1565 3164
-397 -2824
-619 -727
-3194 93
-617 -1347
1446 -2865
-1302 1787
-958 2868
117 2508
2763 2585
-1143 1980
2983 -3465
-2736 3219
-2015 -621
-1188 2966
-3150 -792
2623 3681
-1719 2898
-3238 932
2982 -2294
-1582 1271
-3004 -1695
3621 3275
3612 1683
403 879
-1282 1058
-177 -2492
-1461 -1324
1299 2205
2662 1458
803 -3602
-551 2021
-2469 2272
-1053 -1489
-2030 1302
-1433 -2053
607 591
3072 1955
-1854 2328
-1312 -3516
156 -2443
2472 2648
-232 -124
-1583 -953
1883 2423
2266 -2437
591 -3028
-2709 -2937
-1277 3162
-867 3834
-3377 -1094
-652 -2898
194 -3224
3741 984
774 -2668
-199 3811
28 2609
-204 862
2769 -1110
1583 390
3666 -2740
1641 -1071
3132 548
-1028 -743
-2596 -555
3596 3168
2661 -3459
-558 1078
264 1694
-2857 1245
-1811 -3244
-3124 1133
1543 -256
3262 3489
-2818 1040
1495 -860
1294 -1528
-2377 1073
1133 3673
-3430 -3345
-3102 -2388
3522 -1739
1961 -3700
-2339 -2729
1939 1749
-1366 -2995
-582 1773
3293 -2939
1185 2357
-3838 1212
2114 -413
-330 502
2650 2688
1337 3031
-625 -167
-577 589
969 3620
1838 -3539
3142 -3519
-2783 1518
3720 2202
-3381 965
-95 2401
952 86
2759 2012
-1995 3804
1194 -1545
3456 582
937 3767
-1198 3567
-2435 3294
2456 -169
2246 136
-2071 2843
433 2481
3514 3013
-1725 -975
-1643 -183
-3217 757
1696 -1746
-3101 -830
-1718 -1675
-1919 1776
1328 1082
1225 3482
814 1604
-1564 -3474
1969 1378
995 -2355
-3096 -3253
661 1232
3659 -2494
1632 3196
2996 2797
2519 300
1643 -3496
3490 -566
-2971 955
812 -566
84 229
517 -1349
-2607 -3206
2935 2859
-218 -1800
1741 1350
-2456 -845
-2945 -462
-2814 -176
1451 -2278
-1515 -292
-1658 2116
-2749 3449
3656 1985
3723 881
-3714 2129
1910 -3598
-3072 3649
-3192 503
-1694 346
2426 663
-607 -281
-2211 -835
1779 1299
-799 3299
2192 -2788
-2765 -2045
1256 3336
3532 539
650 1258
3782 -1380
1364 953
-2773 3247
712 2430
-82 -1707
1659 2503
410 -3598
-2175 -2075
-2503 -2523
-84 -2786
996 -801
-548 2448
3306 -795
1640 -2797
-3684 -2549
-3526 882
-2867 3183
-3631 -2050
-3450 1392
-2392 1230
2287 -79
1172 -586
-3758 -771
3506 635
3266 1928
1431 1009
-2359 3064
-2623 2889
-1522 343
3066 -53
-2675 2166
3758 1516
2177 -1521
2098 -1069
-1051 -2193
2404 1605
-2392 -10
3513 1123
-1250 1141
-3247 -930
-3333 2442
3791 383
3778 -429
2772 2668
-1076 1749
-2908 3106
2749 3583
-688 -3644
-2760 -2344
2394 2694
322 1010
1824 3448
2108 753
-2737 -3198
2258 1764
440 -1239
0 -1913
-552 1515
-1172 2626
3282 -3220
-729 730
1127 -3498
1398 -3670
-890 2950
2645 -2514
-2154 1609
-2622 755
-3193 2827
991 1686
-3511 3823
553 3320
-2851 -2936
30 -454
1720 -1022
-3621 3451
-963 -3082
-2645 -933
1337 2825
900 -1757
-1830 232
-380 3020
3497 1785
-711 -928
1815 -2463
2725 -2608
2628 3454
392 -2453
2170 -3216
-3808 -72
-3696 -3831
-749 -2463
-885 -3179
-3779 2700
-650 -3240
613 3799
1706 2707
-2471 710
-1440 -2309
-3502 -444
-1053 2958
91 796
-2708 -494
395 2019
325 3292
3634 -3523
1966 1170
-3521 3432
-3722 -2850
1544 184
833 -2825
115 1808
-1840 -1667
-567 2602
-1537 89
-1285 -3517
2847 -2961
2828 3766
252 -1047
-2658 2251
3297 -3639
1608 3476
-3154 3842
-1867 -940
-2916 2227
-2200 188
-441 -1486
-941 2156
-1054 -3415
2151 -2550
-975 -2224
3198 666
-249 3287
1708 -2222
696 3269
1588 -1384
3825 3802
-1857 1642
-740 -867
3719 1226
3415 2523
2129 1524
179 -1619
-1943 2085
-797 3316
3784 571
-965 1084
2976 -1077
3407 1450
-1184 -3493
589 923
-790 2884
-3397 3747
-1470 3211
-1142 103
-862 3444
-539 -3409
2392 -1541
-454 -1189
1 3169
2262 -2623
-186 2928
-1208 -1687
740 1124
2915 -835
3 -1451
-1801 -3249
-2148 -1212
-1734 329
237 -2598
3735 -1276
1849 152
-752 -1939
2872 2438
656 802
1846 1676
1977 869
-1257 2878
276 1722
1864 -729
2672 1387
-1831 -1002
1457 2438
3022 -1611
-3495 2479
-139 1596
3285 -2137
-806 -2463
-2618 2001
-1195 -1767
512 -2915
-995 1856
399 -1909
-554 2449
-1548 -1235
118 1882
-3328 3801
294 -1249
-2336 1682
2916 -646
-2578 -2990
2044 3564
1688 -3562
-1969 -1477
-1295 -466
1644 -3521
3622 2687
970 -2758
-604 3639
3544 108
3556 3556
-677 -3520
-1224 -1366
-2433 1183
1343 -1321
-1791 -2689
-1100 141
2001 2631
2389 3515
581 -2454
-1001 960
-2264 -3811
231 -723
1937 3423
659 3662
2472 1988
-2393 -2483
843 -1730
1036 658
31 448
139 555
-1262 -2440
823 2564
-155 -3599
1096 196
3119 98
3763 -2108
77 2703
1734 -1236
301 3410
-3270 3227
-1934 2637
1082 -2094
-3742 1462
472 -2170
-3342 1679
1927 3129
-45 3377
1915 -852
1022 -1282
-1932 -2765
-2941 -1752
1025 -1403
1127 -3544
1592 2902
-3780 -1802
2556 -830
-1454 402
-776 -2143
-1133 1406
2232 -902
3004 -2520
2928 597
-744 -3209
1971 2032
-1585 201
1253 -3283
2867 982
-2996 -2337
2627 -1971
-1183 -1504
-1200 -2215
-307 648
-2604 1512
782 2748
-2597 3240
-1055 1456
442 -2130
-2071 -3750
-2628 1285
3797 -3011
-1740 -49
2688 246
-2860 2858
-1990 -1897
3284 3826
-28 -2330
3774 -345
-2079 3521
1325 -1917
-1976 -1912
1590 -3286
2637 -1242
2215 3350
2167 -3626
-195 3182
-1036 -706
1689 -2501
-1343 3458
914 479
-922 928
-1834 2866
3078 -2388
-2431 674
316 -3632
1985 2518
560 2953
2224 1399
529 -2568
-2008 1564
1597 3579
-3675 3384
-2092 1240
-2381 618
-1405 109
2825 -1999
1916 3231
-1731 3290
-838 -3722
-3433 464
-430 -1983
-2430 -3474
-187 2611
2332 1883
-2062 3265
-3217 35
-1408 -490
-272 -3722
2313 2286
-163 -1336
-3021 -1357
1868 2164
-2744 2279
-2114 -2307
-347 2047
426 -2669
-1521 -2600
3406 -1066
-407 2153
-2496 -2005
2026 -2571
-3214 -2064
2900 -3717
356 2021
263 148
780 -2688
3148 -1584
-3568 -643
-2722 -1971
-108 2081
-3254 -3699
-2425 -2055
-3617 1210
-2008 2692
-2808 -3047
-2762 -2679
2015 -415
-1724 -2978
-2580 -594
-1668 1431
-1662 -3273
1058 -1345
-1229 3656
81 -2514
3290 2452
3411 3592
-1962 3770
1586 3501
-1826 -845
-2084 3706
3039 -1274
2459 1947
-3837 -488
-1262 2323
2900 1203
-701 2738
-2802 1914
2605 2753
2467 2574
1211 -3027
-1984 456
-2816 -3474
2724 -1004
-970 -3453
-2256 1670
3631 2812
1570 -2309
-1414 -3204
2236 2887
3391 1288
-863 -562
-3682 -3744
3416 825
2880 2378
465 3384
-1423 285
-3052 2086
1270 -3768
-2655 3525
2809 3447
2473 3719
2603 3327
-108 -1186
225 -216
-1276 -8
279 3388
-1889 -485
3616 1679
2466 281
-1768 2797
2992 -680
73 3714
3698 -1311
1641 -86
728 1546
3077 2942
2102 978
2487 1799
-7 225
3674 -1741
2409 954
678 2849
-1015 -3450
1327 -1990
-1383 1069
2792 -1986
-2547 3651
2717 1536
-354 2678
2894 1384
982 135
-2409 3507
3305 -1692
948 -1096
-465 401
-1254 -1927
-899 -3697
2633 -1252
-2605 1722
-1931 -3171
2305 -2758
2740 3603
2571 -3178
2794 -2228
-3156 -3353
-2985 -339
790 2489
-2773 1249
-529 -3175
3192 -1051
-3145 -3254
-763 1070
-58 2435
-261 -248
3507 -2915
-1673 1197
-3362 2635
3784 3550
1055 387
1083 3472
2208 -61
3346 2310
85 -231
3284 2870
2180 3108
3102 371
-1489 1345
2598 759
103 1650
-3072 -1453
-1766 -159
2513 -1940
3653 581
929 -3165
85 -3705
2790 3066
-466 -876
731 1750
-3633 -3450
7 3045
-395 -2855
2786 -1507
2571 -1001
-2373 -2841
-757 -2167
2204 1702
1975 1371
-3017 744
-2496 3219
1522 1160
968 1310
1885 -1411
-1838 1326
-2140 3426
2375 3347
-2736 2907
-3524 -3003
3432 2553
-1786 3811
-3402 -2622
-1144 3660
924 -3120
131 -1144
-3188 -364
-420 49
439 2535
1476 3755
885 1405
-3575 797
-1301 1382
-167 -2548
-2317 -1574
1046 -181
-2275 3376
-1195 -264
3196 -1372
3057 -2627
-1021 -3757
1013 3778
1645 2996
-914 -3780
2564 1908
-2098 92
2658 -1226
2557 -1770
2467 -3491
-3286 -2268
3268 607
2856 3535
-3428 -143
507 -3446
-2000 697
3154 -1405
2293 -2764
550 -1442
1206 540
-568 -1641
398 3165
626 -3356
-2969 -596
-1253 221
3241 1548
-2490 -3799
-3610 -2073
1228 -2074
-1814 3142
-963 3564
1944 1661
-594 -3817
-1465 -394
213 3056
3811 -632
32 -2809
2752 -2588
283 2238
2402 35
-408 781
1744 -3705
-1456 -3443
998 -2491
-2176 915
1457 -1228
3447 -2612
-1026 -11
-1821 2719
340 -2602
-1364 2340
3120 -3347
56 -761
1806 1565
-2739 -1824
2197 -2840
2270 714
-3212 2658
-563 1165
2984 61
-3322 -2517
-2865 3454
308 3380
1287 -149
-2140 1079
-8 -1264
-497 -2595
2432 2301
2998 -3301
-1963 -2027
3470 -1052
941 -3346
1770 1248
3585 2392
1760 -3530
-216 -3365
2252 1353
3192 -1687
-1896 3618
-73 1365
3189 3049
-1201 2207
-2261 -2167
288 678
2460 3480
448 -1672
2791 -1761
-267 953
2473 1684
-613 1437
-2907 -2430
3097 2188
1900 -1462
2710 1305
-3440 3128
937 -1474
-2398 -860
142 1736
2820 -2485
-3228 -3053
1800 3249
1707 826
2231 981
-1621 -3667
-571 -838
-3361 3831
-118 -1714
-2191 -3558
2364 681
-2545 729
3127 2563
-693 3714
-3697 -135
-1960 375
-1243 -50
1752 -2224
3412 491
-30 -2866
-2089 -3301
-103 -1490
2132 3021
-272 -2968
-304 2542
-1502 2995
-2234 -3670
-1498 -3537
-2421 2319
3815 3014
-1960 -1226
81 2559
2010 3551
-1369 -111
422 -1855
-1990 -591
-482 -2453
3244 -1496
-1976 2857
-709 1284
2934 -1714
753 -3455
2312 -3366
-3433 -868
1957 760
3466 -3596
-3751 -601
542 -1587
-840 2667
-1706 -2558
1017 -2313
-3290 -1297
-3555 -1631
3112 3560
-65 -997
-2318 -1903
6 345
-2279 2186
717 -1068
-705 -2969
2795 1522
-1993 -1174
-1274 1687
3346 -3491
-621 132
-2855 1944
3664 -2822
-3382 435
-1429 -149
-2199 697
-2789 -426
3611 1233
2100 -1819
-3200 2850
-2920 -1252
-2583 -2910
-2247 -1952
-2412 115
3627 -166
2697 146
-2482 -2897
-3116 3318
-3407 -1331
-2237 -462
-2038 -1684
378 3038
762 870
3322 -1560
2533 -572
-3776 1867
767 -2745
2569 1345
-142 1056
1235 3323
3372 -987
-921 2937
-1922 -2488
2163 -1177
3399 3597
-1068 -281
-2482 1783
1104 301
1679 2736
-615 -1356
-3812 -92
-1258 2122
1597 -1375
-2892 -246
-3661 -603
-1711 -1154
-1515 -2629
-3207 -2098
-186 -3309
-2295 -3727
-842 1461
3113 855
1292 290
-865 -254
-691 -1217
2982 -2401
2030 -2793
1262 -2660
358 -36
804 -761
1039 -806
-1422 -3728
-2789 -1696
2906 -1124
1986 3092
955 -1864
-1926 -3591
-874 -2650
3344 3199
-629 2039
-1774 -616
-68 -3203
-3273 -3277
915 3668
974 990
-3369 -100
3123 3268
282 -379
-2696 2681
-2138 -2944
3600 2638
1237 2270
-754 -650
-1256 840
2077 -668
2503 -2407
-3839 -2930
2511 -2356
-2478 -1726
3154 -2635
385 3187
-1319 1263
-30 2040
-1980 -1126
529 -1607
2753 1342
-3478 7
-3397 3520
936 1263
-1518 776
1527 3251
-1352 157
846 3246
-2660 2750
-2189 641
3232 421
-2310 1950
-3052 -1982
-1247 3064
3213 -1358
-2150 -1851
-3160 -2359
-3772 242
-3528 -2637
-1645 2593
-2424 -1421
-3301 -191
-1293 830
180 1946
2918 -3601
-1953 1148
-234 -3112
-1289 2659
422 1913
-837 -2535
129 824
-496 1504
2422 -2530
3427 1202
-1846 -1014
-3165 2375
-3153 -364
-1931 1706
913 -3720
-255 -3623
2465 -3268
874 -2905
-3829 -2056
2171 -217
2258 -3670
-1363 1943
2564 -1646
2021 3047
3088 -3079
-1390 828
3739 -175
-1460 414
3721 2792
2496 714
2113 -3409
456 2548
186 -2967
151 -91
-1079 -813
-334 -3115
437 -3129
194 -1562
2481 3596
3231 2293
-2240 1861
2078 -2331
1696 -2756
3058 1425
-2619 3795
1009 -331
-2067 -3417
-1659 2602
1364 -1990
-2789 1924
-210 -1021
1192 -350
305 -684
-1753 890
3806 -2928
-1264 3622
348 -945
-3046 -2265
1012 111
3001 780
4 -1472
587 -473
3123 -2443
3636 -1708
2059 -1526
2513 -3289
252 -1010
-1727 1281
3412 2038
-1424 1982
493 915
-483 -441
-833 2490
-1549 -3153
-611 -1714
-2619 -1724
3708 -596
2147 -1101
1581 -709
1921 1096
2579 30
2334 3353
3784 495
-3518 1726
1394 -351
792 -2240
2115 -2046
1755 -1397
-1946 3499
701 -2135
-2107 -3530
-3102 2788
2576 -2973
1812 -2225
-3473 -457
2376 1769
2097 -687
1509 712
-2787 434
3229 -2186
2973 -2703
-3397 -142
-1669 -616
-2260 -3530
2676 -1618
-157 3409
177 -3414
-3019 2648
500 3409
2795 -1659
-1145 -860
-1179 -2068
-3728 537
-1037 3206
704 -2085
1983 -1380
-3173 2177
-1042 306
2323 -279
-874 -427
-2331 1991
3114 -1966
-43 -106
2848 -1603
3404 1217
3043 11
2487 2990
-2996 -2684
-844 903
-3045 -1240
766 2071
-732 -1227
-921 2854
-2171 -2974
-2931 -2943
1107 1092
3669 3633
-2627 -1846
-2420 3070
2952 -1738
2549 1535
3481 -3061
2564 2129
1009 -34
-1191 1722
-2966 -2278
208 -2863
-216 -3844
-978 2571
691 2559
1326 3044
3681 -2995
3657 -1207
-1120 -1540
-637 -666
633 528
3026 665
1200 -1798
-62 905
-1888 3517
-500 -3020
1148 3048
357 3644
-3401 -3195
946 -1962
2637 -1034
2202 -2529
-1605 -649
1412 114
-488 667
-706 -2590
1943 3334
-2793 -3687
149 -1852
-139 -261
-1195 -83
3808 698
-541 -794
-1928 -914
-2210 -1891
-1951 -1471
1350 553
-3148 3156
1388 3267
906 3489
2713 2565
1809 1703
-3817 -1731
-3535 -2621
684 -539
-1312 -3039
-3700 -181
537 -1273
3470 -72
-3612 786
-3233 -2464
2511 -1256
-2277 485
-183 -591
-1086 3591
-713 2602
-2682 1684
1576 3415
2635 -224
3147 -1523
424 -623
3216 849
-534 -118
-1332 -2264
3327 -534
696
-2078 -897
2249 1773
1174 722
-2230 -1915
1986 519
1967 2854
1019 -2651
157 530
-1993 -815
-2755 -1221
-459 -1439
-235 76
2518 212
-2594 -2189
-2574 -2405
-1111 2619
198 -161
1122 -2116
2494 -599
336 1293
1221 1090
-1077 691
896 -2868
2819 268
-812 -231
-2810 -2687
-1902 -1639
-440 425
1540 2146
702 -493
661 -1038
-904 -377
-1083 -1178
-148 2896
809 553
-2700 2939
2170 -128
-1041 -290
-1855 1625
-232 -1439
-391 321
2092 1985
2717 977
2480 -239
-1506 -1368
2695 -241
2835 -1145
-1378 2501
2739 -2182
-33 -414
-2206 -1147
-2374 -641
-2963 -276
-327 2395
-1201 234
1572 -1243
2498 -2787
166 1830
2319 806
-2998 -1122
-582 -2873
-1343 -2822
-1877 -2660
-1920 536
-2798 966
-150 -812
-2074 -1191
1149 274
-1578 107
2954 -2855
-1701 -1234
-2222 2872
-599 -1274
-1049 551
-870 2406
-2962 2515
-72 -1410
-1983 964
-1800 2200
750 1566
1722 262
514 -2829
-1986 747
-2671 -1108
-2654 -2664
1604 1935
2863 -877
2308 2398
1718 571
-1784 -1656
-2159 -601
790 -350
2992 -1706
2476 -2570
1489 -247
-1002 745
-1951 2831
-2505 576
331 669
-966 1443
-2372 661
2388 116
-262 -1253
1216 -1609
493 -1454
-1706 1414
-312 -1885
985 -1461
1414 752
-948 1103
1207 2235
769 -964
69 -1473
1519 1457
-2460 -2807
1141 -268
-1674 -789
-2885 -236
-842 -24
-255 393
918 1077
812 2792
-1812 -1440
579 1183
1335 2784
278 -2904
-1455 876
403 -2583
2562 803
-2689 2353
2096 1755
-1639 2985
-1545 -2743
-2815 372
-1847 1436
-1368 1855
1717 -2483
2560 -1876
-541 -2235
-1322 844
-1660 -101
-86 -241
-2732 -1492
-1568 76
-722 2362
1790 2873
-460 1906
-1580 904
-624 1903
-110 -2721
2260 2457
2349 -732
-1770 -2830
1489 2971
1962 1338
-1508 -2610
-945 -2968
2924 -447
687 506
-2665 -2092
1525 -442
270 -2309
1881 44
-204 -2037
-529 2540
2897 199
2425 1483
36 -1868
-2263 -203
1854 2852
-584 -2473
-905 2498
1485 -2814
-1945 -955
1939 -416
-1769 127
1408 -782
1576 1878
535 -993
970 1418
-1641 1705
-1333 2319
742 2977
-2168 2563
108 2525
-1757 -2099
-2818 2398
1489 2476
-302 2134
-2818 509
-2277 -1488
-1072 -577
-2660 1093
2713 345
1655 209
1122 -2152
-438 1839
574 2632
220 -2619
-2989 -627
2722 -268
-498 1351
-2231 2991
-1297 1302
-1523 1568
-2338 -272
1359 -1816
550 -1052
23 -1246
431 2866
2985 2618
2401 2270
1561 2763
779 1260
-1454 -981
867 -764
-919 -1819
-14 -2499
1294 176
-351 -2854
2506 -215
-578 607
-440 2658
-1032 -1675
1696 -1860
856 712
1876 -2209
2169 -434
-604 1610
-2566 -1516
2889 -1450
455 1785
1772 2901
-1934 599
-950 500
2407 2961
-2312 810
737 -2938
442 1435
-1676 798
-624 -991
-613 -1336
-2398 1840
-1308 -2530
1680 -843
1698 -1671
-1032 -2510
1248 2791
675 2907
1163 -376
1626 2669
2833 -795
-2859 -2116
570 2538
837 -1214
-1192 -2403
-1929 -2912
-589 2824
2272 -821
-2574 516
-493 2388
-128 2333
-46 -907
-1634 -2624
-2125 -1376
1407 2577
-2907 -2601
632 1254
2565 2748
-2306 1882
-1372 2331
522 533
-2854 131
-1964 2721
-2206 48
-731 2298
2003 -1066
-2336 -1115
38 367
1917 -234
-1022 1983
-2102 -1923
-856 -1724
1773 1629
-1208 -2071
-2119 1850
-735 31
2756 1930
1811 1568
-1176 -2262
2324 -869
-1764 -1973
-1990 -1514
-1722 -1772
-1292 -2388
1858 489
51 2871
59 -2916
2940 -2884
-2860 -2876
2034 1060
2798 -489
2766 -2827
2566 -1854
-136 2740
-2588 -1633
-1439 1326
310 1601
-1858 -601
2699 -1506
-2673 -1172
2427 187
2851 -2674
965 -649
-2271 1418
916 -1201
-1467 1117
-2094 -234
-2942 -1885
-394 352
907 -2906
-2825 2729
-81 -1584
-920 -934
-69 -236
2456 -2526
415 1813
684 -1085
476 -147
2590 -599
16 990
335 641
-1675 2167
397 -1344
-888 1398
-1514 2204
-2622 2978
-592 -2681
-1726 2285
2612 2735
1579 -1731
389 -1529
2671 -1412
-2938 1909
100 1723
-1348 -66
-891 3004
-179 -1130
2186 -907
-2189 861
-2457 2869
2454 1076
-1403 -49
-2277 -630
1467 231
-931 -540
706 -1009
-1437 1669
1709 1059
-446 -2453
2531 -776
666 231
1323 2248
2187 1198
-1990 -717
-2299 -1406
-32 -1402
-1330 -47
-2970 2128
-1666 1611
-1113 295
601 1198
-2019 -1603
-2449 -1289
-420 2856
-234 -1884
-459 2423
441 774
-1136 1830
1231 -234
-504 352
-326 1042
-200 -1241
-688 1469
-1349 592
-588 602
310 1450
-988 257
-742 1898
373 2540
1498 1615
2886 -2700
-2926 2578
2748 1100
2427 -2406
-1100 1744
1552 -1321
1789 -279
-102 707
2195 586
452 -678
-2326 1323
-154 -1820
-503 2795
1590 -1449
-571 491
-1180 -680
-687 -461
474 -267
651 302
1731 2445
2169 -2204
-2315 -2289
8 -552
-972 187
1203 1035
2121 1203
-743 -1491
2614 1774
-1939 2862
243 1328
-2056 1375
170 46
-741 2044
1746 1140
1276 -1817
1717 1419
-2287 1852
2687 1867
925 1652
717 781
-1134 1674
882 -2519
793 1879
-924 2608
2056 -1034
-748 1954
2519 -1546
-2497 -579
-1471 711
859 -1513
-2650 688
1757 2124
2793 1863
467 -122
375 793
-3 2782
-1853 -2299
835 -2555
1662 -950
2038 1918
624 -2472
813 -1058
2086 -834
-294 2755
-1837 2686
-2459 219
-1836 1863
-693 2561
2118 -380
-1925 -399
-414 2316
-103 -648
-2141 26
1210 -1638
2996 1405
1249 -501
902 -1213
2609 -2765
540 -670
-496 -2392
-1105 1334
611 650
-1190 157
-1678 51
-1668 2312
1694 2810
665 -2100
-1470 -2687
-1156 1583
-2574 247
-2606 -798
-2655 -1675
-1216 -1747
-279 2788
1308 -1371
-868 2992
-1530 -113
1798 -1925
2829 -2725
1523 -1178
-1639 -571
-375 -1576
417 -1543
-1772 -2952
-2634 -1974
1671 -1479
-2047 -2134
1373 -315
-2327 -1016
1893 856
-1022 -1932
-759 -2198
-1765 -1079
1564 2239
-390 1365
1258 1553
-2433 -498
-1808 912
-198 -1116
332 -1549
-467 1911
1156 210
2334 -104
2369 174
-2181 -926
1274 -1442
-1996 2700
1430 -1806
486 1017
2578 2161
1292 -827
-505 1054
1714 -1788
-219 -1177
2459 1990
-390 -840
-2404 197
554 -2767
-888 166
-151 -1332
-966 1717
-841 1198
-2145 -1243
1251 -1027
-2743 -1151
-2034 76
-1662 1592
811 -2004
546 -1165
2298 1198
484 -151
-2772 807
-1162 2649
-939 -765
-1975 -1060
-1670 -669
-2011 2178
-1872 1993
782 713
-848 890
2299 -1563
2356 2620
1551 -266
-1591 -2223
-39 -69
2533 -1435
-1112 -882
-105 -1510
1195 654
576 -2163
-2769 -89
1974 1910
2000 307
-2339 1702
1033 -897
422 -262
2474 206
2690 -1530
1436 1827
-2326 -2660
2844 2533
-1768 -2235
-1430 -598
-1406 -654
1939 -2436
-2450 -308
-1695 -1355
47 -1397
2788 443
1692 989
-272 -713
-1333 1063
-1115 280
1224 -87
1896 -2889
1406 -2382
449 -1978
-1397 1561
1564 2061
-584 -1330
2835 1667
1459 1220
2107 2886
-1022 374
1270 -2210
1131 -1159
-378 1583
727 1278
-1078 2161
-2038 1824
-282 643
-664 1693
2502 -2053
-998 1668
1968 578
2500 -2642
-1377 751
-2563 738
-381 -468
-1444 -971
-1602 310
-1605 1071
-2986 -2805
535 405
-1097 -965
-2292 -1446
2529 -1932
2038 -2329
2932 -353
137 -2005
419 -1664
-1383 831
-465 -1364
2546 371
2369 1597
-78 2598
-2166 2480
-669 428
1661 -1364
2109 2238
-2621 -489
-74 2354
1438 -1817
-1965 2636
599 -1845
509 2654
2834 -970
-668 -2423
-1771 -1649
170 228
180 1233
-1963 -2787
360 -906
537 1385
-1919 -1087
-2630 -1977
-2593 2967
-1642 -2128
-2833 -2290
367 -382
-705 -2984
113 990
743 1854
824 -953
553 999
545 -1160
408 1374
1557 -1083
2549 -2436
1294 1395
2716 -1895
597 727
357 1853
-466 -2403
-2511 -340
1147 -2874
1334 -576
-2871 2718
-2695 2359
672 -1167
-499 2285
-1433 -2109
789 2916
-321 1974
-865 1060
-1193 -1147
2269 -2166
129 2768
925 2578
-1740 -2858
-2605 -2098
794 -1604
2710 -287
312 353
-2995 -208
2566 896
781 -2973
-2543 -88
51 -233
-1709 -1082
-1170 -2346
-990 -307
-1697 151
-1595 -2363
-2470 -1646
63
-5879 2299
3614 -2567
309 -5875
-4748 -2820
-5206 3241
362 -3435
5319 2820
-3537 48
72 -326
5058 -4539
2974 -1916
-5227 -3792
-1042 -3607
-3453 1163
-5739 -1789
2452 -5210
5748 -3440
5183 430
1646 5613
-3274 -2561
-3577 4098
5521 5429
4154 -466
-372 -401
2502 2525
-5355 5359
86 -2617
-2071 -2576
1312 3037
5508 -4505
-1122 -5533
-3271 -1342
-528 -5161
-2118 1433
-2964 -1013
4480 4309
-5226 1902
140 -27
3266 4831
-5642 4679
-1319 4427
-5282 2334
5204 -5878
-5669 -896
-1454 3913
3741 4487
842 -1906
4254 -4421
-1510 -4100
101 5406
-2207 3621
5763 -3771
849 626
4533 1776
2083 -3391
4891 1574
2812 1968
188 81
-3438 -5762
1996 964
1699 -3410
123 -1441
-4861 4645
1733
-1800 -2945
-6078 4978
1993 -5321
3204 -5926
-2182 -4437
3694 -5190
1997 -1903
4246 4858
6159 4539
-2279 -338
-6863 4259
-1747 -4235
-948 -4041
-1552 -1760
-7001 6699
1495 -3467
3304 -5993
-5811 -3336
-5893 6389
960 5829
3050 -3139
-6046 5872
-6310 -512
-6138 -3915
-3397 3202
-4118 3415
-3725 -3420
-708 4908
6241 -5310
-6599 -913
3338 4471
-4658 2111
2733 1739
1795 -5100
-2777 -3130
1635 1381
-7042 -4389
-975 4109
-6749 -5690
-5540 5506
3203 -2928
-3842 -3109
2875 -2803
3479 -698
4156 3217
5814 6247
54 -6420
7286 1776
-1630 1391
-1022 2123
-3757 -3503
-5013 -5995
-2507 2130
-3246 -1327
-7020 3944
5242 4797
-2636 4171
7013 -2943
1691 1223
-1537 1366
2069 3682
-3291 -4743
-5999 3343
3647 193
3448 -1977
-5461 -1985
5789 -2318
-5466 -3510
-4580 7042
5546 6436
-1287 533
-3272 -1007
4734 -4783
-7275 -3406
1765 -1943
6759 6345
-292 1338
-1540 -3237
-7047 5207
-6939 4522
1378 -2717
-4530 2954
-93 1982
1340 832
6579 -7025
-5875 3343
7086 3897
876 -4477
5164 -4940
-5148 5647
3112 -5453
-1169 5138
3643 5341
4695 -501
-6252 2041
2245 2706
5102 926
-6305 -1005
-2504 824
543 -1770
-1687 -519
-2733 1901
-3333 5769
2448 2391
-5065 -2403
-517 -1807
3811 2462
-6085 3087
-7299 -5222
5284 -2689
4172 4692
6106 5098
2232 -3602
5261 -7122
6463 560
-1067 -3527
3847 -6436
-6069 -227
-3980 -3412
7291 5220
-5350 6056
-790 5398
4336 5785
211 -2683
3412 6091
2765 -3675
4283 -2712
5152 -4950
-6563 7290
-1487 4191
4738 6727
-3519 2669
-1876 3747
-1301 -5811
2873 -1085
5205 6331
-5503 -7187
3856 5784
-4714 3781
-1604 -6069
7252 931
-3473 7108
-5824 -5442
4216 6921
6176 -2895
2699 -1949
3084 3221
4404 -3927
-7111 1196
-2107 -2756
-5154 -1479
5483 -1208
-3102 2840
-2781 -1126
-1023 -4435
4029 -5337
-638 -3831
3314 2448
-6046 -1647
-4140 3236
4238 -3420
6787 -2816
2165 -1356
-6439 5166
-6475 4201
-5243 -1813
3412 -834
1716 2502
-3442 -623
-5639 5532
-4247 -7151
1371 1510
3318 -1833
3362 2750
-6933 410
-3133 3659
6627 252
-6935 3124
3969 7163
880 -668
-2299 -848
7241 -5744
6961 -1169
220 4186
-6072 6764
6519 1259
-2603 -3842
-7272 7271
-3273 -5649
-5805 -2760
1698 -2288
-226 -6991
7234 -6669
5912 1786
7103 1463
-3891 -5482
2052 2579
-6229 -5908
5942 5488
-2208 3300
-959 6500
2308 4737
3415 4740
-4066 -1468
7033 5070
1160 5572
4063 -2564
4947 -3045
-2245 -7206
-4819 -4278
-2103 -5942
-5683 -4623
-2273 -1713
4137 1932
1203 -1853
4783 -7085
2964 -2997
5154 -3052
-5278 821
-3511 -4178
5553 -2888
5462 2676
-2723 5197
-3003 -6555
1663 -4267
-7212 -7224
-5114 1072
-1765 7005
4949 6324
5969 -41
877 4170
4737 -4700
-9 -6961
-1377 -4470
370 575
5115 5596
-2561 -3559
-4723 -1358
7082 -2601
-5652 6442
6718 4100
5356 6785
5006 6423
-3813 -3527
-4053 1446
-6969 -743
7190 -567
6898 -4030
-678 -3071
952 5409
-6777 2574
2238 2088
-2446 -1347
-1600 -1714
2641 1247
6612 -6669
-5641 -3069
6071 -3617
-5275 2245
-3535 4438
6804 -5419
-4131 -4374
4419 -337
-4981 54
-5706 -4662
-5015 -5127
-535 -4339
-6563 3863
-657 1752
2121 -6762
3950 5284
6638 2435
-4333 -4599
6467 544
-2177 -1330
-1546 -64
545 3913
3077 -4189
-3715 3892
1963 1712
-2114 -6368
-1954 5736
-6824 5116
-668 -6292
7001 -5982
4526 163
-4883 -2382
445 7140
4761 -6880
2489 -3533
2252 117
-5323 5902
-382 -1110
6124 -3814
6038 -6199
-7158 6484
-2657 -2740
-7250 -7309
4740 -6600
-792 -4608
-3439 3782
-6748 7086
-2718 -662
5857 -4504
6406 2982
5965 5376
-812 -1494
-4406 -4675
-1178 -6557
6058 -6587
-1988 -927
3788 -471
701 -4086
-4150 -5717
-307 -1456
-2628 -6229
734 46
6347 6106
2253 668
4663 -3889
1897 4001
1567 -4333
-4108 4254
1178 -2203
-4079 -1222
-705 -3045
-2239 4748
-366 3388
-3053 4442
-934 3766
-4820 -860
-584 -6496
77 -443
1694 74
-5458 -3478
926 1118
-4373 2927
2006 -2632
550 -867
-2952 4097
3780 -2615
3870 380
-1649 5019
-7249 -6136
-2915 2296
-1458 7066
-3789 -3219
1481 -2156
5573 6346
-3137 6036
-3207 3470
-162 4625
-1905 6765
-2397 4804
-5249 3721
-2028 702
6547 -3951
868 -1544
-4284 6898
-5889 -6801
-1975 -757
497 -6978
-4189 719
4585 1759
-3053 4158
-2552 3372
6154 4180
-4236 384
-1166 -6944
-3246 -6303
-3225 6356
758 -3757
7005 3163
-1487 -5905
-5102 -2500
6131 -4226
3548 6909
337 6419
1612 3220
-1874 -7104
6654 -1015
-1658 1208
-263 -557
-2110 -3742
-5861 -2306
2887 6181
-4554 -622
2763 413
1535 4553
4145 5353
2696 1957
-506 -3880
-4444 -556
132 -377
-1650 5194
-5972 5244
4759 -2617
-1604 -639
4746 5983
2894 -6656
3011 6692
1841 4739
-3187 1189
-4406 -1468
-6748 4468
1880 1999
-5139 6261
3044 -4233
-2831 -2362
-2293 -2441
6242 1529
6281 5095
4442 5684
244 -6408
1833 -4547
7024 -1627
4438 3877
861 -6721
-146 -6356
2555 2920
-6963 1036
2641 1144
3179 3617
2166 -4664
-3570 4977
-531 6492
-1506 1984
6147 -196
4982 1580
-2076 -5008
-4525 -3224
7266 -4710
-1881 1695
-477 -6903
918 -4816
-193 1116
-1539 1293
1193 -2572
1589 -2883
-2262 214
324 5014
4844 -7055
4323 -973
-7158 776
1759 5179
-6447 2341
-3762 -4743
-1946 3099
-6042 3089
-4297 -4690
-6966 -1905
5624 -711
-4703 -3726
-5416 2859
3590 -161
1566 -1266
-1246 6329
-134 -4134
-2078 -3145
-2188 739
162 -27
-5537 1367
3639 515
2747 5159
4260 -2338
3957 -3344
-6096 -6043
345 -4674
-6376 -4171
2606 -3843
6200 2194
-6886 -4072
-5155 2514
-2712 -3697
373 -1729
3335 976
-4117 -6550
-2647 -4406
-2150 -4714
-3554 1303
-2427 -1388
-6184 813
-4314 -5099
-221 5088
607 -327
-3862 3762
-6486 -6665
-792 -5808
-7287 -3803
-66 -6580
-3222 -236
3202 -5704
-2431 -4679
2281 -5377
-5868 -3649
4381 -4609
-252 -6715
-2351 -4756
102 -3249
-2280 1903
-5099 -2903
-4291 6159
-1180 4760
-3934 -1539
-3288 5746
-397 790
2331 -715
6941 1623
6716 76
6321 -4408
-5429 -5443
-1653 -4001
-6114 -5161
1348 -4087
-883 2000
-2077 -3054
-3129 -1973
6611 3350
6986 -6007
-3537 1219
2941 737
-231 2203
-5210 3078
5113 2144
-342 -5023
3338 699
-1076 -2219
1669 -1758
2230 -5252
-2711 7212
732 -6229
-4388 -7305
5073 -2379
5396 713
6788 932
6780 -6168
-5126 4742
-2946 3209
-4067 4996
6164 4852
-1516 1733
3599 -1361
-4992 -3134
-484 2508
-1939 7225
1091 -6951
2146 -2936
4579 -5073
-666 -3996
2456 2195
494 1732
2803 -266
-6605 -4772
6571 183
-738 1410
-415 -4613
6893 2768
-782 4068
897 -2048
2861 6991
-4174 -5618
-5208 -4611
-2914 5076
-4555 -7091
2078 904
2410 -1068
-4724 -1262
-5218 -4950
6757 1893
5867 -4239
4619 -1235
-3863 4120
2082 -1966
613 -4858
-6567 -3964
-7233 -3047
-1242 -6925
246 2502
-1834 -1765
3829 3643
5078 -4163
-7017 -1907
-702 3568
-263 4595
236 -5233
1352 1235
-2134 1836
1642 -3488
-6 6839
-5019 5990
-7262 2189
-5393 1002
4036 -3720
2094 2990
-1704 -3445
7027 -7218
5714 6371
-5505 -2272
1532 5802
-6670 -6086
-3945 15
-5012 4922
-1014 5591
2079 5442
-2562 -6433
-350 -3430
-5358 2776
5111 -368
-4811 5036
-857 5352
3834 -1890
-3768 497
1865 -3342
6146 3755
-3534 -617
4819 2551
1030 -7267
372 -6748
-1370 4395
-6220 -184
4009 -1950
6283 5496
-3024 1628
1801 -423
-2348 1357
419 -3536
-509 -3488
-1685 -4131
-4229 -2490
-3569 -7103
5312 1891
6919 1981
4115 954
2964 -7273
-4020 -6237
2938 2475
-3423 -5812
3534 1575
1759 -258
-831 -4863
6266 -7026
-320 4550
6851 7012
508 -3438
365 -4774
711 -7291
5018 -89
-1886 305
-797 -6056
2623 -5422
-9 468
5775 4762
3830 2584
273 -1793
-3991 1188
4277 2026
3375 -842
-4853 -6817
5225 -250
228 4783
-5709 4504
6854 3406
16 -1186
-6759 1439
-820 -1761
259 2601
2207 -2683
2658 495
-1811 -4532
1057 -7280
5432 -5047
-4613 -7110
-1146 -1394
-3112 -6715
-6333 -6621
-3759 5597
5524 778
-4416 -7171
7254 -3216
3575 -4730
3854 -3927
-4506 -5144
-3029 7191
108 -5965
-3622 -6598
-6782 -5210
2390 -2238
-6130 5861
5271 3167
2558 -3350
6712 6470
-6650 2752
2881 3726
-4339 -7133
6661 -6214
-7188 -3853
6812 -1455
-3891 -4281
-2975 316
-3181 -5783
300 5504
-4169 -3174
3678 6997
5446 -4271
-5241 -1473
-6226 5169
6120 -756
1484 7127
-7023 5614
-6132 -3391
491 -233
-5535 6265
-77 -5561
-5384 -2233
3296 6391
3830 6187
-3377 4208
-2191 -1258
744 5446
5436 6268
-4190 -301
1377 4386
-2969 4044
6292 4231
7277 6883
-4846 -1039
1517 4624
2169 -5490
-1497 -6694
-6846 5058
-6236 -5607
2761 1810
-4020 6847
-1872 -5188
4731 5976
-65 -2658
5395 995
4784 3053
7301 2938
3571 4112
2077 -983
7051 -1075
-3321 -5048
-6036 -2352
-3446 6420
2860 2974
-3639 5564
440 6741
1079 -5723
-6308 3855
-2947 5399
6603 4256
-6542 2351
-938 763
-6830 -4121
3368 6325
6983 7092
2379 4572
4110 -3404
-3498 4743
-2609 4879
3786 -3538
-3697 -724
-5816 -2054
7051 -6986
-3851 -6069
-3355 -1596
3589 1150
-6628 5095
5718 1430
1254 -4766
-2604 -233
-5686 -6384
3730 -4034
-2256 3031
1584 516
-5436 -3308
3608 -1386
6078 -384
2316 -5350
-7063 -1910
3678 -7011
1683 -6074
-6336 7068
-503 -3662
-1089 -3116
-911 -6772
-7014 1921
2464 6817
7203 524
-5221 -983
-6051 5859
6169 -4945
5710 -5638
-4590 -1292
5385 -1896
-5232 860
-3704 719
431 -1702
-96 -6971
-1744 -314
-1558 -7276
359 -5260
1250 -6015
305 -3653
-3101 1996
-5727 -29
-4027 -632
-4529 -4172
-753 4495
2219 -1975
5649 2309
7025 -7102
-601 -5021
973 4546
2945 -6674
-1706 -4271
-2241 -1282
6768 6574
2160 5137
122 5085
-214 -5224
5459 -5416
-3136 -6774
5850 -3753
-2424 -6905
4829 -7026
-922 -2011
471 -161
855 -4617
-1531 6941
-140 3194
-3310 -3371
-5335 -666
-368 -1205
-2703 1253
6587 6441
4568 -2005
-1518 -7300
1203 -658
965 824
-3779 5144
-6620 331
-3857 7299
2367 -5602
328 5717
-2157 -235
-2641 -7013
6437 5108
3373 -1460
2227 -3702
4823 6866
-5101 -6611
6884 1049
3397 -5176
2153 -3825
7100 4491
3026 1261
33 3405
6301 248
-3124 -1559
-5651 6224
-5897 -4142
449 3046
7115 -4117
4724 -4667
-1931 3420
6813 496
-6250 -3533
799 2338
-5573 -820
-6414 5239
896 3192
4243 4898
-6214 -1444
-3681 6424
-4273 -7114
4131 3872
2613 -5392
-4317 4058
-6538 6406
3832 -4829
-5097 -3356
-4008 -4321
1766 -4951
1517 -2230
-6190 -3794
-7165 1943
-4947 -5510
2891 6999
-6360 6954
641 -6777
4019 230
-6614 -2818
-2367 864
6775 -6475
-7151 -4114
-5119 1464
-6017 -978
-1338 6910
-296 -4656
7094 3926
-6184 -4828
5439 5550
4742 5627
-7033 -3388
6199 -2462
-1049 3376
-2767 -3175
-2958 -2744
-461 -1310
3916 -5188
-426 -7176
421 2787
2674 6943
3246 3830
846 7152
2337 -5564
3263 3442
4146 -162
5344 -5435
2299 1314
6124 5621
-1194 -3157
1801 -5853
1066 5364
-972 5384
-6634 -2014
-6675 5315
-2306 5956
7228 2234
2056 4434
-316 -1015
4100 -2802
-5514 4979
1713 -3712
3126 3433
1822 -616
-3051 1801
2489 6850
-6910 2812
-7029 -2599
-4782 7165
6502 6117
-3069 2286
1721 2611
-3830 1300
-896 2955
-2759 -3037
665 -1265
-1424 4819
6302 2979
4001 -3440
4066 933
-2269 -3311
-224 -5241
-2508 6528
4721 2035
6062 -2974
-3369 -2130
2512 -531
-4758 -1775
5998 -2340
6767 -5259
1466 3018
-3523 -7045
-3121 -3941
6651 -6656
-7172 -3360
2553 -2925
-3253 -7106
-3361 4510
-4516 -2001
2736 4674
-4804 4045
-2655 6440
963 483
-4744 -1692
3602 -54
-6132 4004
5479 -7119
-5065 -5746
-4562 -5422
6264 -5377
6440 -4874
1688 -6059
-2641 -4513
2199 6748
-4134 2756
2492 3670
1477 1730
5768 -2211
2300 -4866
-647 4014
4928 -1917
1820 1919
-554 -3358
-1323 -544
1813 5429
5083 4215
1416 -3874
-2841 -6592
-3791 -2343
-4997 5917
6077 4125
4628 2036
-3393 -3841
6693 2402
3908 -6120
-841 5194
1109 3003
-1759 6843
534 6783
-859 -3698
-3504 -3321
4566 -7098
2165 -4524
-4267 114
-1233 -6221
-6209 -187
-3698 -6800
2037 -2178
3963 4139
4979 -6766
911 -4881
-2101 6628
5590 -3752
-823 5363
-2359 -3762
-3516 1247
5962 5956
-6804 -6263
1639 -1781
3828 4445
1863 -3027
-332 -4545
-6304 4063
-5001 -4074
2254 -2761
-5906 4438
-6232 5121
13 492
2041 -3044
3788 -1232
-1729 3405
-5938 3054
-3311 -3287
-4426 -113
1553 4185
-3090 6475
-2825 -1920
-1083 3588
-5089 5264
2302 -5221
-4818 4597
-3089 5438
6884 -3693
-2456 1250
2280 -1449
180 5714
-6095 -3735
6862 -5831
-3112 -2907
5074 -4318
-4549 -2767
-5104 4878
-1599 4115
5470 3588
-4115 3216
1789 5469
-4123 2441
-6767 6585
-1538 -3247
3589 1199
-6034 -960
-2385 -1756
-1757 -6378
-1230 4796
6371 -519
190 3222
5318 3138
-4211 -4319
3387 7187
6735 -5126
6351 87
-6891 -3616
7221 6253
1912 4312
2563 -2661
-1632 3061
-3466 -289
-5472 703
240 -7160
3832 -5623
-6710 -7252
-1986 2613
4334 -6091
-1081 -3603
-7201 -5513
253 -3277
2424 -4647
-6574 -5444
1052 -1008
-5192 -6713
5166 4805
1021 -1174
1390 601
415 -549
-6272 -2529
2681 -1871
4489 5671
-4244 6593
-2614 -2085
-5752 4964
840 -1569
6895 -6130
1026 4578
-5444 -2594
1176 -5637
-7218 -6399
1260 -1598
-860 45
221 -947
-6507 -6492
-3220 -489
-647 2945
2556 3256
-1178 1602
-1226 3366
1113 6072
4941 1380
-2499 6053
6585 3014
-697 925
-6653 5588
2677 4207
7169 3112
4024 3414
-3698 -5845
-1979 -4967
-436 -4300
-417 -228
-6252 -922
-2805 2982
-4285 3623
3518 1827
-6424 -4283
-2772 854
4590 -5696
-6458 2837
4903 4755
-2651 553
5227 693
-7025 -6855
7055 1692
-1281 -6702
2439 2290
-2472 6662
3435 -6930
-6313 -3333
-2611 2286
-3009 -5253
4748 6387
891 49
6604 -6950
-6030 6986
-1446 -5653
-3677 1166
941 -625
-817 6647
5659 -3736
-6901 -3475
6410 -3932
6528 -445
-1442 -4502
2423 -6747
-3309 4635
5227 619
-6563 7297
-5262 3671
-4132 -2846
2299 888
-5661 -5672
1225 -6245
3381 1656
-4544 4802
5726 -6282
5250 -6632
524 88
-4057 3895
-5911 4414
2266 -2186
-4478 5450
3415 2635
2454 4972
-4179 -2208
1166 206
-1519 -3309
-1563 6123
2510 3352
999 -6338
-1316 6640
4555 -4966
7111 -2337
5838 -4980
-5463 -4790
-5044 -235
3140 600
-2335 -2042
-257 -4188
-2323 3298
341 -4176
-5531 932
6855 -5964
-4414 3695
-3577 7200
5152 6287
2821 3012
5412 2772
4183 -7240
6639 4561
-4319 -4695
6768 6211
6882 2379
-6079 2853
3435 -3592
-559 -5274
-2859 4486
2761 3369
2015 2785
-3031 -1604
-5354 -976
3124 -3228
4680 3054
-4612 5037
3136 3033
-5108 2795
-1960 1147
2731 -2947
-6697 5860
-6595 5122
-6270 -975
-6518 -6583
1633 6807
-2013 -4234
-2765 5824
-5434 6643
5730 -6757
4406 6861
-4627 2226
-1425 981
-6088 6390
4380 -2626
-3790 -5800
3170 -1482
55 6923
5074 572
-3331 -4387
-992 -5683
6870 -5894
-6157 -1139
3780 -3604
5625 -121
1955 -4257
-7145 -1226
-3040 -2779
681 1070
-1598 6928
2060 2362
-6561 1872
-5699 426
6430 -5988
-5912 -6032
1868 2490
4171 1662
-4786 -3240
4748 -2201
-6431 -6043
-1999 6045
-4923 -1270
-5934 6126
-1008 -743
2030 -573
-1701 -3873
-509 -3269
851 7171
7069 -2302
585 -1402
6006 6363
5395 -2497
-3509 5231
-2996 1229
-5857 5595
-2208 1019
-1040 6880
-3047 616
1031 -2557
-3082 6436
-4962 5065
857 -2653
3182 2901
5805 -7235
-1264 4670
4315 -1710
-4772 1115
558 4189
5060 -4976
3157 -716
-557 -721
-6829 6167
2465 -4207
4910 2438
432 -3896
-1958 1965
-4923 3138
-3402 -4761
4041 2796
1626 -2173
4228 4608
-5868 -4584
5863 5605
6980 -3542
-1742 2342
-2037 -5126
-6023 -1498
4655 -6045
-392 -5629
3692 -3540
-5662 4276
-4164 -832
3107 670
-3546 -2132
-473 -4049
-2486 -7057
2411 3647
-4312 -6053
-1585 -1983
-1773 -360
-3859 1808
4864 6011
4200 -3197
3007 -2727
5073 6370
-556 4370
8 4125
-380 4493
-1992 -1381
-4457 5622
-3600 -696
-7092 7
6479 1660
1360 -1716
6935 4487
1220 1133
-3687 838
1891 -1294
-1327 524
4237 6636
-7292 -225
-6543 -2029
4912 -6619
1481 -3768
6873 4604
-1853 -524
-5051 2533
-2202 4626
-6414 5385
4479 -1810
463 7018
-4558 -2993
-6177 4593
1933 4285
-653 6323
4143 608
901 -3567
4443 -2460
-1414 6757
-1436 4070
2060 -658
-6919 2483
-4070 5932
-6210 112
78 4221
6673 -2534
1836 1396
404 1825
-2675 -3495
4436 497
-605 5962
-5990 -4123
4452 6937
-4209 3180
-3777 5333
2005 -4075
-3050 -6873
-4294 1514
-1910 -6369
-403 -4139
2937 -4479
-4425 -4064
-3262 1228
4929 4296
-5152 2792
4015 -5687
4620 -4597
-5710 -4633
-1767 7186
-521 1536
-7114 2317
-1248 6383
-6041 6763
2020 -1113
5590 2215
-5005 3738
1561 3720
-5636 -3168
1304 3589
-4866 -538
-5512 -1211
-3254 -7177
-3465 2119
-625 5415
-807 -3900
-3111 1148
-4616 -7255
704 1131
-312 -5567
5637 -6245
-6875 -3292
4083 7101
969 6299
6728 5897
-4989 5053
1603 -2172
-3634 -167
-2354 5811
-2812 5174
-4796 300
-1390 -1856
5373 -6828
-2463 -2951
-4525 -6055
5643 -1771
5549 5625
5264 954
431 6656
3360 5345
736 1088
1154 -6014
3836 -517
-6184 -542
6366 5915
-6614 -2220
-2349 3393
4609 6153
-1475 -4325
2032 1
2763 2081
-4119 -5925
-3706 -1673
-4078 -4799
4397 4970
-3872 -5014
-3418 1780
-5878 -1371
-3452 -3670
-865 -1061
-4826 -2795
2933 -4247
4730 4164
186 4295
-4325 -2378
5785 -99
6764 5536
-2925 5905
-1754 -226
1320 2273
2430 5679
-524 4955
-6060 2598
-1770 -3682
-756 1545
-3924 -739
-1322 3005
3974 1856
6093 901
2409 -6485
-2158 -4376
6345 604
7012 -6612
-21 2664
-6428 5113
-3579 3037
7277 2583
4432 -5721
-2342 -4254
-4945 6469
6276 1032
2937 4015
-921 3037
-6555 -5289
6934 -18
-4849 -5287
-5813 -1958
2780 -4996
45 -2425
-3486 6878
4668 -6631
-2914 3959
2308 7159
-5801 2123
-3498 -6721
-1492 4450
-4568 3431
188 -2426
2832 5543
1969 5240
-521 72
-5942 6856
-387 4784
4881 1035
6421 -2052
-3835 -6670
1463 5462
-6202 -5730
4913 -1655
-6921 -1106
-3670 -2918
634 -6331
-440 4835
1559 3581
6046 -4349
-3521 77
-1779 -4960
6935 -472
-3528 -1619
304 -4110
-2518 6783
-6630 -655
596 4704
-546 337
-695 -3337
-585 5372
-6519 -5629
-4476 -954
-1041 6314
-4760 -3744
1339 -5102
4394 2452
-952 5681
-5201 4833
-4852 -6990
-2401 -5806
888 2612
3863 -2254
-4717 1654
-1758 -1371
3024 -7056
6435 -3750
4456 5154
-3541 6660
-686 4670
6533 3608
1465 2464
-2458 7230
-3460 331
-4732 -6752
-3027 -2085
-189 4229
3557 1475
2586 3333
-1607 5381
-6091 -6510
6549 6916
4035 -5073
6561 5270
1371 5801
-3759 3110
-452 -2480
5663 109
6789 -1848
-3504 7046
7064 -3035
4696 2183
-4569 5672
-5049 1273
1933 595
5873 -4204
-617 1021
886 -6933
-6497 3896
6126 -7221
4519 -4605
4728 -1226
-877 -387
2842 -360
68 -4924
-2906 1270
4001 -2969
-6252 99
-3028 4643
7099 -544
4119 -6652
207 4084
-4059 -1456
-1103 -6659
-373 -3460
-2381 3115
419 5164
2546 -2518
-6768 -5958
-2032 510
2050 5939
7256 3367
-2915 6762
-6710 1255
3609 6053
-4935 -878
-3085 -30
-3273 -3447
1927 5036
2047 -7265
-1173 6015
2734 2464
-6275 678
780 -3733
-6562 -585
-5145 6471
2877 6897
2587 1050
3098 3139
24 2662
-3184 2952
6705 -1182
4583 559
158 3710
-4104 6448
2919 7095
-3525 -6054
2249 4094
1354 4266
882 4043
-1580 -2987
299 5258
-6719 -6387
850 -4331
-930 -4083
-1832 4093
6385 -5337
-910 -5516
-670 3311
-1509 -3848
5924 -4446
2615 -3761
-5437 -2739
-6421 -4617
-1556 4720
3848 6248
-5220 -2029
1094 -3536
4575 -3343
5450 -2234
-6492 3192
2310 -5432
2765 1
873 3512
6915 -4795
2458 -7229
-3315 2965
7269 3878
6251 1766
-472 3593
2783 2416
6550 -4855
-63 3406
770 2544
6226 3552
-968 -3424
3119 -5287
-5664 -6926
-6685 6040
3606 -6893
5080 -2707
-3881 3630
-2364 5000
2858 5840
-6356 619
5377 3428
-2958 -4958
6259 -6582
3323 -2607
3606 -57
-3421 -5159
6202 -4225
1793 3091
-7012 -7268
1548 5194
-5791 -1037
5244 -6672
-4773 3994
5256 -7299
562 -359
5972 2664
-4795 -1838
5938 7258
-2192 -2889
6325 2989
-5578 -1983
654 -5314
5208 1264
-1851 -2073
-6343 3118
-5728 6264
-195 3738
-1729 5021
-1547 -6489
2018 -7274
-1767 1750
3424 -2992
656 2812
-5254 -6696
6385 -5772
6309 2816
-925 -5898
4990 -4059
-5260 -5291
-4230 6496
6119 3323
-2906 -3377
6780 -5037
-4263 -3239
-3015 6116
5389 724
693
7997 3779
-4868 2477
-2430 5047
2253 -4594
-5447 -3112
-6145 -6222
6458 5997
-7691 -213
2689 -3317
-3150 2853
-6428 6789
7992 7393
-50 -8357
3422 6875
-4858 -2924
-3451 5054
25 -5426
-7551 -6838
-5957 -3259
208 2643
-7523 2589
7308 -4144
4081 1855
2846 -1109
-7323 -4886
7268 7728
7653 -5081
3110 3389
2903 -4566
6305 7425
5196 -1796
-4343 4284
-5083 -193
2029 -4672
6093 2245
-6594 7250
-3378 7957
-3431 -6504
484 6474
2914 -7888
8329 470
-7182 -7423
-4900 5541
685 -7187
1093 40
2705 3996
6825 -2020
959 -3864
2267 -1773
5811 743
5438 -3563
6307 5141
6355 5096
4509 -626
-7229 -124
4507 -5448
2659 -3685
4344 6010
3240 2881
-5771 1255
1125 706
-6758 8258
-2376 6845
1338 -2165
-8131 -2671
-4317 -5750
8010 7918
-1485 771
2628 -185
1333 -7938
4147 4744
2415 1741
6757 -3848
-517 -6551
1525 -7548
-5974 7210
-2932 -22
-8375 2916
1398 -5839
5304 507
6141 1269
4298 3641
6274 1449
7898 -7200
-2111 -6586
6431 -7789
-3268 1105
2559 -7574
-3115 -5283
959 766
-659 -338
5727 4754
-7828 2472
221 1793
-7742 221
8111 -4851
4533 6496
-5426 4906
522 1164
5083 6868
-7246 239
-4915 8081
-1467 3517
1922 -1625
-5726 6774
-438 -1682
141 4027
202 1071
3935 5391
6754 -2802
5381 1901
-5260 6062
-5409 298
-6234 -6033
-2263 824
543 391
-6529 -2632
-4709 -4778
-4306 7118
-3838 -5460
-2589 -3432
1962 7757
8188 7291
-5799 4526
5939 -1473
-2580 4719
-5238 -3228
-4137 2965
-5963 -1183
-5345 -7267
-565 7361
-926 -5038
5852 7433
8071 -4608
-6440 6293
-695 690
-6646 2255
3774 3807
6848 2582
3056 7201
4206 -3884
-7220 -5577
-3926 -6224
828 7866
-4374 -2692
3938 -5937
-1763 6606
-5564 183
2713 -4871
1999 -5117
879 -2657
-6348 -2425
-3630 -7746
5814 2895
1241 2720
3421 -5898
-5114 -3277
5213 -4009
-2992 4872
-6658 -67
-1750 140
5508 6482
3707 1057
-3076 -324
7106 4440
-4242 -6847
-4458 -4294
5163 4089
-3222 -5267
4350 -6938
-3660 5677
4830 -6968
3553 1000
-3565 3655
-7375 -3929
7866 4242
-2080 -829
2081 4218
516 -4163
-3848 -6144
-2885 -4726
5793 -5948
1618 -3873
-83 -2409
-6568 7657
7739 -7144
-6804 -1784
-1311 -3425
-7566 -8062
4343 2250
-3176 6631
-6152 -4674
-350 796
6971 8054
-1987 7181
-6254 -4245
-2195 -1903
-6158 -5928
930 1934
7620 3577
-4869 8177
4344 -4900
1302 5815
6760 2035
-8040 -1855
6228 -2067
-2242 -822
-4576 1391
7755 -1164
-7532 -4897
-2159 583
-6117 -7935
-7794 1562
2863 2411
5447 1434
4038 -25
5775 1229
-5298 -7341
-6550 -600
-1273 5804
7061 390
3362 -7176
7911 -1903
-454 8199
-1677 -1366
-5049 -999
-4995 -5735
-2574 -6757
-1513 6987
7303 5911
-2972 2553
-7184 -1647
6996 3690
6816 -5104
-657 -5511
-6756 -3625
-4 2624
-1835 5478
4426 2537
-6251 -2703
-3006 -6313
-2320 383
-1368 -883
-8331 -681
3928 -6997
-7073 292
1090 3614
690 1892
-5767 -5277
-3139 116
5689 -432
6201 4298
-3615 6759
3810 8396
4395 6220
-5322 3913
-3037 -594
620 6134
3855 -2063
1638 -661
418 -7517
-4638 7423
4912 7312
6735 -4198
-6504 -2679
-5812 -1789
-4175 1538
4435 7979
787 2412
-1552 385
-6592 4403
6637 -3997
-6824 2423
6474 370
-4863 -7890
2638 -6022
-3149 -6854
-444 1792
-1013 5209
3368 2665
-6200 -761
-3518 -1004
1639 -573
-6942 585
-1512 1467
-1621 7711
5070 6857
4590 2179
4600 623
6478 -5706
7415 -8136
-4868 7320
6256 2476
289 -8145
-98 3755
7301 3904
3977 77
981 -8367
3574 4583
2398 -6624
4499 -6378
-565 2620
-5037 6060
-3300 -3866
-4005 7449
-6724 2447
-536 -801
2998 849
3902 -4846
-778 -6213
-1110 4047
4094 -4113
1575 -3120
2448 -5609
1671 6906
-5606 8016
-6960 -7117
-6383 -8372
-2589 -729
-1204 -253
-6507 6654
-5475 -1492
3429 4110
6546 -5055
2939 -444
2610 3901
-2265 1270
-4521 6242
4474 -3244
7099 2789
-3179 6587
-6353 -3922
7735 -4194
932 5260
-507 -6418
3522 -3619
-6934 2385
-3312 -2605
5122 -7197
-4579 4441
4432 456
6725 4533
3935 870
471 3734
3526 -3441
7471 6221
3645 6064
-2367 -3928
-3056 490
-6615 8128
6234 6024
-5870 4126
4847 -3002
-1219 2734
-1946 265
6655 -3077
-2262 -7447
-2565 5582
2361 -4404
-353 2717
1115 567
903 7916
-3702 6992
-7652 6900
4471 7819
-2050 176
305 5482
824 -487
-5586 -5498
3301 -5963
4165 1823
-2936 149
3227 8048
3801 -5619
-2101 -7925
-8057 -5247
-5278 -8280
-1617 865
5125 2678
3235 -3603
2300 7910
5197 495
-1169 7621
-2333 1183
5368 -2744
-2317 5265
1292 231
607 -4594
-6771 -1349
-6306 -7427
-4914 -963
-1985 5961
873 1337
-2796 857
-747 5828
476 1639
555 5894
8157 8134
-3737 -1001
7480 -7722
-59 -5287
615 -5550
-3833 -6237
-8359 -1374
-1969 -6907
619 -6349
2521 3809
-2805 -799
-1047 -1090
-3111 5200
2363 7860
-5103 5802
6960 -5728
-5297 6736
1926 3329
7007 1916
-1535 -5072
629 -1308
-7591 6260
7022 462
-7280 -1813
3526 1583
-4676 -514
8382 -4019
-4018 -3804
6698 6893
1970 -6265
-2529 -2541
-165 3239
6293 -914
4704 -1237
3084 -2288
2412 -6451
2362 4678
8323 -4342
6914 -2400
5206 -7608
7637 1357
-5287 -6410
-7991 1246
-7195 1670
-1941 1677
331 5925
-6879 -2988
3312 6903
-2586 632
-2848 7517
-1022 2042
2119 7421
-8015 5453
-3616 4262
6197 -7826
-3373 2145
-869 1200
2313 2819
3416 -4926
8240 -519
-6087 7712
6630 -8242
2293 7023
7348 7381
4095 -3398
6558 -5417
-7686 -3354
8272 -549
-2314 5328
3209 7705
6714 -4098
-4239 1961
-8283 17
2086 1535
1862 -5745
7168 -3760
5602 -19
-3002 -6114
-7735 5987
-8395 -5900
6433 6739
-5249 2565
1712 -204
-2400 -6760
2138 5316
-5675 -6086
-6478 -3498
4943 6520
-2543 7179
-6704 -2596
7553 -5641
-7599 -7593
3289 5189
3099 8205
-2022 6292
3260 -4648
-2235 7808
-4177 -5174
-1784 -228
-2628 -7533
1272 8065
-4947 -1392
-939 -5731
-3799 6627
-7995 3459
3802 -489
1579 -5688
3012 -329
-4837 5556
3890 143
-3124 5338
-7339 -7566
-226 -7740
-4195 296
-2718 2163
-4062 -5687
-1848 -1733
2012 -6281
-4689 6847
-2750 2293
-6883 -7823
-835 5284
7661 -5334
-4909 2239
770 -291
2251 1599
3354 -5959
-1463 -1734
3777 592
-999 -2350
-8235 7355
-3732 4140
-2962 6449
3267 -2302
-1665 -291
-6956 -7777
3379 -5208
-5407 6679
2439 -3961
-8220 -4804
-7159 7717
3045 -1605
-7234 -339
-494 5299
8229 -8288
6756 -3021
-6662 -1446
8044 -2773
4779 380
65 -3209
-842 -3535
5338 -5112
-1831 -7751
-5263 5960
-7584 684
5725 4536
7892 596
8093 17
558 -2137
-2431 7225
4254 -8153
4042 3652
4805 -597
-5304 1067
8026 -3253
5371 5868
-5588 6545
-5396 -4192
-2962 7360
-3955 347
-4914 2466
-6076 2910
-584 1529
-5974 -1869
2235 -4882
-1133 845
-1344 -6690
-1322 -923
2594 -6506
-3434 7938
5643 3847
305 -1809
-7951 856
-3822 -4740
623 -3172
-3330 7327
-3101 -3240
7507 -3160
5948 -6879
2784 -6885
-3784 6454
-4554 378
2527 3261
-2987 -2361
-2083 1640
2508 -6236
1014 -6128
7662 8322
-4143 -2954
1472 -5193
-1638 6062
7667 878
-8268 -2782
-4916 -6362
4644 -6073
4221 2662
-7429 2775
7216 -3308
6952 1935
-1358 -5388
6549 55
-8304 -924
5856 -7391
-7722 7370
-3893 1295
-4638 -4766
4653 1874
3697 -4958
464 -3956
-1599 -2920
-72 -3635
8234 3164
-2734 -2107
8203 -2968
806 3009
3998 -1396
6507 -6215
6876 2114
-1992 -1157
3618 -1533
6192 -4085
-6896 7184
-1276 -1056
4336 3957
-2827 -8382
7484 344
-4975 2536
-8166 3449
-3630 3576
3681 5393
6630 7411
-6016 -6383
67 4921
7343 6927
-1701 -2330
-6738 4577
440 6787
6634 -4859
-6283 1935
7603 -2803
-3855 -76
-7824 131
-2990 1243
971 141
-3837 3341
-1704 -3884
1603 8100
7241 3294
1544 -8113
-7324 2542
-5309 -6682
6369 2852
2871 4173
-5528 5382
-3990 4579
-553 2923
-4007 1483
8100 -6209
-397 -3304
-663 -7736
-6420 5035
-5806 7832
-6515 821
-7828 -5105
-6692 7599
-6411 -624
4826 -4406
4447 4907
7424 6867
7222 5615
-5298 4222
-8153 -345
7309 -1119
7870 6847
1225 2784
2717 5137
-1697 513
7717 -339
-4940 -2914
6798 -6193
6669 -6847
3429 4768
-2409 690
-5958 -7904
-387 -1352
5124 -5778
523
-5379 -2150
-3520 1958
5289 -3136
-4060 4995
946 5088
-2618 307
-2002 -905
-400 5406
-3374 645
-4373 3019
-333 1366
2743 -4912
-3013 -4315
-2330 -3761
-2084 -850
2732 1175
-2683 -2367
-4926 -2997
-3291 5421
-4786 -2102
-5548 -5261
2130 -4613
-5284 1894
451 -1089
-4759 329
2914 4593
-4158 5412
2465 926
1452 -889
4811 2212
5079 5235
-2883 -5531
-5181 4819
-4882 912
848 4008
-4968 -2016
-3471 -1183
389 -3483
2935 -373
4165 1608
4424 -3059
852 803
67 -576
-4916 -4242
-4037 1646
-4355 716
-2869 4729
-1119 -366
-3715 787
-4016 3183
59 -240
-1643 -391
4475 -1861
-3408 -4656
-693 -2702
906 -1370
-5395 -298
4091 2927
-2035 2472
-4861 550
1029 -4329
5001 1880
-4174 4618
1082 4453
3589 -547
-4451 -3463
-5139 -1188
-4172 3898
4801 -4060
3930 5577
-2302 -649
-2116 5283
-1746 603
1059 329
-3751 -1034
4495 4596
1348 3493
-4866 5571
1120 -1273
761 -2026
-4903 1650
-3348 -2111
-877 481
3678 674
687 4588
-4705 -1108
-3217 -5382
517 2609
2589 2444
-930 -4601
4246 -3948
428 3654
-3910 3457
4696 -4706
500 -1007
-1166 -2203
2367 -2939
2177 -4227
5205 -3420
-4985 925
1741 1772
2263 512
444 -626
5078 4722
620 1442
2786 3334
-1216 692
4726 -1838
3341 922
3624 2381
259 5154
5056 1151
5073 1846
-1019 -3774
-1826 771
-6 2191
-5305 -2340
-1553 -1146
309 1457
2091 -2808
1709 -1820
-2730 1309
1985 -1129
-2432 -2221
-498 3004
-4823 -2665
1024 -3149
-3252 2978
4493 -1842
2559 3775
798 -4609
3201 5424
1641 -4982
-446 -2922
-4245 197
-2672 -3954
-1130 3515
1727 -3070
1622 2977
4971 -326
-3466 -80
3183 1685
1208 -2780
-1610 3024
-2291 -4076
-3081 1257
-3974 -4020
-454 1696
-5089 5468
-5044 -461
-714 -5288
4912 3581
-707 -2602
-849 3182
-5382 -1622
-576 -2027
-1485 -5519
5222 2159
1434 1920
5146 4503
5140 1709
4797 -4836
442 4054
2774 1739
-1979 -5170
-42 2822
1293 -4112
-4671 4979
2333 -755
3596 -5447
3663 138
-4544 574
-1189 -3124
-4493 2880
2475 -3359
-1024 3349
-3099 2524
3270 -2725
3113 -1443
-1996 -3318
4759 -3202
2111 -3541
-5171 2126
-783 5033
4581 -2267
682 1246
-1903 4681
3034 1539
-5035 -2004
-963 3545
4166 1554
-2613 -4251
3078 -4226
-4523 -5481
4819 3629
-1330 1208
-4911 4871
-3509 2485
137 1446
-2996 -2428
-2173 5021
-1625 -2402
-1051 -4185
-4348 5330
4608 3573
-908 602
4744 -5202
-5092 300
882 2410
-2806 -3312
-2690 2733
-4834 4661
-4377 3370
-762 -1487
-1955 -3568
1252 1543
1150 -1310
-111 -1972
854 4403
3211 -3442
4670 3664
4713 3658
-4811 -2421
2407 -2104
-3904 4292
233 -1315
5223 -3961
197 -4855
2785 -2823
4877 2355
-4585 4160
4651 -2722
-5218 4443
111 -479
1625 -2297
-2733 5255
-1294 -4607
-5257 2774
188 4031
-1224 -1109
-4514 -4671
1691 4139
-2348 317
3903 4856
-589 -3756
-4253 -1794
3688 2598
-2918 4837
-2065 -412
-4718 -3807
-2818 -1827
-4512 -3470
-1109 -4906
-1594 4246
-755 -3661
-2257 -3117
-5009 1292
4839 -3622
-5487 -1011
-4485 3562
3898 -554
16 -2325
-4165 3778
5449 2508
3920 -3274
-5472 664
-4176 -4182
-2070 125
-1189 -2807
-818 -2523
-943 248
3007 -5062
-329 -1854
2741 -1887
2173 3753
-401 2968
-1696 5495
-884 -1850
-1279 3987
-1692 3728
3307 -252
1903 341
-4801 4363
-4240 -990
4205 4178
2712 -5260
644 972
-3983 923
4446 -2811
2026 1185
-4439 1946
2049 3253
-2890 3392
-3740 2314
4241 4167
1199 -2744
-2549 -2465
278 -3127
-5048 2718
1607 -3884
-2843 3156
1847 142
1005 3368
1873 -4493
-1904 2160
2825 -1950
-211 5268
3814 285
1840 4396
-2929 -728
1257 -124
-1323 359
-340 2486
-5162 -2361
1291 -1236
263 -3710
986 1567
931 3557
-636 2308
-205 3300
-4219 4457
-4230 1647
168 3091
-4522 4864
179 579
146 -881
4009 5484
-3545 2599
2694 1518
-3170 -4808
3603 -55
4287 -2665
-2026 -1680
-868 2431
227 5395
-1550 4516
3845 2116
-4235 1401
-26 -929
-1552 74
-3231 730
-3173 1629
-3862 2513
657 2187
-895 -3634
5010 5112
653 4045
4353 1836
5296 -530
2839 2996
3891 2027
-3773 -4819
-3988 3797
-1617 -3152
4340 -3824
-2062 -4481
4596 3205
-1172 -4720
4247 152
58 4916
3109 2858
-534 -894
-5572 -2817
2963 1166
336 277
-4469 -2023
-1186 -1537
-4406 4613
5546 -2719
2259 4319
893 -2858
-3402 -4372
2686 718
2156 -4008
1297 2005
4652 -5328
4310 1227
71 -4644
-1627 5461
5454 862
3422 -3746
985 -2610
2392 4426
-3165 -2053
-1229 1656
466 -2045
-1330 636
3632 -369
5397 -4216
-3044 -4146
-440 2668
-3935 1337
-2408 -944
3440 -4133
4783 1882
-2426 3551
2086 969
91 -4385
-1848 -5258
-2206 2883
2671 737
2686 4783
-4101 2484
3934 4074
-2233 -784
235 -2734
3415 5413
-4730 4513
2372 3161
5105 470
-2613 -1719
-4794 -1780
5404 -4896
-4785 5231
1039 -4191
-2966 -1227
1906 -228
-2855 -531
235 -2220
4267 -5112
2102 -2820
-4399 2492
710 -1484
-4993 942
3560 -2269
-5374 4355
-4792 -4009
1796 -1353
-116 -1130
-5052 3087
5433 -428
-4692 -4486
-5312 -3306
58 4511
-1697 -4231
238 -3951
5436 5315
4778 -5017
-2358 2500
2583 2815
2877 -5507
4964 -4258
43 -2147
990 -2660
-3218 5268
587 -1090
2024 599
-1288 4408
5058 2958
1001 -2035
-4246 3872
3980 -2031
2831 -4910
-805 -1020
-2233 -2065
3171 -5280
3031 4928
-3326 4973
-4197 5133
-1444 381
-1754 1676
4770 4209
-4097 498
-3102 3213
886 -484
-2469 -2608
-1068 2159
1256 -3479
-4019 3396
-5113 2042
-4692 -1220
12 926
-1614 -4589
-2827 5234
-983 -3084
-5128 2620
-1044 4069
1423 3516
-4396 -1883
-1095 1660
1769 673
1295 -3264
-5061 271
2748 3711
340 -3950
2086 4878
2786 2830
879 -2937
4087 4499
-753 3774
-5203 -4410
3225 -3385
-1491 4516
6 -769
-2601 -444
-1513 3273
-2725 -3496
2041 -5419
-4776 3232
722 3229
-5329 5359
-4972 100
-4948 1922
3371 2545
4148 -409
-1954 -3308
-4858 -3669
4662 -1704
1215 -1744
4713 2241
1517 -3317
-434 5124
3697 -5478
5250 -1158
-3171 3926
1815 -2162
-4143 5407
3250 -1544
-3309 -4595
5330 1979
-1970 -3861
-5119 -3315
-948 -4277
2000
20 18
-28 4
-23 19
-14 -3
-22 -14
-24 8
-13 19
8 -4
-4 14
26 -5
-14 -24
-5 17
-17 25
19 19
9 17
8 -14
8 -9
17 3
17 16
-27 -20
24 24
25 -28
18 17
0 16
-8 -11
12 22
15 -7
19 -25
-3 -8
6 6
-18 -8
-13 16
-4 -10
10 23
21 25
-4 23
-18 -11
23 19
14 -25
-10 21
13 -8
21 9
-5 -8
19 -28
13 8
-24 14
9 -5
-26 17
27 -6
11 -3
-15 11
12 -14
-7 -11
22 -7
-22 27
22 16
15 2
-15 -24
-16 -7
21 20
3 -4
-2 15
0 5
12 2
10 -24
26 18
-15 -8
10 2
4 27
3 -6
19 -17
12 -20
19 -16
-21 -2
-18 -15
3 -23
11 21
21 2
3 -9
27 3
-16 -16
16 22
-8 -21
-13 4
-14 18
-27 -23
21 21
12 14
-1 1
8 -15
-13 9
18 -13
-20 12
13 -2
6 -21
12 16
-20 -20
11 15
-6 12
-10 5
4 -11
-13 0
-2 8
26 20
18 -15
22 24
-21 22
12 0
-13 -3
-15 -14
-15 27
24 2
-10 -22
-16 -11
-10 22
-5 -25
4 5
-5 25
13 17
-8 -22
-9 -13
-19 -23
-21 -11
24 12
-27 19
-1 16
-20 -25
0 -2
25 6
10 -9
22 3
-24 -26
-23 3
-2 -3
4 -23
-22 0
-20 20
11 -2
13 21
6 -22
-23 -28
11 -1
-4 0
10 19
-21 -25
13 -3
-22 -6
-20 -6
13 -12
10 26
-4 -15
10 -8
8 -11
1 20
-15 5
-26 0
-18 -14
-13 23
11 13
-11 13
-1 -27
-8 2
27 2
8 13
-1 21
-22 2
-1 -18
25 15
-14 -23
-12 -23
27 -18
-12 -27
24 -4
-28 -19
-8 -14
-23 -6
26 -14
17 -7
-8 18
16 11
10 -17
-27 20
-25 8
-21 0
7 -28
-13 -11
27 18
7 1
6 27
25 -7
13 14
-14 -22
9 16
-9 -8
-18 21
22 1
27 15
-26 -27
12 5
10 -22
-14 -12
-17 2
-6 -2
-28 2
8 -12
-2 -4
5 -7
9 19
-8 21
9 -8
15 -5
-17 -6
11 24
-21 9
-7 -21
0 24
21 -13
27 -11
-15 -22
13 -11
11 -20
0 -7
-11 -5
22 -25
22 -21
-19 -9
-25 -13
-18 2
6 -23
-18 -18
-27 -16
-8 -10
-7 -17
6 17
-26 -8
15 20
-12 9
7 7
-25 -11
0 11
-22 22
-3 22
8 -27
22 9
21 0
-9 -16
-17 -10
22 -14
-5 8
26 25
-4 7
22 -8
-1 -28
-3 20
18 -9
0 -24
19 -15
20 -6
-19 2
-21 27
6 -19
-8 -2
-8 -8
5 7
-1 -17
23 -21
-14 11
6 -10
10 9
5 2
20 -26
22 20
9 20
-28 -4
1 -22
17 -9
-23 4
-20 -8
-14 -25
-10 0
10 20
-27 -22
-28 -10
-12 3
-11 -28
3 25
-5 -2
-21 26
4 -22
-28 26
20 -19
-25 -9
1 -8
21 -6
9 -7
-26 -3
-13 3
-5 -21
16 -7
-2 -17
-6 18
-25 -18
-28 -15
-1 13
-18 10
11 -7
-21 4
-23 18
-21 11
-5 -18
-10 25
8 -13
18 13
15 -10
-7 -19
3 -12
-3 -21
5 -1
-23 8
2 8
-22 -13
15 22
-3 -10
24 -20
-16 -1
15 -19
13 2
-2 25
17 -12
-2 6
-13 27
-7 17
17 -3
23 -4
3 4
27 0
7 16
-12 -8
-2 -1
1 -1
-21 -18
9 14
-23 12
4 -16
5 14
16 9
-5 23
-16 -4
21 -28
-1 -25
20 -2
19 -13
-14 -27
15 11
0 -10
-25 24
-2 -7
-23 -23
12 -1
14 16
-20 10
21 -25
-15 8
16 7
-16 11
-5 -1
16 19
-18 18
6 -3
22 -20
-19 -6
-5 -6
16 -22
-9 -4
-9 21
-17 11
16 -9
13 -26
-26 25
-7 20
20 -27
10 -7
13 27
23 4
-6 17
1 18
2 2
5 15
5 -16
-16 -20
-21 19
-16 -26
27 4
-10 4
27 27
4 13
-25 2
24 -15
16 23
-7 -4
7 5
8 -10
20 -21
-12 -26
-15 17
12 -22
20 17
-9 -3
-4 -8
15 6
11 16
4 9
-6 -5
21 -19
18 -10
-14 1
-10 8
-19 -21
7 -27
14 7
7 3
14 8
11 -18
3 -18
-6 -4
2 -11
26 -12
12 3
13 -22
-20 -22
26 10
18 1
-2 5
12 17
9 -10
-24 4
20 1
19 13
2 18
-15 -27
18 20
-14 -2
-20 26
-3 27
2 -21
-1 -2
-22 8
10 -26
-5 -10
-6 11
27 -27
23 -19
-27 5
-22 -26
-1 -24
-2 -11
16 -18
27 7
-28 20
-9 27
-20 -14
21 -26
27 -17
-16 12
21 -22
-26 -22
20 16
-8 -19
-16 -22
-22 -17
-12 -19
-21 18
24 16
-2 -26
17 -18
7 -21
-28 8
18 12
19 -20
8 0
22 -18
-21 -26
-5 -7
-24 25
5 -12
-4 8
0 -28
21 -12
-25 16
-3 26
-18 22
-2 -15
-14 -10
12 -3
20 -12
18 4
-12 4
24 -12
13 -9
-16 -27
20 7
13 26
-27 16
-3 5
-9 2
11 -25
-22 -28
-20 -26
-2 -16
-4 22
15 -1
15 8
11 26
-14 -7
25 5
6 10
25 21
5 24
-20 2
20 -25
6 4
5 -10
-1 2
8 15
-27 27
10 18
26 8
-20 -9
13 24
19 -18
-1 -4
-12 -16
-22 -9
11 -11
9 10
26 13
25 9
-4 15
21 1
23 -28
17 -11
-4 -3
-6 19
-3 23
-20 1
-23 21
-26 8
15 10
25 -24
-26 2
9 -18
-10 15
-8 23
14 27
0 27
20 15
-17 16
15 -12
21 -2
26 23
-25 22
-6 2
2 -23
6 -15
18 26
14 -23
-22 25
21 -4
-16 -18
-13 24
7 12
-5 -13
-4 -13
-4 -27
24 1
19 -1
12 -21
-22 4
-8 -25
-25 0
7 -17
-8 -5
-5 -16
-15 -9
16 4
-15 -16
-6 -15
2 -25
-24 3
13 11
6 -17
17 9
16 -5
-24 23
3 -2
-17 -14
-24 -5
-19 6
22 -24
-6 -17
-20 14
-19 -25
-4 -6
10 -16
19 15
-11 5
17 6
2 5
11 27
10 -20
24 -18
-6 1
-19 5
-21 -15
-24 7
-26 -19
15 0
-18 3
15 13
-9 -5
2 -19
13 22
2 19
6 21
-25 27
-4 -2
14 -21
-27 4
-10 -28
-11 -13
-26 -24
-15 -23
-22 -7
-16 -6
-22 -25
-5 11
-6 -20
14 -1
20 -10
6 26
-18 -3
0 22
1 11
-8 -1
-19 25
-9 17
-22 6
17 -28
-18 -5
-24 10
11 4
8 27
-21 16
7 17
12 6
-25 9
-25 15
-9 -25
-12 -24
-10 11
0 -22
7 25
-6 27
23 -9
4 22
18 -17
-6 -28
27 13
9 -22
3 -15
-21 15
-4 -7
17 20
-15 -13
24 -26
6 22
2 7
24 -28
9 3
2 24
27 8
-18 -12
16 -12
-4 -5
-20 5
18 16
-26 -26
10 16
7 6
2 -12
0 -14
-18 9
-11 -11
-27 -3
-12 -17
-13 25
26 11
-9 16
0 26
15 5
25 -3
-7 -3
-2 -27
18 8
26 1
8 17
17 -6
12 18
12 -25
10 12
9 -14
-13 -24
-8 12
5 19
2 -13
2 15
10 -5
14 -12
9 -6
-7 25
21 27
-10 18
27 -21
25 -12
19 12
-15 -11
-23 -17
14 24
-14 -17
26 -23
5 10
14 -24
14 -2
3 8
-12 -9
-5 -22
-6 26
-5 -11
3 3
16 -11
16 -8
1 12
-21 -17
17 -20
-2 -20
-10 -6
-2 23
-28 0
-3 15
4 6
26 27
-2 -24
7 -18
24 17
18 -28
12 -18
-7 -23
0 3
-19 -18
-8 -16
-10 1
-5 0
-12 -14
11 1
-12 24
-15 19
-4 16
-16 -25
-27 26
14 -22
-3 -15
-11 -21
-10 -24
0 15
1 10
-15 13
3 27
3 -1
18 -11
-7 -18
-28 16
-10 -15
22 7
-13 -19
-1 11
-27 -5
7 22
-2 -9
-17 14
-12 1
-25 -7
-24 -27
12 -12
19 22
18 18
9 13
21 26
-17 21
-17 -26
-8 -27
19 -3
-11 -26
1 15
-14 6
17 -15
20 0
25 16
-1 8
-1 -7
21 22
26 -3
26 14
-20 0
-5 -23
20 8
-7 5
26 -25
6 -16
25 -10
20 -14
-6 -8
-22 3
25 -20
-27 -19
24 15
22 14
-16 14
26 -24
-25 5
6 20
22 -13
26 -6
25 -14
8 -18
7 14
11 2
13 -28
-22 -15
13 25
-7 -25
11 22
-6 -1
3 6
-4 -19
-4 -21
-6 -19
-11 25
-16 9
-19 -19
-12 -11
2 11
-4 5
15 27
-27 23
-4 20
12 -5
-3 6
-13 26
16 -2
22 25
-2 14
8 3
5 -9
8 6
-16 -8
-22 10
27 -23
9 15
15 19
25 27
11 11
-19 -3
-1 22
26 26
-28 13
19 18
0 -1
20 4
-6 -3
19 26
-11 20
18 -16
-14 24
-28 7
1 -9
16 15
-14 13
-27 25
-27 -8
-12 13
27 -2
11 -28
0 2
-9 -26
-27 -9
20 -15
-14 9
1 -11
-24 9
-28 -1
6 25
13 4
-10 -11
21 4
-13 15
-16 -28
0 1
16 0
-14 19
-10 23
-11 23
-19 13
-7 27
-7 12
-7 -16
0 10
9 -3
15 26
-5 14
-28 21
15 -21
2 9
5 -22
22 -23
22 6
-5 26
-22 9
-27 0
-17 -8
13 0
-13 -27
-24 -1
-17 -15
22 13
5 5
10 1
-11 7
-28 18
8 4
7 -14
23 18
-25 17
13 -18
-15 2
-14 -8
5 -11
9 -24
-9 -11
1 27
-21 -23
-23 -8
-9 7
4 19
-11 1
-18 15
-17 -2
-23 -20
-8 -12
-24 -17
26 -13
-1 14
0 21
25 -2
23 23
19 8
-6 -25
16 -25
-17 7
-1 24
5 1
15 -8
24 -13
21 14
12 -26
-23 7
5 27
-2 0
19 -5
-13 -28
-25 23
22 -16
13 -16
10 14
10 -13
-21 -7
26 -11
-11 -19
17 -5
-7 24
-21 -9
-2 -21
-19 -17
5 -19
14 17
-18 -20
7 -6
-17 -20
-6 20
16 25
8 21
8 26
-9 -17
-18 -7
13 7
-5 -15
1 1
1 -27
12 -7
24 -24
-23 1
-24 -6
15 -16
26 -22
-8 -15
-26 -23
-19 26
22 15
15 3
-19 -12
13 9
-23 -22
-17 20
-21 1
0 -13
-17 -13
-16 -9
9 27
-4 18
10 24
21 16
21 -9
3 -24
7 -9
17 15
9 -27
-24 -25
11 23
-25 3
14 -20
11 7
-11 -22
23 -10
-20 13
-9 25
-3 10
-7 -8
-2 22
27 -24
-14 -21
25 19
-11 4
10 -4
20 3
-19 -26
-18 -13
-8 -4
25 14
-22 24
-1 18
15 23
11 9
-27 -21
24 7
4 -7
9 -28
3 15
14 -7
-5 15
-26 -6
6 -27
27 -7
27 10
-1 -1
-2 -10
-16 5
-27 -6
-1 23
-25 -17
17 -27
-12 -4
6 12
2 -14
0 19
16 -4
16 -21
-8 3
-27 -10
-23 5
25 18
9 -23
4 -14
-24 6
15 -28
-16 1
-13 -12
9 12
13 10
-23 -11
-27 3
-15 -21
11 -4
2 23
-6 -24
-12 -28
-9 26
14 4
-24 19
17 12
2 -22
-27 -27
-17 18
-11 17
-22 20
12 4
9 18
19 23
-2 11
20 10
-25 4
-1 -10
20 22
23 0
-22 -24
0 -6
-21 10
-25 -2
-28 -16
24 22
3 -3
7 23
-5 1
17 -19
-16 13
13 -21
-4 11
-26 21
-22 23
-13 -14
-26 20
25 -9
-23 17
9 9
-21 21
-13 -7
-21 -4
7 -5
-24 18
18 -1
4 -17
19 -8
0 -21
15 -14
-12 16
-27 1
25 12
-12 -21
-23 10
1 -15
-28 17
18 -12
-11 -8
9 21
-24 5
-22 -10
-16 4
-3 24
-11 6
-6 -9
4 -12
17 18
-28 -14
12 21
-28 9
-14 -28
-1 9
-24 -10
20 -5
-5 -5
22 -10
-15 -18
13 5
8 18
2 -17
-23 23
-8 25
-11 27
-27 24
-28 -20
-19 1
14 1
8 -19
4 -9
12 -28
18 -24
14 5
26 22
-8 13
21 -7
-4 2
0 -25
20 -16
5 -5
13 -5
6 5
-8 24
2 -7
16 -26
-4 4
-27 -7
-27 -13
-8 14
-11 -2
-28 -11
-8 -20
-9 -12
0 -5
-6 8
1 2
-25 1
0 -11
23 -8
2 21
-19 15
1 -19
1 -4
-26 -14
17 24
4 -21
1 6
21 -5
3 -10
8 -2
-25 -1
20 -18
24 -6
-4 -17
-28 -2
21 5
-3 -22
5 9
25 11
-13 -6
-22 26
-20 15
17 -24
-18 20
-27 -11
16 -16
15 25
-25 20
-24 16
-15 26
-22 -19
3 -11
9 2
9 -2
-1 5
4 -25
20 -9
-12 27
-23 -5
18 -7
-3 -18
26 -15
25 3
20 19
12 -2
21 -16
-3 -4
-27 7
-6 7
-17 -18
14 20
-22 -5
-11 12
-6 23
-19 17
-19 -24
27 -19
-12 -18
-16 3
-9 18
16 10
9 11
-19 21
10 -19
4 -15
-20 6
-10 -13
-23 6
-15 -3
-10 16
3 -13
16 24
-22 -23
27 11
23 8
2 -5
-3 -23
9 -26
16 -24
-19 16
-26 14
-17 22
-15 15
11 -5
-28 -13
-26 -15
-14 3
-26 9
-13 12
26 -17
25 -8
9 6
17 -17
19 24
-18 16
11 18
18 -19
-26 10
-5 27
-3 -11
-12 23
-25 7
-12 -13
-8 27
22 0
-25 26
4 15
18 21
-2 -18
-28 -24
-19 -5
-15 3
1 0
8 -20
-6 -10
-26 6
17 17
11 -10
-5 6
-26 1
-13 -21
-20 -11
-18 26
-23 26
26 24
19 -2
25 0
-21 17
19 -27
2 -8
-19 18
-16 27
-13 -17
8 10
-17 -17
-26 16
23 -15
14 -14
26 -7
18 22
-17 -21
10 22
26 16
14 -9
-27 18
27 -28
-11 -12
3 -27
18 -3
-5 5
0 -20
21 -15
-6 9
-23 -3
-9 -19
4 -18
-7 -9
3 11
7 13
5 -18
-12 -10
-27 9
23 -23
17 7
-21 13
-25 -28
-15 -15
25 4
-4 9
-1 -23
-5 13
10 -18
3 18
-19 19
-10 -10
25 13
-25 -19
14 6
22 12
23 17
24 8
16 -3
22 -3
20 11
-1 10
-10 -9
2 -6
-7 -1
27 17
24 -23
-26 -17
-2 -14
4 21
-24 -15
-8 11
-23 -25
12 9
27 -16
-6 -21
20 -13
26 -26
20 -4
1 3
-1 6
11 20
21 12
-5 18
10 27
-27 17
24 -16
-22 21
-11 -16
21 13
11 -16
27 -15
18 27
25 -25
25 10
-10 17
6 -14
13 -20
12 11
13 -7
-18 12
26 2
-21 8
-6 -13
-12 -1
-7 -26
-9 -7
1 22
25 -6
8 19
-19 14
-11 -24
-6 -14
19 7
-12 2
-25 -5
11 6
-18 -23
-9 9
0 0
-11 15
9 -4
0 -9
13 19
22 11
2 3
-22 19
-7 6
10 -11
24 20
-21 -21
20 14
-6 -22
-17 1
20 24
27 -12
6 18
-20 21
-26 26
-19 -14
-14 -11
-10 -3
6 14
17 -2
-6 16
-15 -25
20 -11
-15 22
-17 -16
6 -9
10 -3
-16 18
-15 -17
14 19
8 11
6 16
1 17
5 -23
-3 17
-21 -20
3 -21
-8 10
25 -15
12 -10
9 7
-15 23
-18 17
-15 -5
15 4
-14 27
3 21
-26 -2
-1 -14
-17 3
16 13
8 -25
18 6
-24 26
27 -26
-3 1
-17 6
-23 -26
-6 15
-15 -1
22 23
15 21
12 -8
-28 -9
1 21
26 21
-27 10
-26 -25
18 7
24 -5
-21 25
4 14
-17 -5
-25 13
-23 -16
14 15
15 -2
-13 -2
23 2
-3 -2
-7 0
17 -22
12 7
-28 -18
-28 22
-28 5
-10 13
-26 -4
-11 -15
5 -3
-6 -23
-16 7
-16 26
-17 -24
6 -20
12 -23
-12 15
-22 12
25 22
11 0
7 -25
8 25
23 -26
-11 2
25 7
-26 -5
-26 23
24 -17
23 24
7 -20
-25 -22
-19 -7
11 3
-3 18
-11 -3
3 -19
-4 10
-20 25
3 0
-21 -5
15 -23
-5 7
-16 10
-17 0
-7 13
18 -25
23 -13
-24 2
-27 8
17 -13
8 -16
-23 -18
25 26
11 -15
18 15
-19 -13
22 -12
14 -13
-19 -27
-14 -6
20 -23
-20 -13
-15 -7
6 13
25 23
-12 -12
-16 -12
1 4
3 26
-12 11
-18 -4
23 7
-9 -28
-8 19
25 -21
-1 -16
-18 -22
11 -12
3 -16
-9 1
-2 27
13 -17
1 24
-25 19
-9 -23
-1 -12
5 26
-25 -24
11 -24
-28 -26
-24 -7
-21 6
5 -28
-16 -2
-18 -10
1 -13
7 15
-12 14
-7 23
9 -1
-16 -13
-3 8
22 -27
20 23
-8 0
12 10
-12 -2
-9 -10
-19 -2
5 -14
0 -19
-9 19
26 15
6 23
19 -4
6 3
-12 22
-4 -23
2 1
-27 -15
14 0
22 8
11 5
-3 -12
-1 -3
13 -10
1 -3
-28 10
-28 25
-26 -7
26 -9
5 -25
24 4
18 -6
2 -16
-11 22
-17 13
25 -19
18 25
10 -15
-14 15
13 -4
15 18
-27 12
-20 -2
-24 -22
-12 12
-7 -13
2 -9
0 -26
-11 -7
-25 21
-22 -1
20 21
10 15
16 -1
-19 10
-10 12
1 -2
-19 -10
-13 18
-20 -7
23 -25
-9 6
3 -5
-24 -2
-3 12
6 -18
12 -15
26 -2
-13 8
-16 15
-23 20
-8 5
-16 -23
21 -27
-15 -20
-7 -24
-17 5
-4 -18
14 26
19 5
-22 15
-9 15
-23 -4
12 24
-19 7
-15 10
-18 -24
-23 -21
-27 -1
9 -21
-21 12
23 -11
-25 -26
19 -21
0 9
6 -28
-25 11
-14 -15
1 -10
14 -6
-9 12
23 10
2 4
-24 13
6 -6
-8 9
8 7
-8 15
-15 18
-17 -9
-22 -4
20 13
-10 2
-26 -18
18 -18
-10 -14
-23 -19
1 -26
-3 21
5 -24
23 13
18 5
-6 22
18 11
-10 -7
18 -8
-2 -25
1 -20
-8 1
0 -16
-24 -13
-8 -9
-23 -27
-2 7
-18 7
9 4
4 -6
25 25
-11 -27
-19 24
-3 9
-18 -16
-3 3
7 9
-18 23
-13 11
19 11
12 -16
-2 17
19 20
4 -13
-25 -10
-14 -19
-15 -19
-21 2
10 25
-25 18
-3 -24
6 -8
9 -25
-7 -27
-17 -19
12 -27
2 22
7 -16
15 -26
9 -19
9 25
-7 2
26 0
24 -11
14 -10
-23 -15
-12 19
-24 -11
-16 24
25 24
8 -7
-17 4
-16 17
8 -22
11 -26
6 -7
-12 6
18 -26
-22 -11
0 -27
17 -1
-8 -6
20 -22
26 -10
-27 21
-12 7
1 -7
-10 -17
21 -23
7 20
3 5
-4 24
21 3
5 11
-8 7
4 25
13 15
-13 -18
-20 7
27 -13
-25 -21
16 14
19 -26
12 -19
14 -18
17 2
-20 -24
-18 25
18 -23
-26 -12
12 15
-23 13
14 14
20 9
-17 12
4 4
5 -6
26 -20
-7 22
14 -17
10 -28
23 3
2 26
20 -24
19 -22
21 -8
21 -14
5 0
-22 11
7 -13
-14 25
-24 -23
-23 24
-7 -22
-2 -22
5 23
-13 13
-22 5
20 -8
26 -27
-26 22
-23 16
22 -2
7 -3
-4 27
10 -2
18 23
3 19
16 27
-20 -15
18 24
-15 14
-17 -28
-3 -26
-23 -10
-2 -13
19 -23
-8 16
15 -3
-25 -16
-5 -24
3 -25
15 -13
-28 3
-3 -17
14 10
-15 16
19 -7
-13 -20
-28 -6
-16 8
24 -27
22 -17
15 -20
-28 23
-22 16
12 12
-2 12
27 23
-9 -21
-27 -4
-4 -14
-6 -7
11 12
-9 23
-15 6
7 2
5 -20
-15 -28
21 23
25 -1
-3 -28
25 8
19 14
-15 -2
-21 5
-7 4
-4 -20
-21 -28
16 6
16 -28
-2 19
-23 -9
7 19
-3 11
10 -23
2 -15
-14 -16
-19 11
17 0
-5 9
21 18
0 6
-14 26
-16 -5
-24 1
11 -21
20 -1
-9 20
-7 10
-28 -27
4 -1
11 17
-21 -6
0 -4
-27 -24
-19 -20
17 23
-5 24
0 -17
24 14
22 21
7 26
-27 13
-19 23
10 -21
23 27
-18 -17
4 -19
2 -18
23 -6
8 9
115
1371 5788
-4643 241
-296 -1964
-5284 433
-3037 -6070
-1261 2018
4747 -6211
2561 -49
4322 -6209
2723 3358
-688 -5501
3097 -3221
-4395 116
-5069 5663
5534 -540
6000 -2417
2577 903
2754 -1643
-3904 -4368
-5334 2766
-2077 -3876
3986 2271
5265 -620
1096 -2442
5424 -5880
-3293 480
3411 217
6102 1887
1278 -1470
2086 5176
-5386 4992
4456 3421
-2376 5924
-2829 -3207
4869 1264
-5700 2603
-2814 -3474
-5002 2333
-5609 2661
-2516 1625
3855 -3615
2051 2195
-2614 -802
-237 -4062
934 -873
-5228 5764
-619 -6169
-961 575
4778 4614
-2904 -4042
-3148 -1990
-5724 -2353
2152 -4310
1751 3042
-2732 -3789
4971 -1357
3457 4391
-2066 5048
2402 854
3009 6060
3997 -1286
3895 -5000
2009 -2714
-6099 -5180
-2940 -1555
-3299 3760
-1609 -5138
-4658 -5404
-2359 -2287
-1792 -161
467 8
-2565 -5620
-4527 -1078
-1994 -3864
-3665 -4069
2649 -514
-6019 261
2999 1915
-3819 -2290
-190 -2198
914 4330
1830 108
583 3202
-3835 -4499
-1505 -2274
-2326 5281
-5179 -6118
354 -3322
926 -433
2814 4481
-2210 -4018
-3227 -5990
6244 2729
-4419 933
-4113 814
-129 5297
-3622 1318
4413 -782
4506 4347
-1174 5127
1514 6220
-4251 -1712
4917 447
-4635 -5080
3638 -5280
-3557 -474
-4841 -635
1604 -694
-6212 -1447
5825 -1248
4556 -4481
909 2736
-2962 2493
3215 5879
-199 3905
1346
3080 -3504
-6053 7998
3566 5079
1239 80
3739 4243
-5953 -8066
1144 -4451
-269 117
2240 -7538
-4614 -4394
-5137 -6867
-2567 -1548
5345 -2137
937 -3095
-670 -3746
-1273 1275
-1686 -4974
5426 -4240
-4961 -6695
4053 2160
-5704 2106
-1156 896
-7186 -2834
4465 -7238
-6937 -1221
-6432 5481
2863 6100
7205 -3259
-2854 6170
6481 991
1406 2978
3915 -1982
872 -549
3873 7481
7086 5159
-2737 -6361
2383 -4854
-8049 812
-1277 -7462
-638 2649
531 2346
6410 7095
946 -4944
535 3003
252 5999
448 -3567
3915 -5371
-6594 7033
-6856 8028
7226 4555
2582 -7375
2669 4537
3296 6010
-7988 -999
-4593 -5433
5904 -1232
3604 -780
-2204 4854
1203 4761
-3006 47
-4084 4694
-7937 4395
-2333 -5311
-4984 1005
-1060 -2940
4182 -6242
-6244 482
-7293 4340
2612 2668
-3338 -3443
7715 1397
-450 -3605
-6864 -2277
-5048 -3082
-3815 -6304
7501 -1610
-1128 -1692
-7152 7509
4580 -287
5646 -4628
1547 -4554
7537 -5830
3314 4116
-6717 237
1821 4427
-4179 -1550
-4702 -6559
-519 -2321
7197 5322
7272 -3897
-4426 7702
986 7566
-17 1155
-6128 5051
3293 -3893
-7175 -2116
7349 -1469
4248 -7225
4756 2339
6698 7922
-4618 7612
2905 -3663
-675 1347
5313 2684
-5923 -5390
-1526 5108
-6837 -7140
-5123 -2351
-2223 1226
3391 -6135
7949 4959
1395 -965
7285 3874
-1796 787
-2925 -3163
-4869 -2603
1259 5169
-7462 6639
6064 -1775
-3234 -1383
7249 -5348
-621 -6220
290 -1893
6032 6157
-2150 -6257
3491 -4031
2455 -2087
-3781 -6629
-235 -5010
1977 4338
6422 3153
-4056 5680
-7541 -6449
-1455 6253
-790 6943
6773 268
-4479 -3179
-2265 57
-1206 3301
-660 3270
2672 -6596
5568 -3725
3254 2103
-1363 -3973
5133 6801
-3610 6296
1106 7165
-2151 -196
-6944 783
4934 -4990
1783 7105
5246 185
5662 -1960
1109 -5468
-2381 4281
-5868 -5025
3452 6478
-6462 3301
2821 5822
981 6036
-3780 -3302
-3616 4494
-2768 3594
5327 1687
-5284 -6854
4337 -5192
-1374 -4180
5245 61
6044 4475
-2476 -3977
-4848 5677
640 5235
282 -7627
3775 -471
-3389 1592
3054 -6870
4852 -8082
6047 -3212
5614 1568
6278 6521
-173 -5359
-2172 3693
-6737 -4712
-1543 -3669
3792 5023
3322 3581
5589 5203
-5864 -1854
-5095 5501
-954 -3215
-5356 1169
-4548 4275
-2088 -2519
5455 6052
1120 -3067
-2414 843
2929 5150
-5996 -7042
5381 -6865
719 -4668
5244 4975
3920 -6651
5408 7681
-2161 -4295
2737 4693
-690 -5545
-7772 -53
2978 4779
-1013 5054
-7555 -7357
-4779 -6698
-4402 7197
-2828 3480
-5502 -6888
-2137 -6403
7937 -1133
-5198 6662
426 -2059
-1466 5878
2282 6991
8092 3230
3508 -4745
988 -5618
6447 -2860
-1797 2042
6962 1816
-7238 3059
7209 -4000
-7608 2563
-4437 5424
-3264 -394
-7585 707
-2072 -7997
-2183 -1628
7066 6714
6067 -203
-3080 -4798
5448 -2846
3567 7668
-3367 -6661
6178 -5494
3102 6415
2130 5804
-4529 4224
-3063 -1479
1331 -5431
-4703 -613
5952 983
2782 1592
-1356 1845
7045 8055
1754 -4575
4230 -6411
7926 788
-3094 5668
-2688 -550
-1782 -2717
2257 -6457
-1895 7477
-160 -1259
1497 -5282
8088 7129
-4105 -7858
1416 5666
1450 -4756
-3424 -3049
40 1659
-3293 -1313
-7844 -6957
-66 3819
-4779 6104
6024 1419
5647 -5958
2664 4747
550 -5528
2245 -7883
-5434 -7018
-5801 -2991
-7949 6779
-5268 6083
3924 6112
1308 4027
-6256 -2406
6069 7847
-3815 1783
-5355 2
-4595 -2514
7838 2191
-1097 5158
-1154 6366
6733 -7975
6063 382
-280 -3306
6031 760
-3638 3578
6639 -2390
2888 -7827
5022 2927
-4752 7511
193 -6304
1705 2928
2222 7248
5465 8092
7160 570
-2984 6559
-6457 2897
-7418 7978
2112 5801
7595 5724
-7621 3590
-6891 -4051
1847 -1799
-4644 1676
6642 1007
4614 -3437
-5177 -2982
-3162 -6596
-878 7845
-72 5078
-2646 5802
-2890 -970
3000 336
3644 6330
6934 -7154
-7872 7591
1651 -294
2105 453
3216 -824
760 -3664
2310 5528
-1702 -4032
-7597 7187
-3554 -5661
6440 6626
6168 4917
-1090 486
543 -4222
-2948 -6073
-3345 2835
-444 -1206
-6713 -494
-431 -169
4801 1522
-8078 -6646
6146 -2481
-3645 -7847
3007 -1349
1852 1780
5752 4422
-6463 1888
-4849 7369
-6036 -2524
6202 1878
-6997 -7355
2035 7801
6196 7449
-5425 5480
6990 1813
-2149 8098
-6578 -5716
-8080 4872
3151 -1111
-2210 -6135
3181 -191
-6414 513
-6538 3940
2820 1412
-2188 -524
-4650 -6935
-7660 -2131
6975 1994
-4840 -4305
3951 6516
6630 281
-6386 4851
-2518 -6541
-4782 -5920
-1415 -3153
-2134 -1848
6206 1440
-3139 -7110
-3264 -2325
660 -7660
-3215 3963
763 -6671
-1413 -5296
7486 7860
-2811 -281
1575 -3132
-3718 -2142
-7452 7935
-6898 7791
6963 -4196
2342 4241
4553 4835
-3581 -7598
-2580 4025
-6081 8029
-1944 7687
3885 2091
-4394 -7309
7752 -2769
1473 6424
-4885 -3503
-5062 5637
3787 -2856
-740 5710
5128 5538
-5181 -311
-7894 1190
-5438 741
-5812 6677
-7451 -1921
3774 -7076
3185 -6594
4180 110
5967 -2624
2993 4920
7825 -4844
-4260 -7613
7431 5332
6991 -2734
5008 -5613
6674 5420
2527 -4605
7429 4254
6632 -6078
7714 2173
60 -2978
-926 -4737
7877 -2979
7771 -7877
-1927 6119
4804 -916
1282 -2158
-5244 -7569
1912 5641
-7315 -5971
-7117 -4048
-7618 -1066
-4484 4477
8016 -5320
260 -3096
-7600 -5863
-7225 4511
-1745 4704
372 -4088
-2046 1002
1784 2911
-6147 736
5482 -1422
6773 7985
3239 7751
-8003 -5177
1320 5229
4423 -4644
-5696 4840
-826 5139
3382 -2457
-1678 -875
6588 2863
5473 991
-7553 1217
-7709 -3835
-849 -398
-7935 -2732
1482 6161
1577 316
-5810 2670
2482 3527
3040 -2104
-1435 5320
-4342 6391
1801 7331
6905 7869
-5684 -5965
-2223 -5539
-4885 -438
-7839 -3958
-5878 6237
-6002 3077
729 2593
4638 -6045
-187 4891
-5863 -2865
-7597 -7496
-6276 6409
-2468 1113
-2299 1875
-632 6735
-1375 -2117
-282 -7923
4222 -6307
6044 5448
-7847 6336
1733 -5538
-7465 427
6149 -1842
1444 -7617
2833 -5988
-5378 -6594
-5308 -4018
3623 -3193
2765 -4887
-3397 1610
3386 -5922
-6709 -1365
6241 5820
7803 6904
-8027 -4140
861 1901
402 4078
-204 -7573
6925 -5213
-2361 5818
1455 -5371
-2819 -6369
-7565 -4090
7164 184
-7162 70
2554 -5509
-3859 -4151
-1586 3135
6290 437
-782 -3524
-4004 5679
7032 3285
6774 4571
4609 -1224
2437 1812
-3437 3445
3898 -6268
-6661 3157
-887 1269
3524 7834
1033 6619
216 3665
-4493 -4670
-4558 7129
6025 4975
4054 1125
-1005 4389
4548 7454
-6635 4304
-5818 7732
-6661 -666
1097 -5419
-3918 7053
-3559 6748
-1751 -6250
6072 -2067
279 5984
-5407 -3575
5469 7340
-953 268
3077 7756
6140 -5945
-3357 -6973
2202 3390
-7295 -5069
4707 -1000
-2051 -237
2281 -7036
-3835 -2207
-2975 -1577
5755 2604
2727 2179
4765 -3681
-5225 -7902
2782 4862
-962 5860
5538 175
3962 644
-1011 92
-512 -6103
5381 -1152
3954 7729
6144 3141
6563 -5963
-4191 6725
-7166 7612
-6562 -6973
-6032 -4757
-3027 -4225
752 -512
-3812 1216
6783 6134
-5480 1681
6975 -3963
-845 -1650
-991 4589
7213 7272
-3947 2284
7424 7546
1062 6382
-7322 -2854
4241 2956
3753 2001
-1834 155
7097 -5856
-5767 5772
2224 7521
2910 4953
5494 -1086
5816 -4430
-5641 -7290
4716 -5411
-2429 5139
-1436 4342
5728 -7460
-2896 -4173
3360 -5858
1558 -2182
1910 -1187
5408 -3904
2252 4368
-5025 -8016
-136 -5686
-276 -5892
6652 4710
4979 4430
-1132 1331
2082 -5909
-2138 -3429
3228 2951
-2111 3342
1565 -2178
5360 4145
-852 -3168
-3861 2644
7408 -2931
1387 2119
-2008 -5480
-4202 -7212
-7739 4800
3545 -6525
1699 -4464
2939 -1201
7628 -7775
2295 -5403
-3571 -5034
6149 1466
-1404 -4648
38 2923
4331 -4809
7663 7089
4073 1451
-2442 6132
8107 -1376
654 -443
78 -3427
-7577 5085
-6296 3143
22 2409
3075 1972
-474 -5359
1802 6867
411 7026
1542 -7875
-3746 3077
-4419 -5648
-3581 -7616
313 -1700
-1017 7563
1622 3448
2327 -1203
-7169 -1520
4072 -6431
-5542 3818
6764 -5040
-5310 -6330
-7191 6571
-1287 -6916
4870 -3861
5297 6280
-3410 688
-4232 2024
1149 4046
-7875 7313
601 -6792
-5636 1351
2830 -7852
6319 6601
2382 -7298
7539 -4603
4720 -6928
-4286 216
-1425 -7574
2239 1617
2518 -7312
2249 -114
4007 -5721
7080 498
-4436 890
-6677 6170
2354 7592
1399 -5137
6604 3046
-4234 -7994
3161 3564
6761 -8105
-5580 7274
-2364 1911
-6979 -3958
1638 2306
-7825 7051
-1007 5844
5252 -524
3791 6182
-3934 -2330
4734 -6980
1182 3787
-6814 5959
1444 -5502
3881 2062
2602 7402
6342 6137
1737 -7953
-2112 -7960
-4291 -33
-6975 -5564
-4628 5841
-3119 3813
7715 3225
4731 -7597
3351 2345
4817 3646
324 -214
2307 438
250 5165
4299 -5007
2286 6175
-6136 3610
-6371 -7239
6767 -3114
-311 -3497
7467 1631
1916 -4703
7627 7915
-6985 1398
5976 2465
-4491 1114
-3735 -5330
7381 -4667
-7014 -1932
5081 663
4533 -7014
2 -3214
7369 2617
-5772 -3337
-313 7961
4358 -6133
5054 -7712
-7371 -4266
-5114 -2809
-2142 -4813
-3750 -4350
5458 4742
-3461 2787
-3825 -2628
-7141 4706
-7599 -4579
-8072 -2604
5614 7873
2513 -3320
-6826 3590
1803 855
-2412 -3203
-4946 -5146
-81 -6114
426 -7629
5946 6015
4925 -3574
1862 2719
-6320 1838
2748 2309
-4600 -3162
-6979 5719
-1491 891
5947 -26
2046 428
8063 -4076
1425 -5811
5719 -6821
5811 7066
2835 -6458
7104 2391
6208 -5443
3929 -9
5089 -8088
-2549 -7295
3169 2798
-7573 6814
4622 -4864
1059 -3499
-5063 6061
-3690 5418
5199 -2640
1244 -4766
-5062 2804
-993 4563
-104 -3985
2656 -3482
-3996 7949
6768 2626
-1119 7358
-4937 -1150
-32 -5352
-4714 4619
-7036 4979
7389 -7667
-3322 -6915
3507 -2411
-6915 6261
-3172 -3005
-3902 2986
-3518 6543
-3086 -6373
1903 -3904
1085 -797
1060 -4947
3180 -679
2815 3935
-2125 971
6549 7054
4392 -3357
-3608 3377
5355 2340
-5488 4774
3650 4024
1638 -1696
413 -3758
-7752 1705
-5806 -6071
81 286
-2094 371
2530 3681
915 3156
7358 1152
767 4590
-2808 -7503
-6580 -5765
-6701 3909
2757 -1776
2699 5209
-6666 6822
5330 -846
7117 4056
-6454 -2060
-6785 2272
-2467 2589
1658 -6833
-478 -1871
6722 -1882
4625 -1574
-6525 -5603
-523 -5581
6648 -177
3481 -6073
-990 5424
4607 -1725
-4691 -1675
4997 -5047
6610 -926
8103 -2228
1529 5678
4768 -2467
6736 5346
-1999 -6134
2258 -2893
-722 -7619
4231 5254
-4936 -4381
-4688 -4899
2790 1605
-4686 142
-4187 -4921
-51 7953
2722 6709
-3399 -7150
-3575 824
-3553 -838
-7861 -4134
-3689 6696
3296 3063
3236 -512
-5690 2081
6013 5742
-4260 4908
4558 1004
869 -2697
-670 -4544
-7373 2494
-1848 -5047
-6196 5648
-1385 3176
-3845 -676
4053 -2855
-1125 -1925
-6501 -471
-1589 -846
-5768 726
3619 6672
-7168 -683
-1963 -7899
-8048 -304
-7774 2499
1612 -6345
2544 5113
-2048 -1188
-620 2244
-7202 3327
-5377 4235
1929 -6405
4155 2826
7420 5500
1463 4736
4242 1435
-1110 -2533
7860 6343
6752 -5323
-7315 3371
3094 -4418
-2509 4717
-2579 -4663
-8038 2359
-6421 -4505
3226 2602
-6724 -443
-1613 -5631
170 1979
-122 61
-3461 -5042
4947 -6096
-3435 6582
-4286 -2976
-5787 1656
-4890 -3711
6823 -1310
-2981 4504
-7082 4970
4450 -71
-6550 -500
4208 -7751
-2474 -1276
5131 -4718
2615 -4516
977 -6290
-7091 -3682
3818 1552
7065 4983
4184 -431
-81 -465
1381 2569
-7838 -1897
1686 -4879
355 7139
3313 -1920
-7074 5357
-85 7051
-7598 -7441
-5161 7119
-6517 4303
-2079 5608
-857 -5655
-6463 -7477
5727 -1290
526 1248
-7032 -6943
-940 4390
2732 -1796
-1367 6160
6154 -633
4612 1503
-6478 -44
-7703 -3545
-1384 -5528
-396 -4214
-7104 -5550
-6874 -7030
2429 7255
2545 -1224
4492 7715
-7267 1285
3350 7809
7307 995
6862 6304
2728 2917
6863 7970
-1203 -7810
-216 -7254
5790 6552
-6276 5474
-3909 -6878
-1639 5712
-2285 5049
-3861 -5671
6749 -1192
-649 2034
2620 2595
4653 -144
-3840 366
-2475 7485
2602 -3186
5724 -6276
-3825 5464
1535 4515
1484 2246
2554 1369
3032 888
8012 6491
5140 -3293
-7801 2329
1801 -3167
-6123 -3137
5147 3376
766 -6606
-621 -870
-7146 -2356
206 3274
7139 2034
4574 6508
3813 -4330
-526 853
-98 6115
299 -1216
-5212 6733
-1929 5923
-7245 3095
1407 774
4269 1055
6044 5634
-5088 1136
-6561 4494
-1086 3535
-7226 -8
1522 5894
4383 6698
-6895 389
2399 5055
-704 5371
-3392 2705
7227 1574
-2133 1769
-6454 1616
1588 2688
1708 7406
4588 -437
-101 6350
-6501 3520
-212 7274
6842 7201
-6891 -4819
3487 4425
-3671 -3953
5771 -159
-912 7491
5905 -6622
752 3026
184 772
-7789 5234
7319 3956
-5189 2126
385 8082
4623 -1512
-961 -6927
5385 -5218
-7580 4901
-489 -2172
-7720 -4222
7650 -2263
-654 -7349
504 3556
6628 -859
6411 -3906
5404 -6328
-6544 -4522
-1876 7466
743 7078
-4773 -2710
-7443 -2168
4491 2178
-4934 -2447
7049 -257
-79 -4110
-3368 -5876
-5159 -8023
7219 7585
1894 -6232
1238 449
679 -1428
-2928 -7133
-4270 -4140
-732 -4881
-5169 -3502
507 1491
-3002 -2046
2487 -1605
4260 3131
-2481 -2648
-6147 -3642
2672 -1833
1689 -2380
2426 5102
7346 -6616
-5657 -5449
2194 3794
4955 4938
7790 5949
-1818 -2770
4146 -5811
4262 1779
4084 -1905
2273 -4899
5996 -4146
-6566 -4856
-514 -7312
-6683 166
-5192 -7635
-965 3232
-7144 5273
2050 -7015
-6133 658
6756 721
556 -5212
-2238 3123
-1237 6160
-5150 -7812
-3538 8045
3471 -7697
881 3818
-3662 -3465
-2640 -7869
-5773 326
1118 6106
3118 564
-5048 7467
-292 262
-713 6344
7586 -2688
2947 -4579
-3426 -6953
7496 6431
6701 1794
6915 3575
-5982 -7801
1729 5838
-449 -5441
4119 -3112
-981 4239
3508 7219
4869 -170
-453 7069
-1219 -6741
4303 -5102
-6473 3
6867 1701
-993 7079
2464 -4486
-1920 -1334
7517 3338
-7006 -916
163 -6977
6927 -1464
8080 6599
1789 666
-6737 -1665
-5226 -363
-6551 -202
-3928 -7108
-1372 7293
-6757 6335
-4220 -7385
-5618 -387
5131 1558
1382 -946
-6269 -3988
-158 5061
-6933 -993
933 -1119
1839 -2521
5048 -7898
-4327 2943
-4885 5116
4121 2505
988 -3444
2651 -1809
5322 2830
6468 1586
5053 1106
5649 -4417
2108 1336
7957 -6910
503 7574
7225 -4685
-1493 207
-2593 6296
-3823 -5783
1364 4403
-4030 6710
-7801 3361
3631 -740
-3841 -6668
-7814 1612
-5799 -4469
-1031 6567
-2673 2253
-2673 -5719
4240 7647
5519 6142
2392 -7959
2813 -7426
-1554 -6042
-3970 6990
5331 434
-3333 131
-2326 -7795
3543 2838
6488 7624
6426 5410
5627 700
2131 -3510
6413 4618
-398 1489
-6414 -5258
3851 -3354
-7566 4240
-5286 4239
-6504 -4640
-7461 5224
5763 2230
-2612 5045
736 2862
6273 -6859
-2907 7179
-3106 5262
3092 -7368
-3145 -4318
2753 2340
-1233 -480
3434 3696
-6869 1323
-2595 2030
2133 1849
4769 -6437
1137 5824
-2941 -5362
-1101 3625
-5179 -2214
-1076 2622
-1018 -1540
-6509 -3270
6878 -3731
-2893 5056
-2640 6257
7364 -2827
-2442 5518
130 6783
5276 6862
7324 1285
1195 -4437
3579 5490
-4725 -3446
-1907 7575
1363 -4092
-2562 5712
-5416 2209
-1857 4143
4239 -571
1512 -2859
-1943 -997
-5205 -3774
-638 -2921
-6189 -7599
-5318 -2041
7685 -5889
3966 -1250
3971 6624
-2846 3703
7872 1139
-5952 -5855
1969 -1256
-6020 -3526
-852 -3383
6313 -7070
-873 -1009
3043 -6439
-5336 6413
2634 1465
-4737 3090
326 5141
428 3579
-5529 -812
-7376 -492
2774 -6814
3784 -5982
7368 -4809
6604 362
3520 3331
4131 124
7012 -4730
-4740 -871
-8103 -3985
6547 -1047
-3838 5089
-865 -5316
-6873 4612
-4196 -2299
7536 1126
4285 -6923
6636 8047
-5932 677
-7413 7951
-6590 -5044
-2971 7768
496 2853
1510 5164
-5503 -4594
6752 -4083
624 6772
-4328 -2956
7833 1834
3076 7751
5854 4526
-4204 423
5538 7969
-2892 3218
5087 6435
-3893 1683
5497 2075
-5579 5799
-4830 104
5769 1680
5613 1392
-3333 -364
1494 6542
-4988 1650
-5649 -7419
2746 2102
-7924 -7978
5517 -1939
1473 3396
-617 2818
5747 7141
1146 -5033
6782 -1254
1991
3211 -1117
593 -1199
-2619 -2529
-2184 1291
1113 1232
1720 -2680
1383 284
2322 -335
-3295 2919
229 988
1508 -3297
-1276 744
-1353 2732
910 -2692
-3099 667
-3331 2742
2345 1542
1988 2496
-2254 -3186
48 -697
3093 13
-2898 461
-202 1091
-2385 -2359
-2789 2440
-3259 -1703
2149 518
141 2564
1756 -2318
-2614 1982
3026 -187
-2027 -815
-2856 3394
3300 -1454
-1032 -509
2510 -1415
2180 1832
-3183 -839
-171 1129
2965 3348
1028 2519
2032 312
-1919 -989
2636 -2896
934 -274
-159 -3107
-2149 -2559
-1122 -155
1212 3157
176 -778
3216 120
-417 2879
2321 -2620
2909 -2267
733 -1948
-584 3081
-956 2484
-2642 2510
3089 -2751
2250 -2470
-3109 -1638
248 3399
1276 -3237
-3406 -172
-1479 -195
1583 92
1133 -740
2626 3351
-1464 2649
1039 -767
2173 -634
222 -2512
-2117 1028
-3139 -618
-1571 3263
2190 -2396
-1415 -138
318 -2731
966 91
-2674 2748
-2521 -998
-2636 370
-900 -2250
-1314 52
1445 -2768
-2163 2040
1262 3221
-3231 -2454
-2287 2698
-2409 2694
856 3139
634 953
1286 -1703
2143 1018
-1179 1713
1645 -3140
954 487
1476 1318
732 -477
-986 -1290
2544 3016
3266 2363
1431 -2825
-3354 -2191
3158 -297
-1077 -3217
1538 -3057
2676 -1755
1396 -1149
-3141 1976
1580 -2103
2705 3100
1026 -3284
-3323 -2575
2362 772
399 2949
-2787 -491
2655 1025
2066 -871
1345 1635
99 954
974 989
1957 3096
-499 2340
2649 -2407
2823 2008
-2496 -2710
1688 -1720
2216 2214
2630 -3186
1414 1251
-2583 241
3033 20
-782 1207
-693 -1769
3110 1842
1722 -3145
798 211
-1550 822
-3067 -37
1127 1226
-3215 -1343
-1448 2062
627 2240
-790 768
1127 3026
-2397 1225
1632 1271
802 593
-126 -467
-1033 1389
-2163 -988
3180 659
1025 1026
2355 -2799
-1761 -3176
1185 -2125
2352 -951
-215 -1697
-506 -739
-1939 -2337
2461 1501
909 -1246
-2197 -3362
-923 -2241
-1429 2907
1741 1595
-1991 3220
29 333
-129 2309
3340 2321
-2552 3129
-2082 -1473
-187 693
2890 1739
-15 2950
-2671 2717
-397 -510
-1051 -794
1847 -1651
1626 1786
-242 2548
-2174 2721
2335 2443
-1514 2686
-2974 713
-2344 -3294
-2836 -3391
116 1534
-3334 -3140
-796 852
3359 -2318
1123 2425
2157 426
2719 1233
1940 -2718
-1155 -3342
-2230 1036
-42 -3174
-3185 -3065
-1919 269
2068 -2062
-164 -2872
2795 -2904
2662 2561
1366 1360
-1534 2383
2685 -2389
257 -2079
-961 361
1970 3182
2030 -2067
2571 -2128
-2973 -2727
-2784 -2716
-880 -2422
-3184 -142
-1292 1936
619 1479
361 -2066
-1228 -1489
1581 -3030
2733 828
-161 -2108
3029 1373
-1118 -1366
1682 -1777
349 -164
3246 1708
2481 -807
-2283 1865
2760 2846
-2639 -1054
-450 1954
406 -1398
-627 -3360
1690 61
1848 1473
-580 -157
2573 -2190
2769 1
-159 -1418
-3200 143
-1288 -2396
491 -1783
-2335 1201
-2484 -601
-631 1169
2337 -2119
2131 265
-2191 -249
3365 3112
495 -2054
-2458 -1318
452 -1408
2019 -2061
2491 -2842
1677 1992
2156 -99
684 1994
-1701 1191
-1966 -364
-3195 -180
-352 -1026
3145 -415
-2714 -2748
2567 -2792
491 2524
413 3330
739 45
2336 -2770
-168 2381
2221 -2800
-2300 1118
197 2626
-1723 1825
-2744 1330
1880 2923
1653 2749
-556 1785
1512 3332
-1877 456
-1188 -1578
1800 -589
-2113 -1058
-3057 -2863
1193 -3317
-611 3223
3225 3294
128 -790
-2212 2879
-2717 1493
-861 3239
-3244 -2762
-612 3122
-2309 -85
41 1762
3355 -2783
-2543 270
2743 -599
629 1829
-2653 -929
1703 494
-1118 1428
2849 3340
3008 -716
116 114
-2979 -1342
-3059 634
3285 -2416
2717 -1245
3111 2662
942 -2118
-3079 -2358
-3342 -722
-2875 -2198
-1897 -2008
2174 -1057
3241 -1298
-1049 -2986
115 1594
-3015 -3127
1614 2880
1940 -3396
-924 582
2615 1182
3389 -3212
-3355 -1328
1013 84
-1411 932
2094 3343
211 -66
-2559 -1146
-1804 -692
3139 -511
3347 -2087
-1907 865
-1991 1669
-1667 937
1928 419
-2566 967
-2566 -1712
732 2953
-2111 964
284 -1751
807 -701
997 -1063
851 602
-425 3055
-1058 -1249
-1054 1901
-3404 -2573
645 2457
3082 -232
2322 3157
165 -568
2349 -2798
2299 -1439
-2308 -2546
-2781 -3034
2810 -952
2224 722
768 -1752
1869 1432
3281 -404
-3010 -1412
314 2075
-712 1098
1850 1025
-492 -655
-2336 1752
-533 3017
2991 2866
2493 3002
2884 -3353
-554 282
-2978 2769
-921 -2082
899 -481
3107 -3098
2647 -1636
1951 -2038
1690 1183
-1249 3028
2544 -2143
2781 -803
-1904 -443
697 -2116
1491 -657
2480 303
-2598 -969
3407 620
538 1821
-3128 -909
1509 -1328
1795 295
841 1784
66 -486
787 1897
-1745 2099
-1606 2246
-2721 2535
-778 3194
2640 3068
1156 314
3321 2895
1758 -2044
3050 -2936
625 -1480
2411 -1228
-2973 -3343
1070 -3289
-3136 -249
2885 1412
-3040 -2287
-1114 3094
-126 -1229
-1667 693
2997 185
3024 2046
2240 -2498
-1942 -1725
2565 -2704
151 3155
727 216
3389 2274
3060 2164
3068 2878
-506 1150
-813 -741
-1498 -2861
2441 -2991
2615 1556
-3353 -3368
2249 140
1701 3276
2270 -532
442 -625
2515 -280
1030 1636
2892 -1064
-2071 2477
2957 51
1984 -1243
1956 -660
-2000 -2448
-2384 2586
-3224 3365
1253 1486
2946 -953
-689 577
2911 351
1233 -1301
-466 2694
-2365 -2052
-338 -2133
2823 1997
727 -668
529 1748
-780 2770
1514 2857
-1960 -345
3379 -2496
2391 3016
-2680 -1676
-1835 -1024
-321 -243
3357 -1480
-1001 1743
2896 485
-1951 3376
-2696 1768
-1418 2153
-3136 1032
1313 673
-3326 -257
-451 762
1236 -2917
-2634 -2648
3294 3220
140 2863
-1808 900
892 3032
1856 1518
1047 -71
-469 2976
-1498 -1420
-1728 1335
316 -3356
-917 -2355
-240 2823
-837 2223
-481 714
-321 -3359
494 -2371
3180 -1337
637 -2862
3016 206
-1922 -2898
-432 2025
1405 -991
-885 -1274
-1450 -3244
638 -2988
-243 1020
-3208 -3118
667 -2186
-2985 2726
2449 -1723
-1490 2545
1802 2132
2738 -2097
1575 1749
-1656 119
1738 987
-1364 -743
501 -1723
536 1396
-900 3208
601 -2368
-3319 2096
3083 -3116
1517 -342
-1255 -2728
-1052 540
-2785 -1122
1175 2822
-2080 -348
-1798 301
2588 -1117
1964 1015
-1786 1790
1591 -708
587 3269
-3215 -2144
-2774 121
820 -2979
-3107 -697
1567 -1329
2278 2161
-3078 -3350
1396 -1795
2685 3073
-1107 -1680
-362 274
-2112 -2006
-1913 -2678
3208 2264
-1561 -1861
843 199
2420 -2233
613 1049
-3390 2213
5 -1050
3221 -2592
-2841 2918
-1212 -1644
3204 -871
-2261 754
-941 2844
667 2870
-1459 1823
672 -2900
-941 1424
924 -1540
116 -1677
-2014 -2489
2258 107
703 -1652
2131 -3274
2626 47
-567 2173
-3361 -2563
1076 3191
-2267 -2395
2920 -3219
-259 1511
-1982 95
-1974 -4
619 -1411
2792 1202
127 -1916
190 3170
-2735 -1393
476 -2036
-1672 1359
1890 -2194
-1153 -280
-1955 -1370
447 -1329
-2128 514
621 1713
-3304 -1559
-473 -267
738 3276
2259 1459
2318 2162
823 -1796
1173 -2630
797 -1214
987 -1300
667 -2184
2346 -121
1455 3302
3016 2826
-819 -347
1388 1356
2690 -1954
2580 191
860 -2730
1639 1814
36 -3118
1287 -317
-624 2896
-2598 685
2491 -1206
1353 -2275
612 30
3050 3116
2287 -449
2023 2357
-1002 -1212
180 549
310 2295
3305 3185
-3390 2674
-522 -1669
2391 -2438
953 2626
1335 1275
1410 -716
-3053 -2631
-2270 937
1111 -1328
113 -2322
-1831 3384
-2543 900
2311 -123
-527 1688
814 -263
2896 -2908
844 336
-3345 -408
1733 -2085
2901 -598
2026 -2241
2576 331
-2127 329
970 3340
1461 -1985
-1908 1473
-1179 711
-2912 426
-3158 -1753
-1786 768
-402 2158
-3301 587
1911 -2391
-695 1007
-647 -974
-1961 -1101
-97 333
2157 1338
-1272 -1440
402 -3095
49 -3045
1070 -3138
2401 2362
-3178 -844
22 2755
-149 -1649
674 535
-1017 -2425
2461 281
-1752 -499
73 1405
-2689 -970
2646 2528
-1943 -2035
-2491 3057
-1788 -1956
2363 1816
2160 3243
2035 -1209
-1099 -3199
428 2185
686 2883
926 541
-220 603
-2232 -97
-2003 -450
1595 -650
-1287 2630
3129 2370
2883 1904
-1984 -1731
177 -1771
-144 377
1093 -2652
-2924 -1932
2356 -2175
-742 -823
-3016 -2383
2521 2067
-681 1095
-2357 3304
2748 -259
3357 -3036
-3298 -2868
-3410 2080
-1177 -2346
2309 242
2670 -995
1791 2479
-2238 -2625
1224 -1948
-3173 -491
3 -1902
-2348 3073
-2083 -2543
-322 3156
-2433 -1744
644 -1580
-1509 -825
2944 -2049
3124 -2987
1502 -583
-588 -358
-2611 -544
-248 -3187
-2534 1639
2855 1604
-411 -2188
3343 -2287
3148 2803
-1296 1083
-2377 -1967
1610 -1154
1877 3054
2359 -1468
-1724 -961
1088 3318
-1420 -2257
-1588 -2021
-1737 -2143
1519 2944
-1766 -2361
-1388 -570
3184 -1517
719 -151
1532 2223
-3214 -2643
828 -334
-2726 -969
1392 -3390
-3353 -299
1722 -1255
225 -1549
-1972 -3218
-2894 -1713
2225 -3096
-1043 2016
-1263 -431
3065 1391
3079 -1079
-978 -1693
-3047 1229
797 556
-2453 1132
3295 1119
2265 414
-3331 -1148
-881 -316
-1605 -2765
-3157 3336
1162 1697
-587 1990
3221 865
3272 -2025
-680 668
-638 -1530
1716 1503
-18 2333
2791 -1678
-1242 3047
1819 -3227
2539 -2148
2842 -2685
373 -663
-1086 3304
-596 122
-2044 -1295
1821 -2854
3083 2794
-3129 -2081
2801 2092
2773 -1425
1949 -2844
1980 -569
3125 2869
1727 -1642
-3236 1794
-1581 933
2425 832
-1378 1043
-502 -793
-2112 2468
-2052 2492
672 -1400
1472 3311
1365 2687
3214 3087
3152 -1405
294 -1525
-13 2090
-289 -1180
96 -907
-1191 -903
-2696 2925
-23 -2854
1432 2758
2908 1519
-3122 3054
-2675 2580
857 2113
2406 -2446
634 -1304
-2823 -79
2951 -2109
-954 2340
850 -1820
2725 -1925
671 3092
2919 -1100
2823 1569
1937 -2398
2757 -1285
587 1838
-685 -600
-1356 2847
2562 3153
1827 2449
-2033 -814
-2049 -1598
-3222 -2358
-2747 1046
-3235 3175
-622 2910
-2622 12
249 -3140
-2541 3155
-2806 1198
1023 1113
-1536 -628
1886 2846
457 -368
1265 2234
-1629 1213
-1464 -255
764 2803
993 744
-872 1530
-135 -1980
-640 -3018
-2389 1181
-1057 -1032
-1219 -1721
1556 -3300
-428 2441
-2011 -761
2916 680
3359 3299
-2312 -1462
3264 809
-1520 2173
1640 1074
-648 -2178
1393 -2796
-2942 711
353 -3347
2349 262
221 3038
-1304 -3077
30 -258
-634 98
-1776 -2711
-108 -2019
-2028 3300
-1166 2113
-752 1502
2779 3381
-889 1245
2787 -965
-3277 3203
1415 2592
125 -2075
-2956 -573
3099 -785
1541 -966
-642 -2938
2683 -1528
-2519 2954
863 -1025
2066 547
323 -2490
-3182 -2468
-2101 799
-2428 -673
2746 2912
1799 -92
-1399 -3261
974 -1323
655 1073
590 -1313
1784 -2841
2230 723
-2519 -2356
-1726 -1148
2288 1248
1902 348
-1962 -3047
-1425 1050
2329 3034
364 -2968
3197 -1988
543 1275
743 1332
-1322 -1627
-2800 -413
-2307 2981
1944 1892
-3021 -755
1866 -930
-431 1113
1916 1778
2700 3100
809 -1449
-3210 1025
287 -2947
-2325 -1936
-2667 -2209
-2102 -633
2166 -137
3383 89
-186 1413
1761 1478
-1259 -913
560 -1031
549 2664
501 -111
-93 -545
1075 -834
-549 -1413
467 3365
-1675 3121
-596 -1016
-2276 1882
372 1649
-1755 -2996
1322 -1131
-623 1504
572 885
-760 -510
1067 2521
78 1800
3006 -767
900 3296
441 -3014
-1100 -1130
2886 -135
2615 -3085
-575 -1130
939 813
-2675 2457
2281 -477
2362 382
3341 -321
-1976 1091
-2951 3051
1970 -877
-748 -1666
1 1233
-1117 -1083
1576 2880
1260 -717
-920 -1366
1139 3301
1164 160
2190 -2130
-714 2890
685 1691
-2302 -26
-3342 2683
2753 2980
-1045 -257
670 -935
1217 -2211
-2083 -487
1858 -830
17 -60
-3317 -3014
-276 -336
-1792 -24
-838 -2419
374 1395
-2778 3081
-382 -607
-747 -473
-964 2043
2073 -1905
722 1702
1927 2941
92 733
-1774 1552
1798 3239
2935 2094
-2755 -2576
178 -154
2712 -3120
2147 -2847
-2095 -540
2026 -2135
-3005 -122
180 1088
1327 -973
-1346 1842
1036 3400
-2331 2102
-2987 -457
3061 2411
-1247 3052
-1028 -2557
-462 -1444
-2938 -1607
-2913 1165
-2234 -1964
2540 1132
1532 88
2281 2904
-685 109
-2433 1288
-901 -1002
2122 -1599
-1953 -871
1608 -1382
-395 2266
-453 -1555
1422 -3231
-198 -1509
-431 -392
2586 3131
1132 -1005
112 -577
3222 3184
-612 2768
-2819 2510
-1552 450
-1584 3002
-3310 -159
1570 -500
-1223 -238
3378 1952
-1005 -1779
-1294 -22
-151 896
-2418 2465
-1628 -199
681 1808
-2553 1518
599 -1323
-1026 614
-2664 2492
-730 -2901
2334 240
876 -1173
1510 769
3208 2148
-1568 -646
1922 -2742
-2740 1553
727 2891
-1123 -222
1730 577
2181 3153
2127 3172
676 -2244
3138 2826
1746 -2207
1601 3305
1856 2705
531 -2511
-2481 674
1453 -1856
564 -53
-2357 -3214
-317 -1494
-2604 505
1319 -1017
48 1670
1412 -2931
-570 390
-288 689
-3214 -3020
1948 1851
1029 -1572
-18 1308
2856 -1647
-799 1409
152 68
376 1584
2551 -2021
989 506
-640 -903
-1357 -2047
269 1251
-2967 -2729
1846 -2873
2323 -1048
747 -2932
-2994 -2735
-2754 2931
-2511 -2450
-1353 -499
95 2125
-2035 2131
-3365 -3147
-91 -837
3276 2287
-2945 1124
1745 2852
3094 445
1002 2530
1641 1815
-1631 216
-1896 -546
1779 711
2276 -2934
-1857 -701
-2166 1283
-1802 -817
-3196 1266
850 142
-1090 3183
-1935 1871
1238 917
2153 3120
-1530 1369
-2211 2343
789 2875
-3109 134
-647 3329
-2587 1641
2836 -1522
-1110 -1950
2228 -2320
-838 569
-1827 -2541
3255 198
-2238 3139
-893 -2576
-485 2496
96 -2000
3165 3301
726 -1321
561 -1458
-1305 1517
1228 2607
3082 -497
-1420 -1006
-530 1704
2451 1732
-142 3024
-2808 -2251
-2007 1518
560 2131
564 -52
-2549 -1990
701 -695
-1099 1374
1899 1823
2980 2920
2136 -1950
3194 -2726
-2078 1342
629 1007
-2995 -2319
2115 1027
3080 -259
601 -975
396 -1275
-428 507
-1378 30
-678 -2142
3152 502
1895 -960
-1282 -650
-2800 -2750
1419 1997
817 763
-3093 -767
1631 -3072
725 2212
-2027 3217
-3106 -2885
2224 -266
2749 1584
-2333 35
1214 1583
2521 -3091
2318 -2979
1622 -2137
-36 820
-3396 2668
3098 -2450
1341 1307
-3296 -3201
-1141 -2927
254 -2974
-2459 -2746
-2811 -3402
-546 -731
1251 499
-2475 2858
-1780 2153
1858 -126
393 -3245
2319 -1654
-2659 -2383
-545 -1395
3040 2296
1122 -924
-212 -2190
1111 -2081
-2302 2691
-478 2606
1685 2682
1969 -1727
362 402
969 -2606
216 -722
-674 1885
996 -701
-131 575
-1643 -799
275 -1867
2037 -1605
-1078 1447
1276 189
-2055 -2607
2179 -2962
2160 -1956
313 -3361
3058 -394
-1030 1928
3059 1045
2933 1408
2622 -1097
-1724 1479
-3355 -1131
-2581 872
455 1020
1006 1881
-288 -2844
-3276 2613
1387 -3073
844 -2472
-2424 2538
-633 -178
1154 -683
-328 1869
-972 2573
1196 1433
-1556 2436
-373 292
-2594 1463
760 3391
-3369 -617
2054 -364
1114 1815
-289 -1912
170 -594
769 1001
1526 -1130
389 437
-1737 -1967
-1517 3011
2340 -1876
-2595 1140
-218 878
1136 313
902 1934
3216 2304
1043 1526
773 -2123
-988 1175
2650 -792
2139 674
1655 -2684
-1779 498
1028 2594
-2522 -1713
3131 -444
-102 547
-3216 1713
1162 -3233
2755 -1977
-1587 -1845
-2977 -2919
-1289 2000
67 -3013
367 1862
-2178 1291
785 2190
-2191 2014
3110 -2700
-3001 -2504
2632 -2298
-2319 2641
2267 1214
1272 -539
3118 -3185
-2624 -2746
-1288 1844
649 2677
47 -2867
2917 -2633
-2122 1026
-368 387
2659 862
2291 -2846
-224 2257
3288 -397
-729 -1206
516 -139
1014 3329
1059 762
-2215 2817
296 -2587
-741 1566
977 1116
935 3365
-3306 -1535
2346 -1327
-2493 999
-1977 2770
-3287 -1074
1620 2273
-1963 2219
-2187 -2404
-2248 537
-744 232
-1105 2026
1226 -1687
-622 -2158
-3247 1561
-1936 551
747 -2363
1654 -1164
2779 -867
-646 2280
1911 -945
-664 -2716
1317 -3040
-2497 -3307
1404 -2917
-1379 2745
-2240 -25
-20 2504
-2197 -3176
-2537 -1178
-806 -3039
-1978 -1836
-1229 -3035
490 961
-2184 -3404
2916 552
2969 -1575
183 2576
-1328 2274
-2890 -317
2542 -2640
404 -1656
347 -354
-1516 -844
-557 -2823
9 316
907 3030
707 -1955
119 736
-420 2772
-2786 -3192
-254 -2419
1132 -661
1490 -3053
-560 -1805
-78 -3253
573 2474
-1736 -2041
-3320 1888
-123 2782
2641 1765
-494 -2674
2020 1004
334 3168
-609 -758
-2765 -1968
1868 1022
1864 1289
-2605 -295
2918 -1131
-866 863
1230 2412
-481 3314
113 -134
1876 1631
361 2798
-3061 -1482
1965 -1760
3196 706
685 -1097
1775 -3020
-280 2302
-390 -3194
-1959 2242
2864 -3284
2081 -990
530 -2407
-821 2490
2919 319
444 2016
1883 1349
730 324
28 -1025
-3025 -436
-172 3382
-1106 1333
-605 2649
-2507 -1582
-2494 -3008
2347 -161
3302 2383
-1514 1057
-1581 883
-2347 1945
-784 -2519
2831 1594
-2032 -20
1192 -2587
3164 510
-138 -2064
-125 1530
2246 271
-3313 477
133 3015
-2379 948
-1112 -2548
1621 -2622
-2218 -2673
-1239 783
1796 -1339
-1944 -1996
57 -1144
-749 -570
2017 48
1170 567
2621 -2564
-430 1700
-1440 2539
-2833 2157
2824 -1970
454 585
2021 -442
2909 -3270
1695 195
2337 -3322
3051 711
-2218 1914
2895 -583
-2947 -248
2823 -903
2996 -142
-1687 -2450
-2896 -282
-870 -1401
1708 -1060
-50 -3117
-2502 -1315
-2951 -2429
1678 3358
-2404 1494
3035 -251
-892 -495
-2970 -2176
-2821 -1702
-2918 -2402
-3189 1860
701 -3148
855 -384
-3090 -2687
1826 -563
3000 -2253
2532 173
-1008 3098
-2914 2697
-3068 -2229
-799 1392
-2994 246
-1371 -1263
-421 -1044
-3388 3354
-663 1968
477 2021
2189 -2183
508 -2658
763 -2939
2221 2231
1748 -1627
-895 2193
-1038 2570
2910 -2094
-110 1092
-1046 2737
-2410 938
-2578 1946
-129 -1711
-2750 223
3126 -2670
-1567 -2528
-2860 -1593
1371 -1230
-280 -2854
-1474 -968
-1411 -1917
1606 -1902
2728 -1773
1226 1732
-1410 -1699
-1864 3264
3149 2421
-3299 3344
2721 2736
-2287 -1754
-2025 1776
-2598 3130
3070 -815
-3379 2965
-59 3300
-1841 -1908
2289 1424
-79 998
2631 -1026
2338 -3370
-1629 959
-2946 -3067
-2756 -1353
968 -677
-2923 1448
874 -494
-575 930
2818 473
-445 2256
1889 678
232 -1717
-2318 -464
2065 -1904
-3344 2394
1194 -1132
1634 -2211
-2590 -3254
-1799 3134
-38 -1993
697 3240
-553 218
-2612 -2311
-2213 2819
-453 2791
3287 234
-897 -2101
2112 839
-848 -1978
538 3308
-1678 3253
2978 -1777
1625 2891
-1431 -3132
1523 -2755
-1888 55
802 1069
-449 -2511
-2469 3040
-3254 -123
509 2567
1986 2907
3251 -699
2283 -1021
1869 2492
-134 1423
2160 9
3 3268
2832 -886
3361 3035
2442 1395
-1823 -2222
2511 1744
-1867 -143
1912 299
1097 1418
-1522 1189
3216 1701
-2666 944
-2131 2749
-807 2413
1463 1189
2137 1655
184 -25
3367 -2980
-2094 -2725
-283 183
-2278 -2413
3098 1756
-3215 3083
2770 2965
-1151 1903
80 1250
-3402 -893
-2942 1471
-1416 -2757
2563 -1827
1195 -1665
817 3123
1601 -1485
786 2351
2144 -1385
2641 910
1774 2787
-1907 -1271
-2585 -1766
-1523 2379
-1163 2637
-168 1372
-414 -2266
-1282 -1241
525 -1950
3080 -2916
-1852 -1375
820 656
-3164 -2682
1964 -1674
-1473 2831
2389 -2788
3370 1115
2721 -2281
-3305 2694
2478 160
-1381 -1446
-3194 717
-1783 -916
1571 -437
3066 1499
-820 -2862
-1803 -1951
-1905 3051
-1866 707
1143 -463
-2389 1304
-2743 -2612
1581 -2383
2186 -2413
3097 -1664
2019 2273
-1689 -637
3162 -1525
-2673 -3271
-3377 3029
291 1176
27 -892
2489 3022
-899 975
589 -2939
-1279 -1651
2913 929
489 1175
-3351 -1622
-1100 2823
1865 2264
-2082 -1038
-42 1456
-2213 3064
-144 1048
1253 1986
2595 186
-1135 -2452
-1066 -3215
-2506 1053
-1783 1477
-2909 -56
819 -277
-1026 2317
-590 -1994
-2566 -1587
1231 -256
2307 3143
3055 -2427
2755 -1889
-1919 -1663
909 1741
791 341
-2895 824
3391 -1640
1366 -383
2109 -1756
-3004 -2376
-214 285
-1777 -1087
-2615 -2243
497 -2788
1992 2219
2168 -1049
-65 2037
1888 2029
1020 1496
-3337 -620
1250 -1995
404 2755
-2545 2907
-1190 -1286
-2362 3052
-1134 -1448
1179 -585
-888 2308
1986 -1249
593 -2172
-2118 -1846
1551 3326
706 1206
-2841 -1556
-569 -2409
-604 -1036
869 2565
18 2373
3256 -1764
-2083 -715
-2161 2538
1967 668
-3116 -1450
-475 -2198
-132 631
1118 29
-2482 -3053
-1113 -1138
787 3375
-725 -2282
2424 1979
2311 1576
323 1531
1167 -2866
-395 2585
1703 -906
1033 -778
344 -2456
179 -107
-3345 98
3135 -841
1764 -1825
-628 -1602
-655 841
3215 -3141
-2154 37
-576 454
1685 1250
-3327 110
-2890 -1670
-1654 1194
841 -2167
344 -72
-1611 -120
2438 184
-151 2577
-2435 -2562
-1634 2830
-751 2717
-888 316
601 -2704
2850 -1129
-820 -1357
40 1423
2030 1249
-1576 -1198
931 -374
-3186 -1191
-1638 3228
-2019 2409
-754 168
511 843
-1473 1759
2297 -1177
-809 -2049
616 -242
-2455 1740
192 3291
-2470 2367
1646 1150
-1433 -3246
1169 -2375
-73 -222
-2134 50
-2678 594
2522 -3215
-3088 -1267
946 -3253
1535 -1665
-719 -3059
3220 -1855
1725 1836
-1172 3376
391 -255
-1628 -1115
3383 -1567
-1276 1835
-3383 998
3300 -2180
-1015 -2298
-1474 3177
1398 118
394 2074
1605 258
1613 1955
2774 -432
-3238 -3119
891 -2686
554 -3128
1357 -470
-2544 1401
-2287 -3303
-536 1165
-1012 -397
2017 315
852 647
-2946 -2265
-2 599
-622 2539
-2468 -2492
24 -3135
1075 -1404
-1170 -1845
811 879
1634 -2700
1328 3180
-376 2380
2406 -223
1487 -1608
-1891 -80
-2766 876
-1514 2190
1415 2522
-543 -1456
-1493 -2292
-2029 572
2105 1398
-2366 -223
2433 -1930
-1300 -1192
1165 -2788
2293 817
2967 1034
1409 -198
1626 1692
2183 1617
-685 1834
-1319 -196
2865 -2019
52 -1737
-1437 -693
1755 286
1013 1627
-1375 242
-2385 -1579
-1574 1344
-548 -2188
-636 -3075
1830 640
2417 2989
1256 -1495
3404 -782
-648 -1564
-869 -293
1204 1567
-2657 1065
-1445 -2340
3403 -3379
-1744 -3325
664 -929
270 2337
-1462 1564
-2679 37
-763 -1604
1378 -522
-333 303
-2558 -2833
-1039 -2622
-2344 52
2521 -876
-2653 -1680
1091 1500
2635 -2964
3369 2431
-1391 -2512
-1663 -1922
2095 -39
2329 -2625
-3149 -100
3117 -2900
-2420 -2867
821 -2638
-1014 2548
1450 1617
-413 -2359
-479 1015
-1806 2450
2155 -2373
932 51
3231 -445
2690 1874
-317 879
-1842 -295
-1542 -3109
1715 361
2207 -337
1572 -2135
2230 -2731
3322 -1276
1396 1583
-291 -2240
-208 -996
-1508 412
-1435 -1881
-175 2917
1012 -3345
-3007 -119
2916 -275
221 2724
1809 3370
3101 -1164
1461 -1836
910 3145
2670 -2702
-952 -2453
-911 -1538
-1521 -1351
-1584 1919
2359 218
-108 -1845
-1842 -2003
-2010 1977
-1361 -1591
2519 2160
174 -3045
-665 -54
-2707 214
-1330 -212
-2105 382
323 -2501
-636 -23
2942 103
632 1427
-363 440
-1719 2620
3148 -677
1995 2512
-975 1551
679 -2390
3291 -1387
2916 410
2871 -3019
-1157 -698
1762 2106
1670 1528
2134 -1130
-944 -274
-1225 2604
-1040 -2565
2826 1647
3219 -3222
2625 2272
1837 -811
-1486 1127
-3052 -2156
-3026 -2549
-1201 1316
-1509 2596
-2154 3303
3
0 0
0 1
0 3
2000
17 -7
-4 -14
2 10
-11 23
12 18
-14 -7
23 -4
-15 -7
19 -6
2 18
21 18
-5 -6
-2 -8
6 5
-3 4
10 12
-18 1
21 -19
0 4
11 -16
-11 -9
-24 17
2 -15
-15 -18
6 20
-7 -2
-8 3
-1 -4
-24 -2
5 -1
-8 -4
11 -8
20 -13
-22 -8
-20 22
-3 11
18 -4
9 4
-17 -23
13 5
16 11
-12 -20
-19 3
7 -11
-6 14
0 16
23 -17
10 -16
18 11
4 -3
-20 1
4 23
-7 20
-24 7
1 -10
7 -13
3 -13
22 -18
-6 22
-9 -22
-9 -4
-4 -5
13 19
-22 -7
12 15
-24 -15
5 9
22 -7
-6 -18
13 14
5 12
5 -17
-12 9
-15 -15
3 -2
3 -21
-3 19
0 -4
14 6
-9 1
-7 8
-20 19
-11 4
3 -16
-14 13
-9 4
10 18
10 -13
-14 17
-9 6
15 -11
-10 -19
2 -4
-4 11
6 21
-20 6
2 1
-9 -19
-3 -21
21 7
-14 12
-23 -4
4 -11
3 9
-17 11
-1 -12
-6 -1
-21 -19
8 -7
7 13
-3 16
20 14
-2 -23
-18 23
17 10
-10 2
4 -22
-8 11
-23 7
-20 23
15 3
-8 -17
2 7
6 -11
2 16
-15 6
-10 -10
2 14
0 -10
18 -15
-22 -16
-1 -14
-6 5
-19 -19
0 -18
-7 1
-4 -8
-19 -23
12 -1
15 22
-13 6
5 -21
6 17
3 4
-1 -1
21 3
-11 7
-24 8
3 13
18 -19
4 1
16 5
-14 -19
15 -7
-7 -17
-19 21
13 18
-9 18
21 15
1 5
13 21
-23 -23
3 1
22 8
14 9
11 -10
-18 -11
8 10
-18 -22
15 9
4 -15
13 15
-4 3
-7 -19
-18 11
13 12
-13 0
9 -23
20 5
-22 -17
16 -15
-24 10
5 5
15 19
-5 10
-20 -19
13 -22
12 5
-21 10
-20 -8
3 18
-2 -7
15 21
8 7
20 1
-11 -7
-20 -14
4 -6
-4 19
8 13
-21 8
-22 17
-20 17
-16 0
6 0
-4 -1
15 -15
-2 -15
10 19
1 -20
5 -12
18 4
-4 -11
-2 -11
-24 -7
10 13
-11 -17
7 -6
-16 -7
20 11
-4 23
-5 1
-7 -15
-9 -16
11 -13
16 18
17 -5
-14 -6
-2 13
23 -16
20 -22
-1 6
-20 4
-1 8
11 -18
-13 -1
0 22
-17 2
-7 -5
19 -23
22 -19
12 16
-11 0
-9 21
12 12
17 -18
22 5
11 -22
-12 -15
-7 18
21 11
8 -5
0 20
-2 -16
-17 5
21 4
4 3
-2 -22
-2 -17
8 14
-7 14
6 -23
23 9
19 -9
-16 9
6 -9
16 -17
-16 -2
-17 14
2 -23
-3 -10
12 -19
-20 13
16 -4
8 -21
17 -14
-8 -22
-7 -24
-4 -7
-7 3
18 5
14 -16
-12 -6
1 0
4 16
15 -21
-5 -18
-8 -21
-18 16
16 -19
21 -5
-24 3
-3 -23
-10 18
-1 11
-23 -10
11 3
-11 8
21 5
10 -6
16 -6
-22 12
20 10
2 5
-19 22
-2 0
0 -3
11 -24
13 -23
-11 -12
-8 -2
14 12
21 -18
-23 -24
-2 3
22 22
2 23
7 12
-17 13
7 6
16 -11
-10 8
-5 -5
16 -5
-12 -4
-22 2
-17 21
-8 23
-13 -23
12 23
-7 -1
-6 7
20 22
6 -14
-6 6
-17 -16
-15 -11
21 -14
5 -14
-11 1
-3 20
-5 22
-2 -14
-6 -10
12 -9
-1 -5
4 -17
13 -15
0 11
6 14
-19 2
-20 2
12 -4
21 6
10 -21
16 13
-11 -4
-18 -3
17 12
20 -21
18 -21
22 2
3 3
-9 -18
-14 18
18 10
-17 19
-5 9
8 12
-19 6
-18 -20
12 -23
10 4
11 -6
16 -20
-19 -6
-9 22
11 11
1 4
21 -2
6 22
-1 -17
16 9
8 22
-15 18
17 15
-16 11
-16 -14
-17 8
5 -10
-17 -15
-5 16
3 -7
-21 12
-22 -10
5 0
-14 6
-8 7
-18 6
-19 -13
-2 1
-13 19
-21 9
22 -16
20 -11
0 23
23 -11
12 2
-4 -12
-5 -23
14 -6
-18 10
-21 11
17 14
12 -24
21 12
9 -11
-12 5
9 1
-2 -5
-19 13
9 -8
-23 16
3 8
-19 -21
-12 7
23 15
11 8
21 17
1 -12
-7 6
7 -10
-17 -22
11 -1
10 6
16 -7
15 -16
22 4
-7 23
2 -17
-3 18
14 -12
0 -19
-16 1
-17 -24
16 -21
17 -19
-22 23
-10 16
17 -2
13 -13
0 -6
-24 9
-2 -19
17 -21
14 5
-20 -13
7 18
-4 -4
14 1
21 0
-13 -13
23 -12
20 -10
0 21
1 -17
-5 0
-17 7
1 -23
-1 -15
2 15
22 3
23 13
-14 11
-8 14
23 10
12 -21
20 -7
-5 15
21 -12
-13 -9
-23 -1
8 -22
2 3
6 6
22 -23
18 18
-16 22
-3 0
-22 -11
8 -10
13 8
20 -5
9 -2
-2 22
11 2
9 -19
8 6
-17 -4
-20 -15
12 21
22 -13
21 10
8 16
16 15
-19 -3
-5 -7
20 -16
-24 6
19 11
9 -22
-8 -10
11 7
17 -6
-17 16
7 5
11 -3
-11 -24
-16 8
9 -15
6 -22
-10 -17
-21 -6
-23 12
-2 8
18 -3
20 6
0 1
-9 13
-21 21
19 -3
2 -24
-21 -11
9 17
-12 21
-2 16
10 5
16 -9
17 -22
-23 -5
-15 5
22 11
2 -1
-6 -15
-7 -11
-7 -8
-24 16
-24 13
3 -19
-19 -5
15 -13
18 17
-14 22
-23 -17
-9 -14
-11 12
14 -2
-21 17
13 2
-15 -1
11 -11
-19 -16
11 18
-8 13
-5 14
4 -16
14 -23
12 14
-22 -18
-21 -4
15 0
18 13
-14 -22
23 14
14 -14
16 20
14 3
10 -2
15 -12
-4 -15
4 -10
5 23
-11 17
10 23
-21 20
20 -8
12 -17
6 18
2 -14
0 -15
6 -18
-20 12
-2 5
1 18
-11 18
0 -9
-9 5
-21 -18
17 -13
-15 23
-5 19
10 3
-1 16
15 18
-17 22
15 5
-11 10
16 -23
21 21
10 -11
10 -23
-16 16
16 12
-15 14
-16 -24
-9 15
-12 18
-13 3
-19 11
20 -24
-4 -19
23 11
-11 9
-3 -7
1 -1
-22 -2
13 -2
20 -9
-11 -23
-6 17
21 20
9 20
23 -22
0 -11
-6 -24
8 11
12 -15
4 13
5 16
19 -5
22 -8
-8 18
2 -2
-20 -10
-17 -14
-20 16
23 3
-18 17
15 -22
-5 -24
17 -10
-12 4
-13 22
-11 -14
19 -10
-5 6
11 -15
5 6
-10 3
10 9
-14 9
-13 21
5 -8
6 15
12 -13
-21 -12
-5 -22
-21 -24
15 -19
5 2
6 -8
18 8
19 -13
-11 21
-15 12
3 -15
-9 16
-20 -3
-9 -9
-12 11
-17 12
19 17
12 7
-14 -4
-12 14
-13 18
6 -15
-16 10
11 -17
-17 -13
-8 -19
0 -13
4 -5
-23 -12
20 18
-12 -7
-3 21
17 -3
-12 10
23 -3
-5 -2
-7 -7
-3 14
-13 -12
12 -18
8 4
18 23
22 -15
0 -20
-1 20
-16 -23
4 21
-1 3
-18 15
-13 -24
5 14
-6 -11
20 -17
19 5
-7 -4
17 6
5 10
-10 23
-16 -4
-6 -4
12 -10
9 14
16 19
-15 7
14 -4
-17 1
7 -17
14 -5
-15 -5
-8 -24
-9 3
-24 -6
-11 3
21 14
-18 -2
1 -6
15 15
9 -14
23 18
3 -12
-19 23
17 17
-21 -2
6 3
10 17
-21 6
18 2
17 -20
6 -20
23 6
-22 0
-20 -18
23 -2
19 20
-19 17
10 22
-12 19
-24 -9
3 -9
18 20
3 -17
-12 1
-19 -10
5 -9
-23 -9
13 20
-24 -4
-10 -12
-22 10
13 -3
-18 -10
-20 0
22 6
-2 20
-20 -12
-21 -5
-19 12
-16 3
-11 -6
22 -6
4 20
19 -2
-3 23
17 20
5 19
-9 19
-22 -21
3 20
12 11
10 -24
7 -1
0 7
16 -22
14 -3
4 -2
-18 -23
11 21
22 19
-23 -11
19 19
18 -1
-14 10
-9 20
-1 -13
-10 13
-1 21
7 21
17 -15
-4 -21
-8 10
-2 -21
4 -18
21 16
13 -8
-4 -16
-4 -20
6 19
4 -7
14 -15
-10 -15
-13 15
-7 19
-17 -7
23 17
9 -17
17 5
6 -13
21 1
13 -14
-19 8
11 15
-4 2
-20 -9
17 1
19 10
16 0
-7 17
6 -1
19 -18
18 6
8 -16
-17 -8
-24 21
-15 22
9 -7
23 8
8 19
2 19
9 0
19 6
-5 8
16 22
-23 14
16 10
-12 6
20 20
3 11
2 -16
8 17
-7 5
-4 -6
-18 -6
8 2
9 5
7 -16
-17 -2
14 -11
18 12
-15 -3
1 -13
-22 18
6 -21
-18 -5
-22 -20
-18 -19
19 8
18 -7
0 8
14 -17
22 16
6 12
-7 7
7 9
-6 -23
19 -17
-1 -10
11 -4
-8 20
-17 -3
2 11
-1 -23
-14 -10
-5 -13
-12 -2
22 1
22 18
-6 12
5 8
8 -17
-20 14
-3 10
21 23
-8 -1
-1 -24
23 -10
7 10
-19 -18
5 3
7 -7
15 -20
-4 21
2 -10
-3 2
-16 15
19 -7
-21 -1
4 -8
-14 15
11 -12
3 -14
-24 -20
21 -4
-13 -15
2 -12
-10 -23
-22 20
21 -16
10 8
-18 22
-5 7
1 21
-11 16
10 -18
-18 4
-6 8
8 -19
23 -18
12 -7
4 -14
-17 -6
-3 22
3 -3
13 -9
15 4
16 -16
-24 -17
-3 7
1 -2
-18 -4
15 -5
11 -19
-3 -1
-10 -22
-24 22
-16 -19
6 9
-24 -1
-14 -5
-19 14
-17 3
-13 -11
-1 18
21 -24
14 4
-13 9
-15 -6
-22 14
-15 1
16 3
-14 7
22 -12
13 -10
1 -21
1 16
13 -11
-14 3
-1 -18
19 12
-21 -23
-17 -19
-4 12
22 -3
6 2
10 -22
6 -6
-22 -19
6 -10
17 -23
19 3
-23 17
20 -15
-2 15
14 -24
-18 12
9 -5
23 -24
17 8
19 13
-4 -13
16 17
9 -6
23 -6
13 -1
18 3
10 -12
-4 18
4 -20
-8 -5
-13 4
6 1
22 -5
23 -14
-8 22
-18 21
-8 4
10 -8
5 -11
-3 8
8 -14
21 9
-12 -24
-12 -16
9 -12
11 9
-14 8
-2 -4
1 -8
-8 19
-17 -21
9 13
16 14
16 7
15 12
-1 22
18 -18
-12 -12
-6 -19
-12 -1
22 14
-11 11
-16 19
-24 5
22 -9
0 -12
15 -14
22 -1
17 2
0 -14
-19 10
-4 4
-6 21
19 -22
5 -20
-11 13
-4 20
19 15
-16 -13
-19 -11
-1 10
2 8
-1 -21
-24 -13
-20 11
17 23
-6 -9
6 23
-2 11
-5 12
-5 -1
-23 9
-13 23
-8 -15
7 2
0 -5
23 23
-4 6
-7 21
-14 23
-15 9
-6 13
-13 -2
-11 -8
0 6
-22 -23
-22 -9
-2 -13
3 10
13 -20
13 -21
7 16
-6 -22
23 5
-12 3
15 -3
-3 -20
-16 13
-16 12
-21 13
-14 -12
-18 -1
2 -22
18 22
-20 -17
19 9
-24 -14
-19 -12
-8 2
-23 -18
-18 13
16 23
-21 -17
-19 0
5 15
-15 -16
2 9
-9 -7
17 19
2 -8
-8 16
8 9
-12 -17
-23 22
16 -8
-20 15
-9 -21
-17 -1
22 17
-1 4
7 -3
-4 22
-9 14
-18 -24
1 -5
-7 0
-10 9
-14 -17
11 20
11 -21
2 22
9 -3
-9 8
20 -6
12 -12
-13 -17
6 11
9 11
-15 8
7 0
6 -16
20 9
-18 -13
10 10
3 -1
-5 -14
-8 1
2 -18
2 20
-24 23
-23 4
13 -7
1 -4
7 19
3 5
-21 3
-13 7
6 13
-23 -13
-6 -12
3 -11
-6 -3
-6 2
13 -5
-7 -10
20 15
-9 17
9 -9
-6 -21
-14 -11
20 -12
3 -23
5 22
-3 -5
15 -8
22 21
8 -3
8 -6
-21 0
5 20
-16 5
-20 9
-13 -5
1 -22
-14 20
-24 12
-21 23
-8 15
-6 -16
23 19
-19 15
-22 -4
-13 -4
-17 6
22 0
7 -18
-17 18
15 2
17 16
0 9
12 -20
-15 -9
-5 -3
-17 23
6 -12
-9 -10
-23 11
-11 2
-10 -6
-18 -14
6 16
-4 -18
-20 -4
0 -1
-7 16
18 -13
-7 15
-13 -10
14 18
20 -18
-12 -11
-7 -9
-1 -8
-6 -14
21 8
-1 -6
-15 -19
-8 -20
-8 -6
4 15
-10 14
-11 -19
-16 -17
-2 2
0 12
-6 18
1 8
-5 5
16 -14
-23 3
-1 19
-15 -13
-9 -23
-2 6
1 -11
-3 -14
6 -5
2 -3
17 -12
-7 -3
-3 -16
-13 -16
4 -23
7 -14
21 2
3 15
10 -4
12 9
-7 -21
-10 1
-12 12
-6 -6
22 23
17 3
19 -24
-11 -2
14 22
11 17
-22 19
19 -8
20 23
-16 6
4 10
1 -9
-20 -20
-10 12
-23 19
-24 1
18 16
-19 -4
-1 -22
-4 8
-22 -6
23 2
-11 20
-13 2
-3 -6
-7 9
-9 -12
-8 17
-15 -4
-22 -12
-1 13
-16 18
17 7
-14 -23
7 -24
18 19
-23 -22
-15 15
-19 4
11 1
-5 13
-3 -22
1 14
-5 -17
-3 -18
-7 -22
12 -14
21 -13
21 -10
-7 12
-10 -14
-12 -8
-8 -3
13 23
1 17
-14 -15
19 21
0 0
-23 -6
-22 3
20 19
20 -2
8 -18
23 -1
-14 21
19 0
1 12
-21 -7
6 4
-5 -19
5 -24
-7 -18
7 8
8 15
-5 -20
-24 0
9 -4
-2 -2
-21 -14
19 7
23 0
-17 -18
-1 23
10 21
20 -4
-2 14
-2 12
-10 -8
-21 -16
-18 2
10 -7
9 8
-23 20
-8 -13
15 -17
-19 7
7 -4
19 -12
-22 5
6 8
7 -5
-16 -9
8 18
23 -20
-21 18
-9 -2
11 -9
-13 12
23 12
-10 -4
10 16
12 17
-5 4
-19 19
-10 -9
13 -24
19 18
0 -22
3 2
1 -15
21 -6
23 -23
-14 -8
-14 -21
-2 -3
-24 19
-7 -6
-21 -3
1 20
5 -5
0 13
-8 21
-11 5
-4 17
-10 -21
3 -10
18 -20
22 -2
0 2
-10 5
1 -24
9 18
-23 6
-7 -13
-9 -1
0 -16
-23 1
21 -9
-1 17
15 13
7 -2
-21 5
-12 2
6 -19
4 -19
2 2
-12 -3
-22 13
-4 1
-5 -4
3 22
20 12
23 22
-24 -16
21 -17
3 6
-6 11
-10 -2
-3 -9
-14 1
2 21
21 13
11 12
7 14
-16 -11
22 10
5 -19
-2 7
10 -1
20 21
-12 -18
-8 0
14 7
4 9
2 -9
-2 23
-23 15
22 -24
-15 19
-6 16
-9 -8
-22 -24
-5 23
-23 -7
-11 -11
-13 -19
-6 19
7 17
-23 10
-21 2
-3 -19
14 -9
7 -9
-5 20
-4 -24
-16 14
19 -20
1 13
-19 -20
-21 15
17 22
12 4
-24 -23
-20 -7
15 -6
-14 -14
9 3
-18 -9
-24 15
-2 -1
-19 18
-19 -1
20 17
-1 2
5 -16
4 -13
-15 -21
-7 -20
19 -19
-7 -14
17 -17
10 1
-13 14
7 -19
19 -21
17 -1
-15 -8
-10 19
-10 17
-9 11
-20 7
-23 -21
-21 -9
12 1
8 -23
11 23
-6 -17
-24 -5
3 -20
5 -15
13 10
-15 20
6 10
-24 -22
-11 6
22 -21
23 16
2 13
-6 15
-24 -18
10 -10
-3 -15
9 -24
14 -7
-20 21
9 6
20 16
22 -20
-1 7
20 -19
22 12
21 -20
6 -4
19 -11
-24 4
1 -16
-7 22
20 3
-13 -20
13 -19
2 -5
-18 -17
5 -23
15 1
-4 16
3 -5
-1 -9
15 -18
22 -10
7 4
-20 -6
-3 -4
-1 1
0 -7
-23 5
17 -8
-6 -8
-10 15
9 -13
-11 14
-5 2
-11 15
-4 15
0 17
-13 11
-9 7
-12 8
-7 -12
-20 -21
-5 17
3 21
0 15
-1 -20
-3 -13
8 21
-6 23
5 21
4 0
19 16
-9 -15
5 -7
-12 15
-24 14
9 2
13 16
-23 21
-8 9
11 16
13 4
5 -18
4 8
-9 9
-2 -20
-22 1
-2 9
-11 -10
8 -4
7 3
14 16
4 -24
13 17
-14 -1
-15 13
4 -4
-14 -16
1 3
-21 -22
-15 2
4 -9
18 21
21 -23
-20 18
4 7
9 22
-2 -18
-23 8
-20 -22
21 -7
-18 -8
-1 9
13 0
16 8
-19 -9
-9 -5
11 -5
4 4
-17 -5
20 2
1 11
-1 5
11 22
13 7
-15 -2
-16 20
-14 14
-18 -18
17 -9
-20 -16
8 -8
14 -18
-3 1
-7 2
8 -12
22 13
-5 11
5 17
7 7
-22 6
-15 -24
21 22
-22 11
15 -24
9 16
8 -24
5 -6
-7 10
-17 -17
-21 -20
18 -11
1 10
5 1
12 19
-12 0
-2 -12
23 -5
-13 8
-24 -10
2 4
8 5
2 6
-1 -11
-8 8
2 -13
7 22
12 -3
-12 17
8 0
-8 12
9 7
10 -15
-24 -12
7 -8
-3 -3
-24 20
23 21
4 12
-9 0
14 15
-18 5
23 4
-20 5
17 13
19 14
15 -1
10 -3
8 -15
-21 -13
18 1
10 -9
17 11
16 -24
-10 10
-6 0
-6 -5
-23 18
16 4
23 -15
-14 5
-18 -12
-5 -21
-4 10
-16 2
-24 -3
-22 -14
7 -15
7 -22
0 -17
16 -12
-3 12
10 -19
-18 14
-10 22
-18 7
-1 0
-11 -16
9 -10
-16 -3
-1 -3
6 -3
14 8
-12 13
-24 -11
14 -20
-3 17
-11 -18
-3 -11
13 -6
8 20
22 -17
-1 12
-15 -14
22 7
-8 -16
19 23
-19 16
11 6
-13 5
-9 -20
-21 -8
-17 20
-14 -9
13 -4
-17 0
-14 -3
10 15
13 6
-16 -16
17 9
1 9
-21 7
9 15
-5 -15
-16 -6
-10 11
-23 -3
20 -3
-15 -10
4 18
14 -13
-16 17
-20 -1
16 -18
-10 7
-11 -20
5 11
-10 -11
-12 -10
-11 -1
-18 9
-8 5
-15 10
-22 15
-10 -3
20 0
1 -19
-9 -17
15 -2
-2 19
-14 -20
-17 -20
-8 -8
4 -1
-3 6
17 -4
18 14
-18 19
-9 23
-11 -22
-16 -20
-20 -24
14 -21
6 -17
-19 20
22 20
6 -7
1 7
-23 -16
-24 -8
-20 3
-15 16
0 5
1 -3
14 -10
7 -20
-8 -12
20 8
-4 13
3 17
14 20
-19 -8
-4 -10
-10 21
-9 -11
-11 -15
-6 -13
1 22
-15 17
13 1
-22 7
-3 -2
0 -24
-13 16
-8 -7
14 21
16 -2
-24 18
-2 4
-18 -7
-21 19
-2 -10
-12 -19
-17 -9
15 20
17 -16
-13 -21
0 -2
1 2
-16 -22
4 19
-6 10
22 9
-22 21
16 -10
7 -21
4 6
7 11
11 -14
-6 -7
2 17
-9 10
-14 -18
-2 -24
-14 -2
-9 2
-8 6
-23 0
2 -7
-2 17
-14 19
-5 -16
7 23
18 -2
-12 -13
5 -13
11 -7
-2 10
7 15
-19 -2
19 4
0 -21
4 11
-9 -24
13 11
2 -6
-6 4
-6 3
5 7
-1 15
12 20
1 -14
-23 -20
10 2
-13 -6
11 13
-7 -16
4 22
16 1
11 5
-3 -24
-10 -7
-17 10
10 -17
11 -20
-23 -19
21 -21
-4 0
-5 -11
21 -15
9 -1
1 -7
6 7
-15 21
9 21
2 -19
-10 0
14 23
14 0
23 -13
-8 -14
-21 22
-10 -18
15 6
19 -16
-12 -21
8 -9
1 6
-3 13
-14 0
1 1
-23 -14
17 -11
-14 4
22 -11
-15 0
14 -8
-1 -16
-12 16
19 -1
-24 -21
-19 9
-24 -19
18 -10
-12 23
5 18
3 14
-9 -13
9 -21
-19 -15
10 -20
13 3
14 11
-16 7
16 -1
9 -16
9 10
-21 1
-19 -14
18 -16
-13 17
-17 -11
-3 5
-11 22
11 4
12 13
-16 23
9 19
-10 -16
-4 -9
-17 15
12 0
-21 16
-22 4
-19 -7
18 -5
-14 2
-9 12
17 0
18 15
-13 13
10 -14
-13 -14
-12 -22
23 -21
-15 -17
-19 1
2000
-12 7
-6 11
-3 -19
-2 21
-7 21
-23 -7
0 17
-7 -2
-7 -9
-17 -6
1 -18
5 -2
-14 -7
19 17
-16 10
5 -19
-15 10
2 -17
-6 -4
-9 15
21 1
12 -4
19 9
20 17
-11 19
-8 -20
7 -23
0 -9
5 -12
7 21
14 14
-15 -8
-15 1
12 -13
18 18
-12 19
15 -14
19 14
-7 -13
-17 20
3 -11
-5 5
-4 -22
21 -4
1 20
-5 0
-11 -19
-20 13
15 -12
6 10
-20 -18
-7 -5
8 -1
21 14
6 6
14 4
4 9
20 -16
5 6
-5 14
2 6
-16 -18
1 -12
-12 12
20 9
-17 -22
-19 -10
-22 15
-1 15
-13 13
-4 8
13 -19
-18 3
20 -20
7 -4
7 19
-8 16
-23 22
-21 -7
-21 -13
-18 -23
21 -1
18 15
-14 -18
19 -7
-20 14
17 -17
-9 -13
-7 15
-20 19
3 -12
-15 0
8 15
8 -17
-9 14
-14 10
-12 5
18 19
7 -20
-12 20
-12 6
-12 -16
17 -8
20 -11
-13 8
10 14
22 -14
0 -11
-15 -19
6 3
-20 -19
10 -19
-15 -14
7 12
-16 -2
-5 -7
-23 16
0 -3
4 5
9 -12
-21 -6
10 6
8 17
-23 -3
8 10
-14 -13
22 -8
22 -3
17 17
-1 20
-17 -13
-13 22
19 8
7 -5
-21 14
8 8
14 6
6 1
16 14
1 0
-9 -12
-3 12
10 10
15 2
-10 -10
22 -7
0 7
18 5
22 -13
3 -3
15 -22
16 18
18 -11
-14 22
-2 -8
-4 -19
-17 9
11 13
9 11
8 5
-16 -1
15 -3
-15 -18
19 0
22 -6
19 -2
0 -7
10 -17
-2 13
-20 9
22 10
-8 20
15 18
4 -15
11 21
9 -20
-6 -11
6 -21
-14 8
-20 -15
16 9
6 -16
13 3
-4 6
18 -15
4 -19
13 6
-3 21
-19 -4
-3 19
2 10
15 20
-8 8
22 22
20 -5
-2 -5
-12 -22
-8 6
-2 -6
-16 5
-20 22
15 -7
16 -8
-18 7
5 14
6 -15
17 6
1 -20
-6 -23
-18 13
6 -7
13 1
-21 0
8 -7
0 0
2 13
10 -14
-19 -20
-18 -22
-9 11
-14 3
-7 -18
-18 6
1 9
-17 -4
-11 -2
-23 -18
-19 -11
-23 -13
20 13
13 -4
15 -1
22 17
12 14
-23 -14
-7 -12
10 -11
15 -9
-23 7
21 12
16 -4
-18 -19
19 12
-19 1
-12 8
16 -1
16 -15
14 11
5 4
0 8
-17 -23
-18 -12
19 7
-11 1
-10 -11
15 10
-11 -8
-19 -21
10 -13
19 11
-23 -5
16 4
5 -8
9 -19
-19 2
11 -21
6 -19
22 -16
7 8
-19 6
-7 16
18 -1
-9 0
19 -6
1 13
-16 22
-15 -13
2 -8
-23 5
-2 9
0 22
17 -21
-20 -17
-16 -6
-16 -12
-3 11
-20 -20
3 -19
1 8
-9 -2
-2 12
18 13
-13 -10
4 -11
21 0
17 -1
-18 0
-13 9
-13 19
-19 17
21 -15
7 6
1 -11
-11 2
3 3
14 20
0 -10
-6 -6
4 6
13 -17
16 -14
12 -10
-14 -1
7 18
20 4
12 22
12 -20
7 -6
8 2
12 11
-13 2
7 -22
3 -8
5 18
-5 -22
8 -21
1 -9
3 20
10 -1
19 -22
-12 -21
13 -2
-6 -20
3 1
4 8
17 3
-3 4
-11 -6
21 21
8 -6
4 12
0 -16
12 -14
-1 -20
-9 -7
-9 -1
-21 21
-22 -5
-3 -7
5 -9
-10 10
-11 0
11 -1
-11 17
-8 -17
-6 -2
-10 22
-5 -1
22 7
19 -21
17 -2
13 -6
-13 14
2 12
12 15
-15 16
-10 -19
-14 -15
19 -8
0 4
-14 -22
-19 3
-5 7
-3 8
-20 -3
2 2
-21 -14
0 -6
11 22
11 -13
-18 -21
-4 -1
-12 -7
5 -7
-3 0
4 15
-6 -8
17 -4
0 -21
-11 22
-21 -2
19 -19
-17 7
22 1
-5 21
-11 10
11 -14
-14 2
7 -12
-10 3
-21 -9
9 -7
12 -2
5 -13
12 0
9 1
-23 12
1 -16
-1 -13
9 -23
-7 -17
9 -15
-20 7
-4 -5
2 -19
1 -15
17 -20
-15 -4
-10 -1
7 3
-20 1
-13 11
12 8
-13 -18
-1 22
5 -4
21 -11
8 21
-21 8
-14 20
-17 -16
14 16
18 -19
20 -12
8 -4
-5 11
1 -5
5 -10
2 8
-19 -8
22 9
16 10
1 10
15 1
22 13
8 -12
19 4
-2 14
-4 -17
-18 -3
-4 -3
9 12
-23 -15
16 -5
-12 16
-1 -17
-6 -18
20 20
-7 -11
-22 -20
4 13
-16 3
-3 -15
22 2
3 -17
17 20
-10 17
-1 7
-20 10
-4 14
-18 1
-11 -3
-12 -6
-11 8
-4 11
9 21
-17 -1
-16 14
20 16
-22 22
15 -8
-16 -4
15 19
-2 -2
-8 22
14 2
5 -21
9 -21
-5 13
-16 -10
-16 2
-20 3
-4 20
-10 14
-14 -20
-4 -9
13 17
-18 9
-1 11
-22 -22
-12 9
20 14
1 -21
12 16
-14 -9
18 4
4 22
-11 -23
10 -4
-5 15
-12 -1
12 19
22 -22
-4 -8
15 17
-21 20
10 -16
21 19
-10 21
-8 12
20 -6
-9 -3
-10 18
21 7
0 2
12 -3
20 -14
-15 11
-21 -23
-9 9
2 -13
9 -9
-14 16
-8 -6
9 -6
5 13
9 -5
-16 -21
-17 14
-15 -3
20 7
8 3
13 -1
-20 -1
-22 17
12 18
-15 4
9 13
13 -21
-2 0
-19 21
-15 8
18 -3
10 -23
-23 1
0 -20
14 21
-14 9
0 13
-12 3
-1 0
6 -17
11 2
12 13
2 22
21 -6
22 16
-9 -19
-18 -7
10 -12
18 17
-6 16
17 -18
-15 -12
-6 -10
9 3
-12 21
-1 -5
-13 -17
16 5
14 -11
22 -11
-22 11
11 12
7 7
3 -21
-23 -2
-3 9
11 0
-8 -15
-4 -18
-6 1
18 1
-21 -11
-6 4
21 10
15 -20
-7 -8
-7 -14
20 -22
2 1
7 -15
-20 2
-7 5
-9 3
-5 -10
0 21
13 -18
10 -8
-23 15
-2 -14
11 -15
18 14
-13 -11
11 -23
18 7
-8 3
4 -20
4 -6
-7 18
-15 -22
2 21
-2 -1
-16 6
12 -17
8 19
9 -4
6 -2
-20 -4
13 -8
-21 18
8 6
-14 7
2 -21
13 4
15 -2
0 16
-9 22
-17 21
5 7
-5 12
2 20
15 0
15 12
-6 13
9 -10
-17 -3
-20 -2
-3 13
20 11
-7 1
-12 -17
-4 -7
21 -22
-5 -18
10 19
-2 -17
-19 5
9 -8
16 11
-4 -15
19 18
-12 -2
7 10
21 20
-10 -3
-14 -2
18 -18
16 -7
-23 -22
6 22
-16 -22
-1 -6
-19 19
-14 18
9 16
-3 -17
-14 -14
14 5
20 -8
-7 9
-6 -7
-4 12
3 -23
-20 18
-9 16
-21 -19
10 1
-6 6
-12 -4
13 -5
-19 7
-9 12
-14 -16
3 -2
21 16
6 14
5 -14
-23 -20
-14 11
16 19
-17 -10
-17 18
5 22
4 11
-8 -1
15 -15
-4 3
-13 -5
11 -9
15 -16
4 14
-15 3
-10 9
-19 -22
-13 -16
-12 -18
21 -8
7 15
18 10
-4 7
4 18
14 8
-23 9
17 9
-6 -14
21 -9
10 -9
8 -10
1 16
18 9
-17 17
3 -4
13 11
-21 -12
17 -9
-17 -21
-10 20
-1 -11
-16 13
-11 -11
-5 -21
10 21
-10 1
13 14
-20 15
-11 15
-11 -1
-21 2
-7 10
-17 11
7 -11
7 1
-17 -8
4 -7
2 -20
-3 -1
16 12
14 -19
7 -8
-18 18
8 -8
-11 13
9 -11
-8 -11
-7 -6
-15 6
-10 -16
-16 9
13 -3
1 -23
16 13
-17 -11
6 4
-22 4
-7 -19
19 -23
-1 -21
-7 2
-8 -23
-21 1
7 14
-11 -9
-4 -16
-11 -10
0 -22
-13 -12
19 -14
4 -18
14 -21
-2 -10
-15 17
6 7
3 -14
-7 12
-7 3
11 -2
4 -23
-11 12
-13 -6
-10 -4
16 0
7 20
15 -18
-1 9
-19 -18
10 -20
21 -7
12 -5
7 -17
6 -23
-22 14
-19 -13
-9 8
-9 5
-22 6
-2 8
15 16
6 13
13 18
-4 -12
-6 -22
10 -2
21 17
0 -19
-23 -8
3 17
5 -11
-16 -19
-3 -23
11 -5
-5 19
18 6
-18 -18
-17 10
6 -6
-17 13
-8 19
-2 2
11 11
10 18
-14 17
-9 17
-14 0
8 20
4 21
15 4
3 4
-16 12
-22 10
7 -9
-8 1
-12 -8
9 5
16 -18
6 16
20 1
-10 5
-7 -16
-3 -5
14 -9
-17 -7
15 13
14 10
-13 1
20 5
-10 7
0 -1
-2 -23
-13 -20
-16 -14
13 19
20 -2
13 -16
-2 -15
-18 -5
22 -23
-4 19
12 4
-2 -3
3 0
-13 5
-3 7
-9 -9
-19 -1
9 -2
22 -1
-7 -15
20 -18
-8 -14
2 -1
-6 15
-3 20
4 4
15 -4
-5 18
-3 -3
-6 0
-14 -12
-22 -10
-15 18
-5 -8
10 -3
21 -21
-11 14
13 2
-5 -15
-19 -17
-21 10
-8 -13
1 -2
-22 -18
-22 20
-15 -11
5 -3
-1 16
20 -21
-14 12
-15 -1
-23 -19
11 -22
-12 -10
-12 -15
-2 10
-15 15
15 -23
-17 -17
11 7
16 3
16 -10
-13 -2
-21 11
17 13
17 5
-1 10
6 21
-10 -9
-23 21
-5 -5
12 -15
6 2
10 -7
17 1
-4 18
-9 -11
-23 4
-1 -16
-15 -23
7 0
2 19
5 1
-2 -18
9 9
-6 -5
-13 -19
-21 -17
11 10
-18 16
12 3
-21 -18
12 -1
12 -11
2 -9
-22 13
0 15
6 15
-1 21
-11 6
-23 -11
22 -20
13 0
18 20
-5 20
-1 -8
8 -11
-6 -13
-12 -9
17 14
14 15
0 -13
-18 12
-8 2
-21 13
-16 -7
21 -18
9 -1
-14 1
-22 -4
3 22
10 11
19 15
20 12
-21 6
11 -19
-22 -19
7 -19
-12 2
-1 3
16 -22
-7 -10
8 -13
-13 -22
16 7
1 4
21 -10
3 -6
11 -4
3 11
-1 -19
-17 -19
1 -22
-13 -8
7 -3
3 13
11 16
-17 22
16 1
4 20
12 -23
-18 -2
-22 -16
-1 19
5 -15
-8 21
-19 -23
-7 20
-15 19
6 -20
-23 8
-10 -22
16 22
-6 -15
-2 -16
-8 -16
-2 -4
18 -17
-16 -3
0 -8
17 -19
9 19
14 18
4 1
2 7
11 18
17 -14
-3 -11
16 -3
18 8
22 -15
-23 13
17 12
-9 -20
11 14
12 -19
-4 10
3 7
-5 -20
21 -16
13 5
14 -4
5 -1
20 10
-6 22
-10 15
12 -22
-20 0
-20 -11
-13 -3
2 -3
10 20
19 -15
12 -7
20 -9
13 -14
3 -10
-11 -21
-9 2
4 -8
-14 -23
15 -21
-8 -8
10 16
-4 5
2 -7
12 6
13 -11
-13 17
1 -4
11 8
-8 13
3 12
8 -16
11 -18
-15 9
6 -10
14 -20
-9 10
-21 9
-5 -19
19 21
-5 -4
-5 10
20 -1
-19 14
-7 14
-18 -6
13 -12
1 19
7 2
-3 -20
18 -4
-4 -11
-9 -23
2 15
-8 -10
19 -16
-12 0
-16 17
5 19
-18 -1
12 2
-12 -5
22 -18
-2 -21
16 15
21 4
-4 -20
-7 -7
-15 -20
10 13
19 6
-12 10
-5 -9
-22 3
20 21
15 3
-16 -13
17 -6
5 17
-22 7
5 16
-11 -14
20 18
14 22
19 -4
-4 -21
3 21
17 2
-17 -14
0 14
-7 4
6 -22
3 6
9 18
18 -7
1 2
-15 -17
-22 -9
14 -7
10 22
19 3
-13 -23
-15 -2
-14 -17
-16 4
-17 12
-19 16
2 14
-6 -16
-2 22
19 -11
-4 16
-3 -18
12 -18
4 -1
-23 3
-22 -21
17 19
-2 16
-19 -2
-3 3
-9 -4
10 -10
-5 -13
-3 -22
-12 -12
19 -13
-19 -6
13 -9
-4 4
20 2
-21 19
13 22
15 9
3 15
-2 -19
-14 -8
22 12
-8 5
2 17
-17 4
-11 -7
6 8
3 -9
14 -13
-4 -2
-19 12
8 -9
-2 17
-3 6
-21 22
-3 16
13 -20
-13 4
16 -16
-12 22
-16 21
-18 -15
-19 -3
-19 9
-15 12
-10 -8
14 -1
4 -22
0 9
-23 2
-18 10
-16 -15
11 -20
3 -22
-19 20
3 -5
2 -23
19 22
4 -13
-18 -10
-14 4
-5 8
0 -12
11 -17
-18 5
-10 6
-9 20
-14 -10
1 -19
19 -1
7 -18
-8 -18
-10 12
-3 -14
14 7
21 -3
-5 -3
6 19
-6 -21
8 18
-17 1
-15 -6
-11 18
15 -13
-16 -11
-7 7
-20 16
-9 21
13 -23
22 14
10 -6
-13 -21
-9 -16
-5 -6
-17 -9
17 -3
13 9
14 12
-6 17
14 9
-20 -7
-13 -9
13 12
5 -20
4 -16
-16 19
-1 2
2 -12
4 -21
-13 -7
-14 21
2 3
12 20
-12 -14
12 -6
22 8
22 -17
5 -5
-18 -11
-22 12
20 0
4 -3
1 -1
-11 21
-11 11
-23 11
11 3
-20 -13
18 -12
4 19
3 16
11 20
-9 -14
22 21
-12 11
-10 -23
-23 -9
-20 5
19 -5
0 18
-21 -10
-2 -20
-17 5
2 -14
9 -3
19 10
-18 -8
1 -6
-17 2
8 -19
-22 -14
5 -16
16 16
-15 20
-10 -5
-10 13
-22 -8
-4 -14
-12 -13
-9 19
-5 1
-16 0
3 -7
5 -17
11 -3
7 -7
18 22
-19 15
18 11
-8 -12
-21 -5
11 5
-21 -15
-2 -11
-23 -16
-20 -10
3 -13
10 -15
6 -11
2 -6
-7 -3
-20 -9
-10 -21
3 2
17 -13
13 -7
14 -8
-17 0
-7 8
-20 -8
-2 -13
9 6
-3 5
20 -15
-22 16
-19 22
-8 -22
18 -23
8 -2
17 10
9 -18
22 -21
21 -5
5 0
0 3
20 -23
18 -14
-6 3
-11 -16
1 -8
-8 0
-14 14
17 16
19 19
10 -5
-3 2
-1 14
19 13
11 17
5 8
6 -12
12 5
11 19
-20 -21
7 -14
-17 -5
9 -13
21 22
22 6
1 18
-1 18
10 8
-18 2
3 -1
-18 8
-19 -7
2 18
21 -2
1 21
15 8
-13 -14
14 19
-10 -6
16 -20
-14 -4
10 -21
-18 -13
14 3
15 21
14 -14
-7 -21
6 9
-22 -2
4 0
-18 14
-9 18
-2 7
-12 -3
9 15
22 -10
-10 16
-18 -20
19 1
-9 4
-23 6
-20 -6
2 -5
-19 18
6 17
20 22
13 -22
21 11
-11 -12
-5 -2
-10 11
14 -5
3 5
4 16
12 -12
7 4
-13 -13
-14 5
-4 21
17 8
-23 -23
-6 2
-15 22
11 -6
-13 3
-23 0
1 22
5 -18
-23 20
3 -18
-14 -5
19 16
17 -15
-1 -1
8 -23
5 5
7 -1
13 -10
21 3
-4 9
-19 -16
-4 15
-20 21
5 21
-11 -13
9 -14
0 5
-2 18
4 -12
11 9
-17 -18
0 -14
-22 -11
14 -6
-4 -4
15 22
-9 -17
-22 0
8 -15
21 9
10 7
-9 13
6 -8
-15 -21
-6 14
21 5
15 15
17 -7
-7 -20
-4 0
3 10
1 7
-15 13
-1 13
-2 -22
10 15
16 -17
20 19
9 0
21 -13
18 -2
17 11
-20 -16
21 -17
0 -17
-22 -23
-1 8
-3 -4
10 4
1 -7
12 -16
2 0
5 2
7 22
-9 -6
4 2
-10 -17
-23 -17
-1 4
-21 16
13 21
-22 9
20 6
2 16
-18 -17
-21 5
9 -16
1 17
-4 1
21 15
-19 -19
14 13
-3 -10
22 19
-7 17
1 5
-16 1
-21 3
17 -22
20 8
-13 6
-17 16
-15 -7
-15 2
-12 13
16 21
21 -14
-11 -18
0 -5
-12 14
11 1
2 -2
-17 3
-18 19
-8 17
-17 -15
8 7
10 -22
8 -20
-9 -18
-15 21
-23 -12
-9 -15
-6 -9
-20 17
-20 -22
2 4
-18 -16
-22 -12
0 10
-5 3
7 16
2 -4
-4 -23
-1 -14
9 22
0 -15
-17 -2
3 9
10 -18
10 5
12 7
-19 13
1 14
-19 -12
21 -20
-3 -12
1 6
22 15
15 11
6 11
-10 -20
-6 5
-3 -8
2 -15
-20 20
-12 18
-5 -14
-4 2
-16 11
-2 15
8 12
-21 7
7 -16
-10 -2
18 -22
-1 5
8 16
18 -21
16 -21
-6 10
-3 -16
18 -20
-15 5
16 -2
22 -2
22 -5
14 1
-8 15
-18 17
-11 16
13 20
15 -19
19 -17
-8 -9
20 -17
4 -10
0 -18
10 3
-6 21
-1 -2
-1 6
13 13
-21 17
-12 4
-15 -10
-14 -6
-11 -4
-10 2
17 22
-12 -23
4 -5
-2 -7
12 1
-1 -12
-5 -16
1 -14
-13 16
20 -19
-23 -21
-23 -10
8 14
-6 20
16 6
16 -19
3 14
-21 15
-22 1
2 -10
-10 -12
15 7
-6 -1
-16 -9
-22 21
-23 -1
-16 20
0 1
20 -7
-1 -18
14 -16
6 -18
-21 4
-19 -5
-18 22
6 0
4 -4
4 -9
9 2
-18 4
-9 -21
19 -10
6 -9
21 2
-1 -4
-3 -2
-10 8
-2 11
-6 18
7 13
-16 16
5 10
5 9
-19 11
6 18
18 21
-6 9
-11 -5
-20 4
22 11
6 -13
11 -8
10 12
-10 -7
-23 10
-2 -12
-18 20
-5 -11
-20 -12
16 17
-19 8
3 -16
9 7
-21 -21
1 -10
-21 -3
-14 19
-13 12
-23 14
-3 -6
-14 13
20 3
9 4
20 -4
8 -3
22 -19
-2 -9
7 17
17 15
-12 -11
-7 -23
-7 19
0 11
6 -4
-22 19
12 -8
21 6
6 5
14 -23
-15 7
1 -3
-16 -16
-23 -4
8 9
20 15
11 -7
16 -13
1 -13
14 17
1 12
-7 -1
-2 19
6 -3
-17 19
9 -17
15 6
-13 -4
-15 14
14 -12
-22 -15
-3 22
3 18
22 -4
10 2
-9 -22
22 20
-8 7
17 -12
-13 -1
-14 -19
-18 -14
12 12
-10 0
19 -12
9 10
-18 21
-7 11
0 6
3 8
15 -10
-8 14
-16 8
22 0
15 -17
-18 -4
-22 -13
-9 -8
22 3
4 17
-11 5
-17 -20
-8 -19
-2 6
-12 15
5 11
14 -2
17 -11
19 5
16 2
-1 1
-14 -21
-12 -19
1 11
2 -11
-13 0
-23 19
-1 -15
14 -15
11 6
-3 -13
-23 17
16 -11
6 12
0 12
-5 2
16 -6
7 5
9 8
-8 4
2 -22
7 -21
-2 4
21 13
-22 -3
17 4
-16 -20
17 18
21 -12
15 14
19 2
-22 -7
-4 -13
-22 -17
16 -12
18 -8
-4 22
18 -16
-4 13
-8 -7
8 -5
18 2
4 -2
-8 11
-8 -21
13 7
-1 -9
-1 -3
-3 17
8 4
-13 15
-6 -17
12 10
1 -17
-8 -3
16 -9
-5 4
4 3
-20 8
-11 -17
-18 15
11 15
-3 10
-16 7
-9 1
17 0
-9 -10
-8 9
-8 -4
-15 -15
6 -14
21 18
-13 21
2 -16
15 -5
7 -2
-11 7
-11 -15
-10 -13
16 8
-6 -3
18 -10
18 -5
8 11
-18 -9
-7 22
-14 -3
-5 17
19 20
7 11
2 9
-21 -16
8 22
-21 -1
13 -13
8 -18
2 11
10 9
5 15
11 -10
15 5
-16 -8
12 -21
0 19
17 -5
-1 12
13 10
-2 3
-22 5
17 -23
-5 -12
22 18
-4 -10
-19 0
-13 20
-10 -15
-12 17
17 7
-1 -22
-7 6
3 -15
21 -23
-20 12
-1 -23
-19 -14
4 7
-5 22
-21 -20
-1 -7
-22 -6
-9 -5
1 15
7 -10
14 -18
-19 4
18 0
4 10
-2 5
-19 -15
-16 -5
-23 -6
-3 1
5 -22
16 -23
-5 16
8 1
16 20
21 -19
22 -12
11 -11
-12 -20
-19 -9
-13 7
-4 -6
1 3
17 21
-20 6
-6 -12
18 -9
8 -22
13 15
18 -13
13 16
18 3
19 -9
-11 4
-17 15
2 5
-3 -9
-3 15
0 20
-22 8
8 0
21 8
-21 12
3 -20
-21 -22
-22 18
-3 14
-9 6
15 -11
12 9
473
-2209 -215
-2052 -1446
304 882
738 -1127
-1607 866
-926 -12
1545 -82
-2036 1961
-2172 1863
-649 236
-1499 2076
2357 -776
1220 1875
-2113 1361
405 -26
-904 -1001
1452 800
129 1922
1233 -1176
-2247 -389
813 961
-1578 973
329 1512
2242 190
2504 -1930
-2018 -1441
-2403 525
669 -1733
2071 -958
594 -2502
-592 1621
-821 -2384
1184 -1233
-1139 -686
776 -1132
-1249 -1753
-131 -330
-2134 1258
1361 840
-2110 -1802
204 2369
794 2313
1908 309
-1711 217
-1254 -1383
-27 2343
-2425 309
-2202 -1405
379 1737
1669 -1164
73 -1826
997 -2028
1337 770
1011 1123
1353 -1267
-577 1884
-462 1030
1846 -1102
-1006 -1393
-875 -2073
-1862 -1823
419 1014
-418 1415
-626 -617
-1150 -1195
1124 1330
-983 -1832
185 536
439 2010
-326 -1976
-366 -412
-2105 2067
2024 444
-623 1156
-2138 405
1647 -726
856 -177
1660 -1423
-1279 -1109
-1181 2228
1558 -1003
1039 2220
2062 1669
309 1132
-1698 1094
-926 1818
1800 -1280
-1542 -958
-1444 -999
2316 -882
-2220 -1513
771 -89
36 -10
960 2072
1546 1117
2278 -2345
1714 -1026
2463 -119
-1184 -1420
1625 -1411
-508 1669
-2040 -1598
1561 -1307
-2366 -2410
-110 1748
912 -2264
355 -55
-2301 -1383
2245 -1412
-838 884
169 -144
1175 -857
-51 -313
-618 1893
-2266 -821
2263 1694
414 129
1669 1950
1569 817
1130 435
-1628 1472
-1542 1430
1614 1372
1129 -1124
1360 352
-1876 -1821
-1844 -352
1124 1117
-1365 -2082
-163 1962
795 -900
2204 -1046
2099 -777
-140 1461
-335 1064
-2117 1232
711 -199
643 -1528
1301 -1709
2410 1971
2351 -1089
2005 -2157
-1090 -934
-2357 2460
454 2216
660 -1162
-1043 -2093
-2173 908
-1375 1012
2016 -1847
846 1022
459 2030
1031 727
-332 -352
-342 1133
135 -1425
-1962 -1359
-1555 1428
513 1560
-1024 194
-388 230
676 -2109
-730 732
-1830 1777
2415 18
788 36
1420 688
1622 -278
-1555 -1422
596 -2414
-569 286
-1306 1473
-1500 2020
2441 1664
-1087 -2488
-1037 -2472
-1596 2222
1037 1620
2137 -374
1894 -873
1833 1094
1857 1636
856 1779
983 1975
-792 -10
1892 -587
-129 -2201
-1828 -914
1180 2383
2211 1009
-162 -2115
1040 -365
1107 2177
700 -169
2472 560
-1984 -1713
-1002 2425
-298 -430
-126 -552
-317 1634
530 1325
2461 123
1682 2209
-504 1003
-608 -1442
-418 1220
-43 2248
-1220 1790
-1840 848
-1130 -668
341 -2175
-1800 -2426
202 -1770
-1424 -512
-2080 -1999
2298 -1119
-952 19
417 -1572
2259 1818
-52 -2178
2370 155
2189 -1085
2317 -2336
-203 1502
-2193 1217
-1706 -2015
-2031 2413
1137 408
-2136 2204
416 1276
-1093 -518
25 2407
-2257 1226
1550 -1298
-2417 1576
-1313 -2308
2335 -2148
2015 -2481
-1448 -1166
1472 2020
1460 1537
-987 2222
1713 426
-711 -2067
1745 -789
-72 2450
1098 -1237
-2067 -1055
-2061 -440
2039 -1965
-2035 2069
621 440
664 203
1925 367
115 -1329
2487 34
1189 -391
232 2255
-1175 -1930
74 -1940
-881 2177
-829 1822
2237 2321
-1546 1249
260 165
-1656 2424
-152 -2479
-1532 -140
-1137 -826
1444 -1816
1222 2468
-1506 -2221
1862 1899
1398 1475
-1617 218
-1692 -1003
-725 -865
2017 329
1594 1431
343 -1189
-303 1386
2190 -1911
1255 2341
1564 2195
-681 1689
1809 1568
-2421 1761
-158 2358
-1463 -1694
-2364 -190
868 1595
-144 653
-91 1942
-2167 -613
-2002 -1392
1518 64
-2111 -2260
316 -1300
866 2478
2221 657
-1845 -128
-1015 -2285
-1779 -1990
2099 -128
1277 1899
-63 -2044
1073 -1256
1554 1381
-667 2219
891 139
1791 1462
-1186 -924
2250 77
-2298 1167
2149 -1026
-1361 1709
-1401 1864
-1999 -219
-1844 -734
1716 2428
1956 -2084
-396 -2367
-1598 585
-1167 -985
-566 -105
-874 -1744
2469 1703
-131 -292
748 -1860
-1697 -1434
629 1586
-812 -1643
225 -1711
2479 2136
491 -1224
752 -186
-989 846
-212 693
-1413 1888
-1833 1802
823 1070
2447 1163
1553 -543
378 -1447
158 -49
-113 -711
273 -1329
332 -3
-1598 -957
1909 -252
-2105 740
421 -1901
-1253 1730
2291 2489
8 -1833
-2116 -977
1793 2107
1657 1219
-1818 1940
791 298
-113 -955
265 659
-1315 2098
45 452
1953 1779
1802 2369
-1758 -79
1995 712
930 2225
2110 -375
-208 2302
325 -337
-518 1621
-1647 1664
-2406 1325
380 893
488 -507
-1916 -954
-2041 -1209
1875 2352
1188 868
-2340 -1392
-922 1422
-1016 -1728
1789 1552
1117 1483
750 1182
410 917
1836 -1806
-1714 -1749
343 1619
-307 1103
-677 1362
-995 -684
-623 -1608
-2092 732
-1820 450
-1110 -1995
769 304
-1236 880
1336 -2473
-91 -2215
-722 936
1538 472
2468 -2500
-649 2134
-57 676
-1060 700
2150 362
1419 670
404 253
242 2444
2224 -1404
2043 1178
2056 1879
-859 -503
1789 380
-454 -215
-2124 -2064
-1143 1497
893 -908
-1923 -2379
-1217 -2066
-527 956
1814 1270
-1445 -1459
2417 -1521
-1985 266
1390 -157
-55 1621
-2325 1345
-133 55
-210 754
1997 -43
1670 -422
2423 18
412 2124
-1209 -1159
-1608 -379
210 1051
-112 -527
1970 -1993
-2136 1484
977 -2145
-2094 -676
2047 2010
1487 -142
-1836 2253
-2477 -396
650 1784
-533 114
148 2122
-215 -1714
1484 421
984 -1187
-1083 792
-2037 -1423
284 -327
263 416
2407 1675
-1891 569
-2275 -1206
-1699 -1561
1912 -82
1154 -1943
-2107 -622
1428 1256
219 2438
-114 -1094
-945 -2009
876 -1667
-1828 499
59 1639
1375
141 850
543 -599
-527 651
693 572
-80 -625
494 -435
-333 -890
818 -142
365 -679
794 -831
-370 -292
613 253
-632 -898
-970 -41
362 -706
-427 605
602 -28
193 -807
175 -767
-81 961
45 651
-916 -730
-670 -759
-586 -477
-755 360
785 -116
-42 -40
-290 -872
-304 -442
606 285
-301 -450
188 647
727 284
72 164
-117 -545
-601 -129
-622 780
152 959
-337 18
362 -941
967 391
-447 700
-347 551
-377 567
-852 939
-633 -539
-619 574
268 433
-16 607
-120 462
-865 595
-23 395
965 -213
-82 -485
206 -218
-264 485
352 -493
363 -323
511 157
564 -595
-49 -446
-476 -933
770 -790
-366 32
-767 313
-354 699
823 -847
90 104
497 -737
931 40
162 -25
245 -859
-141 295
494 -454
-128 670
304 -706
-955 391
114 283
287 822
-240 143
-281 -507
734 -850
-47 915
-756 50
731 -166
-869 472
-879 339
-482 -960
901 -856
-372 -231
-365 358
393 302
115 -387
364 505
-920 -250
124 483
-243 408
507 389
-161 -906
260 -922
150 -31
145 65
-283 373
-835 817
-808 434
857 637
-635 -214
122 786
188 -862
-609 -271
832 686
944 -465
479 -434
394 -654
438 535
55 167
-386 527
930 917
35 -15
88 -91
-470 441
-390 -847
-654 -724
311 518
372 159
-42 -65
813 -653
122 911
834 570
542 -517
74 401
-289 810
-769 -887
-23 -199
-338 -845
-223 663
-289 624
266 514
-802 322
628 -27
119 -349
686 439
-623 80
884 552
929 -511
-468 -774
871 8
634 -30
-203 563
507 737
-772 767
-954 612
-151 963
-778 316
-571 951
373 -501
-494 -480
195 756
737 -591
164 -835
608 -714
23 -380
656 -504
-686 787
-371 872
-205 457
31 130
514 303
-570 16
194 -900
-790 871
-186 525
-168 -134
648 620
8 -598
60 59
-885 191
-596 821
-525 549
-859 -54
514 -219
358 597
-44 -953
304 -444
-255 -327
-711 -812
266 671
579 198
-611 -217
521 -271
284 -321
554 541
-241 205
-18 649
202 -965
197 146
-807 262
303 -303
-473 745
-50 408
558 -949
-337 296
489 929
528 -366
-786 -871
475 440
959 756
-199 -281
727 55
290 524
729 -25
-440 -624
-284 -226
-909 313
-164 718
-777 -818
882 -375
-831 718
211 131
-367 478
-594 -20
-934 566
726 -554
284 -698
-561 -361
-517 -766
70 899
688 -553
-231 810
-283 -743
422 145
830 754
424 256
-757 -119
147 -544
858 893
833 662
-479 725
221 192
-111 -635
-212 -558
966 -553
675 245
-349 -749
-380 878
-622 580
-926 -465
-215 -199
596 -4
912 -771
287 -789
-97 396
251 -735
717 -134
-769 -267
539 -551
433 -812
-98 -746
-498 120
-69 -783
-553 -75
-874 264
-404 578
-381 -633
-917 600
757 877
833 -933
-36 -242
241 657
257 169
-462 -157
-898 -827
498 -208
-792 -171
321 248
654 -836
-184 716
12 -761
680 744
-952 774
-481 705
-691 415
254 777
277 31
-290 -68
154 69
176 694
-251 -419
403 -949
-384 -658
792 658
-641 153
762 95
64 -834
-142 491
883 -859
-722 -621
821 901
505 634
-513 -276
638 492
-141 -60
374 200
-522 166
-719 -224
201 -842
-687 -616
434 -365
378 -911
559 185
-675 -567
-830 -459
-100 961
960 388
872 -229
-180 -936
-963 189
905 -127
-488 -778
396 -724
95 812
103 794
-714 -416
-734 -817
922 -505
133 620
-370 -811
944 468
419 -400
-413 -215
501 -274
913 328
-544 340
-297 871
105 -771
291 -839
769 -453
280 212
316 709
597 -456
112 380
605 651
-263 -356
-383 597
921 -644
-535 -682
-867 -863
371 -865
658 -283
-366 140
702 -64
103 187
-532 256
-523 201
191 891
214 642
559 -770
219 970
-822 952
385 61
-727 -888
847 -920
-69 55
-52 970
392 -292
-371 -358
-373 -965
300 390
395 753
-132 -67
147 318
945 -854
260 -401
-171 -619
276 -154
724 -385
888 777
913 -829
317 124
505 -540
-316 948
-563 126
964 -134
-922 -395
-158 -201
-823 -4
-509 -966
-374 -581
-46 -773
900 -688
604 275
-658 -232
704 971
650 -582
-163 -587
639 649
-132 -494
-410 836
189 -303
-383 700
-739 -239
-521 -455
-708 187
-547 -527
165 -873
-170 -562
-882 938
523 835
-273 -967
422 -69
-312 164
104 -74
-965 -334
-725 -568
17 740
337 -888
721 1
699 490
-542 542
326 -735
601 191
-177 389
-834 239
271 300
233 -576
370 705
-542 -649
-614 -794
518 -97
432 -410
-643 -592
658 492
-439 692
-272 -94
137 758
-311 -457
-901 -753
-270 951
472 278
846 -832
-792 -661
498 -689
-401 -679
687 -707
-296 -130
794 130
101 768
904 204
-551 -259
699 -748
588 -241
618 -243
-578 138
-204 -918
839 283
37 874
10 -25
-807 -597
-774 -466
421 872
181 -38
-971 736
157 144
168 -11
693 225
583 493
337 -379
437 849
966 637
-751 -88
-696 275
-378 -961
250 968
-173 511
360 42
286 -501
-887 -720
-932 300
337 444
-164 699
-470 604
689 -518
970 -188
286 -209
119 -309
-253 -554
-713 -856
430 738
-867 274
93 416
853 -431
456 697
145 540
-580 809
-716 -808
9 432
-741 -103
125 -563
76 152
-183 98
550 41
777 -896
-608 -160
225 304
-107 176
659 -278
-219 784
-883 702
656 -422
-888 21
-677 856
-221 -718
684 -651
-539 -357
-854 46
370 638
254 -789
-483 554
-50 622
283 211
-128 -329
352 -535
532 545
-461 302
50 -603
-380 674
106 113
-169 325
-670 84
120 -408
634 -16
-131 -448
523 5
819 432
-178 -938
529 -478
298 -478
-431 361
325 858
733 -266
-157 -910
-466 -610
620 -299
39 -228
696 713
864 -176
6 84
-578 -157
18 842
560 -610
-356 -244
797 102
-707 -377
-543 158
-475 342
711 -446
272 -572
39 547
807 -926
-656 539
-382 -103
-879 719
-613 845
314 -924
374 575
480 935
788 405
-331 -59
-761 -177
-635 500
800 529
268 676
-964 -880
-74 -538
-939 707
-417 -529
-379 752
-816 544
789 895
-197 -578
-381 447
-946 -767
-422 -333
803 923
-605 -335
688 231
570 -873
66 59
739 -942
-587 315
-221 292
-498 -77
-925 249
-87 -815
-33 895
-114 629
-315 575
-514 -586
-119 -252
-652 -197
-962 247
447 -606
270 764
-60 -896
18 -115
-528 766
-755 -191
322 -764
-238 -903
-865 605
223 -177
688 302
-311 683
894 348
-186 171
317 289
650 -930
222 -413
849 -187
46 -15
684 -122
-596 939
-802 495
200 -283
-930 -684
-641 175
-489 133
-253 380
130 -850
207 813
-907 -724
-272 -310
-931 105
-209 492
815 -627
396 -910
-643 -295
428 -851
-780 -800
-902 -366
-479 -323
-20 -812
-508 683
-212 -972
-28 -931
551 -714
82 -149
899 -15
-822 -43
305 -494
228 -129
802 -467
41 954
-243 386
-607 -878
-466 -104
-95 33
-237 -127
785 439
-944 953
900 804
-246 -461
-191 -180
608 -38
166 870
-170 -270
-244 -215
67 697
965 -28
-405 -131
-102 -688
183 -678
505 -285
655 -480
868 380
657 -425
325 -906
-157 224
709 156
693 114
-204 535
-286 894
-14 303
-811 943
556 35
361 -535
546 -306
-128 245
318 -911
637 302
31 -41
-267 -421
723 -480
-241 657
155 -498
-99 925
-336 -450
914 843
-453 155
155 -491
-134 -43
875 -909
-193 512
695 900
-22 861
40 -57
-305 922
-506 360
90 870
561 778
703 -283
123 877
-538 796
-774 333
27 82
266 383
-620 692
-922 344
883 -781
734 -5
-101 939
365 -25
-224 939
-78 -861
479 -4
-170 671
-308 887
-563 896
-901 -264
-163 -105
-682 -447
732 40
-3 -332
942 -662
547 377
427 967
-579 -40
-505 -455
-75 -52
251 -369
-923 645
-822 43
800 -865
-530 730
-878 948
960 591
199 -157
-626 -404
-791 -13
-474 -490
387 -80
-423 819
-766 944
891 -445
588 -413
199 841
544 -259
-425 -316
-699 -14
-471 -274
-153 -212
478 -760
236 -60
532 -320
-204 -813
-221 64
-329 -229
-956 -252
128 407
-780 216
151 875
89 -101
845 777
836 -724
-472 346
-12 696
-546 -26
-252 157
751 -432
210 327
11 232
-792 -172
858 662
247 661
-262 688
-881 355
-405 -280
-428 964
-361 717
427 -439
-507 -27
818 -35
-820 732
-691 412
340 -557
-516 237
313 -256
690 750
617 237
96 274
-579 184
248 674
108 31
-714 -867
762 885
-144 285
735 -91
231 -56
-300 538
613 639
449 -263
-554 535
650 -276
588 249
600 -404
-430 -24
547 -470
-126 -361
-291 698
386 396
586 -860
-88 -723
180 632
183 -546
-462 198
570 -44
-728 183
517 208
586 -949
51 -53
451 336
-951 -789
634 627
681 -881
-941 143
-852 -947
836 775
199 -411
670 -31
-250 -542
643 458
350 69
-377 -336
883 413
406 727
482 783
333 -925
281 709
-387 231
923 710
-838 664
-873 123
35 -302
-48 -351
338 541
-888 248
10 962
-715 -729
96 864
-835 -111
-103 797
286 288
435 -493
926 284
105 378
-959 848
-282 675
81 138
-213 480
-168 445
-629 -474
-719 -419
-573 140
-148 -338
-513 -61
144 521
-656 -431
-174 667
-911 27
860 892
-943 -185
745 -103
-5 107
461 967
-592 830
490 -155
-209 137
157 -100
-821 -254
206 -962
-78 781
150 -496
-427 942
-309 -883
-469 215
583 -648
505 -486
247 -411
724 341
855 325
175 752
-493 485
56 347
632 -934
-276 576
560 466
-573 -582
-580 714
942 385
205 -664
245 963
715 -572
-211 385
-962 408
222 -805
-429 -847
531 577
-626 288
-581 -665
486 410
804 275
-426 32
719 -545
-673 356
710 -203
-589 633
-742 788
380 -395
410 -586
731 646
589 403
-643 -907
297 -818
191 540
-236 -551
-317 -152
-537 -241
35 899
898 -362
-695 249
354 -544
-631 492
183 724
-906 486
395 62
713 -566
-923 79
9 912
291 -718
236 427
358 565
-637 761
-185 120
-469 798
624 661
-472 -811
269 12
-740 5
-936 -423
149 -589
-212 364
-907 882
-78 -43
123 -732
-609 -934
-601 699
-233 863
474 856
922 369
-629 7
748 -785
-714 -755
-709 869
736 -513
849 878
813 713
121 -211
-550 -8
863 -344
759 -91
-768 250
684 -378
-271 580
684 -550
-277 -113
959 -944
883 -192
-919 221
952 -248
-536 752
550 -609
-45 956
-689 -547
-795 889
-439 637
945 175
-53 -282
-928 665
81 -962
549 -462
-185 -899
-14 102
-967 892
604 -569
-7 169
-176 -341
-902 568
-879 102
-271 839
-118 -54
68 334
309 -353
842 -423
870 816
146 635
-902 -108
488 -247
273 -171
322 -440
-814 465
-447 -84
958 -501
-414 62
-244 -666
748 584
-444 -67
-492 -80
423 89
604 800
-669 391
-438 966
-859 629
524 -499
151 -334
754 86
889 -105
844 44
843 -890
-822 219
792 -387
2 -68
-777 79
-532 872
-709 543
-694 -322
99 450
-309 211
771 744
406 -371
-175 566
-916 -820
804 564
-442 -203
-531 -602
950 197
914 -911
369 -34
-968 268
-359 -295
-658 -872
-287 -224
-207 -819
-550 -114
33 114
-5 30
-518 -680
365 253
-346 -396
-628 493
-24 528
825 295
532 397
-748 -957
946 727
-137 -697
-542 -875
198 -142
-463 499
67 -508
385 -42
214 -444
839 -661
945 461
-179 -292
-671 438
-72 168
-584 773
44 -698
-344 703
371 -498
-614 966
-716 396
548 775
-72 138
881 663
280 -104
435 -230
3 -261
-340 936
684 -273
73 221
-713 -726
719 -141
308 -593
-936 -115
420 -364
-714 674
-200 257
584 -3
-534 260
-230 125
547 -651
398 -154
131 -621
769 -349
703 706
225 317
-340 -830
-510 -771
-495 -187
768 -414
-869 -556
-362 -736
-565 -178
-619 -267
882 -473
16 577
212 745
340 25
322 625
173 -496
1 -936
652 435
-247 948
-619 431
560 355
-836 82
452 -484
303 -822
-657 194
439 -370
116 733
424 567
521 238
64 834
-51 375
452 469
-600 -283
-594 -709
-494 148
-157 54
51 -723
344 336
826 -186
509 -418
-326 406
338 -934
-546 395
414 -213
612 866
582 419
511 -693
842 461
615 -482
-797 384
-316 -835
-623 -595
-544 -472
-127 1
-486 711
-564 855
-834 112
-966 333
129 317
-787 -479
731 929
811 -791
165 519
291 892
-414 350
400 -473
-726 197
75 512
-374 87
-822 -151
767 571
671 193
56 708
852 -715
-388 583
-206 -922
-960 -218
769 -897
859 552
818 -194
461 938
-128 468
-695 -401
581 467
292 663
320 235
198 439
-301 -752
-611 804
-13 -436
688 -971
-918 -963
-759 717
454 -646
932 58
-36 359
44 861
-473 -918
-747 -282
18 -694
212 -757
638 36
554 -508
956 265
-49 -33
852 -529
-660 491
-218 481
-583 -469
-522 590
-387 -223
421 -508
11 -548
-46 -826
-87 -377
-417 -263
-892 -449
-512 -697
-640 217
-618 -18
-820 678
-302 -343
730 813
621 -568
-493 -661
11 -730
65 713
-303 95
-690 -879
-284 -740
-518 -874
640 -931
874 -160
874 -71
227 401
-211 629
-465 935
368 527
-434 830
-815 -787
445 129
211 -897
196 565
-621 862
-655 395
697 7
-13 767
-39 152
505 73
-944 878
488 680
676 -903
259 -514
-371 -443
-275 900
-128 -755
-278 338
714 93
323 859
-776 620
-743 611
77 -508
-88 342
862 872
-587 639
-449 -182
-773 289
600 414
798 -626
-966 414
706 697
-172 -742
-514 -526
138 -53
-174 -154
364 -971
-760 551
261 671
207 663
50 848
17 157
-126 -816
551 490
-907 -888
435 899
557 -665
-542 -285
953 -102
-28 107
17 334
228 137
-309 -467
603 651
76 219
-815 -362
282 196
883 -960
-250 -275
184 181
271 -317
629 -102
-407 83
-47 468
-195 63
-270 -844
482 322
-690 217
-567 233
-506 -934
702 -27
869 919
-182 -759
54 -558
221 -196
-837 328
-767 380
306 46
555 -232
290 689
-334 359
571 430
257 -358
35 443
-63 619
-587 856
-537 969
500 197
574 193
550 162
557 -934
804 -563
-919 645
285 235
-499 -696
-543 -106
621 -795
-221 -209
451 -949
128 -391
-648 73
709 426
196 -638
333 -858
-903 490
591 -607
178 651
398 -207
-327 -324
714 950
-971 951
-317 767
-678 558
182 -701
131 129
-927 128
-918 654
128 451
-800 653
650 -940
-775 -713
1761
-6522 447
-6770 4118
-5996 -3976
-1467 310
-6710 4733
1466 5823
-1013 -2076
-2819 6076
-1596 -4665
2671 1192
-757 6182
-4721 -4196
-5485 2763
-2745 -1523
4892 -1993
-2947 -3920
743 527
-1407 -5303
712 617
1232 -4363
-1373 3903
2703 -5068
-6921 -4844
6282 6199
5006 2539
-1304 5324
-4593 4766
4200 1416
-299 -2846
5646 4166
-813 -7160
-3688 3638
-4290 4518
1741 6251
7159 128
1771 1698
2452 -4822
3729 -5371
1075 -5428
-952 7045
1060 5409
-6004 1297
-1285 -3415
7239 -4685
-3883 -7110
-4959 2016
2337 6298
6554 -6676
7168 4516
-4747 1240
-6526 5008
-1213 5626
-5316 4300
-1519 -3518
5431 -846
-129 -734
4075 -5464
6749 6507
-7035 -5404
-5996 -1117
5827 4136
4410 3177
2413 5997
3552 3896
-5163 -1643
-2784 1705
-3928 6398
-6537 -561
-6223 2379
-5375 968
1195 322
-7176 -542
-1417 -800
344 4123
3308 -5362
720 -6165
4166 -1899
3914 -5187
1135 -6964
5157 -6567
-5791 3185
-476 -5111
1301 5546
-7236 -966
-6675 -6189
6887 -1046
-896 -82
-17 -3912
-3681 4653
-6175 4189
-6779 -6560
-4633 1238
-148 -2777
-5714 -6881
2215 221
1690 3662
7139 3820
3584 6717
-3866 6615
6981 -4833
-4444 -4294
-2455 -6079
6513 -2772
199 5374
5077 360
2153 -5640
5962 578
-4016 -6582
1583 6544
-1672 -2917
2578 -6275
-3402 -15
3804 6539
7080 4208
7102 4607
-1493 -4671
-6584 1249
-3427 -4076
2106 2056
-5551 6102
-5729 748
-1942 -2704
-1287 -509
-697 -2735
7060 1631
6782 530
-2229 -5853
-1610 5484
-2900 2308
5488 4614
2825 -5209
2574 -3282
-4525 -5139
-6343 -4197
5148 1120
-6812 3214
2146 4732
-3283 -2931
-4782 -6075
-6042 -5160
-1981 -5184
1498 547
-1298 -3091
-1866 6281
171 -5343
-5228 4144
6031 5422
-7048 -4767
-2922 3785
-1401 691
-4446 6245
5416 6832
645 6498
-3465 840
-3225 -855
-6454 -1517
-1993 -3492
-5622 6070
1624 4696
4681 -3802
-6927 -5327
-6888 3233
2141 -6090
-2084 1949
-2419 6485
2469 6167
-6828 5318
4159 -87
3646 5993
-3670 -935
-154 4698
5694 -4126
2577 -3771
-4519 -6376
1319 1295
-3029 -5240
-103 -6104
956 -6542
-4054 -5833
1936 4260
-5200 -6279
-4835 3920
-854 1561
-6537 -4723
335 837
-3388 5659
1698 -2714
799 -1143
-4803 2309
4894 -5995
-1227 -3313
-5447 151
-708 -5197
6804 6298
2178 5983
-6896 4780
5842 2689
-4751 4345
-5687 -3201
1684 600
6797 1831
6955 2778
2496 -2675
6148 -6916
1967 -4149
-6285 963
-4174 -6620
3951 -3841
2110 6108
2168 -6795
3254 1952
5374 5379
4205 4753
-3949 -1442
4032 756
-4177 -6406
-2848 -547
-2407 3067
-5022 6589
4259 -7117
-3725 4299
2163 5656
-5888 -5075
2592 6064
-941 4197
3292 2400
-1607 -6666
6975 -1777
4687 -4514
6062 -3256
1167 -5865
5239 6683
6299 4549
-6924 4353
-5822 -1420
192 -3055
-7244 -5451
-6711 -2944
3521 2711
-784 -3391
-2358 1421
-2780 6502
-3517 -1697
2545 -1055
-4368 -5938
-6578 2646
-4521 4481
2397 5798
-1672 -778
-474 1772
5951 -5162
-4276 3732
6631 -2263
6655 5106
-3195 5254
-5479 -3684
-3868 6960
-4556 -1268
-4672 4449
6320 -6903
6822 -165
182 -2179
-1325 -1055
2792 -1803
-6283 1792
-6250 -3119
-54 3057
6866 5534
-1104 -1285
-5968 -3598
-6318 -3455
4652 4288
-3302 5902
4808 -1747
1185 6608
3059 199
-1109 -7232
4524 -4364
6671 913
5381 -4209
171 5355
-2281 1895
-7046 1247
-929 7109
-3209 -472
2392 -2187
5370 -1835
7020 -532
-3207 3911
-5536 6294
5165 2894
-4341 -513
4208 1673
-1741 -5593
-5165 5730
-2028 3599
4430 6067
5387 4763
731 -4836
-4441 3255
6480 6975
-4674 -5218
-6300 -4902
-3282 -6930
4728 559
-4752 1190
-5704 -535
3987 -7036
4901 6327
4923 735
284 -4857
-980 138
-2595 -4507
-971 1120
-1975 349
249 1129
-718 2444
-2132 5078
1468 -437
-3299 4700
-303 2903
3377 1921
-5073 3025
3628 -5632
-3330 660
4264 -4880
1545 1142
-4815 -6939
-6279 5616
3125 1610
4929 -4754
541 3867
-5614 -4317
-3551 5968
-253 5121
-2358 -3617
4646 1062
2481 -3812
-168 991
4765 -1603
6375 3726
4486 -3160
4798 1312
1580 5334
-6334 -2513
3702 -814
-5670 -3245
4036 4697
-1964 2712
-5587 4056
-2212 -2964
-4588 -3973
-6124 2295
-4223 -6806
3146 -321
-5857 6649
-6497 -4948
3089 1725
-3124 -892
1785 -650
1396 -2008
1762 876
5892 -6577
5610 3307
4052 5951
-1940 3499
-2137 -2673
6561 6312
3950 -7160
2354 1463
-5990 -5147
-4910 -6966
-6309 -3058
-628 1835
-2067 -4885
-1613 -2227
6167 -3678
2008 270
-6508 -4561
-2218 6453
-1491 1609
3014 5352
-3824 6683
4669 4570
135 -2335
-2534 2940
6918 292
1880 4645
351 -6928
3346 -6615
-5036 281
3783 -1998
-2154 474
3968 1863
-392 -2877
-6999 3958
-2408 5400
-2137 6572
-7264 4040
-3071 -1439
-4178 -4224
2602 1160
-3736 -631
3104 1475
6790 -6422
-2612 6547
-2042 -2194
-100 5991
-6326 -3590
-4098 -4548
-4306 1358
3938 5336
4777 -2606
-449 -5558
-4746 3325
1416 -4412
160 3746
-5601 1496
-353 -404
-1564 2694
-4026 -808
-3957 -1666
-2019 2773
-2417 6179
-2873 3488
-4854 -3065
2634 573
-6990 -4418
1188 -5610
-3678 -3478
4402 -881
2839 -3915
3937 5888
6919 -7189
-6872 6008
-5756 -7141
-2051 -561
439 -1035
-2241 590
1139 -2167
5089 -5870
-5752 4015
-6114 503
1156 -3909
3873 5660
6340 2225
2901 6537
2166 4171
-6139 -3571
-4888 3242
4829 1882
6685 5797
1640 1570
-4476 3604
3219 -2293
-6195 5475
3344 -2590
856 3765
-5200 -3319
-2555 -2112
-237 2785
3082 -1962
-4194 5921
-1232 -175
-993 3301
-1016 6888
-3587 -5491
-2785 -4426
1335 -1628
5050 3236
2250 3630
3208 -881
3839 5935
6378 -352
1215 -7197
-1152 2338
6135 -5905
-2818 1446
-1135 1005
322 244
180 -136
-1339 3085
-2284 -2894
2597 941
1625 59
2821 -495
-2298 -836
1197 955
3695 -387
-6918 6921
5584 -2383
-7146 -6349
3485 -224
2857 -2496
-6302 -6387
-3801 4065
3132 6418
-2050 4718
2739 -4423
6604 3589
3727 -2517
-4871 -7243
-6638 424
375 -4059
-5116 -6479
1208 2379
-4754 -2434
3738 -3092
4257 783
6107 -4452
6334 2894
5931 5058
-6497 3168
-126 1746
-295 4726
-881 -3580
-518 3510
1139 7003
1374 -2457
5167 3950
5826 -6887
7188 -5662
545 3595
6625 -6699
4798 -5769
1229 5455
-2556 -5460
3072 1232
-7236 2100
-5349 4438
3898 -6480
5727 5828
-1225 -3335
-3615 3240
-2529 -5215
-5895 2242
4740 -2121
4382 3367
-3519 3863
4919 -3182
-5123 3347
-3675 -1484
4360 -129
-3865 1647
1517 616
5564 -6671
-4678 -6920
5163 -2785
6521 1509
-3460 -4358
-1092 4997
3236 -3139
6483 1438
5999 -3139
-1833 5155
-6513 -4306
-6165 6872
-1976 -6320
-849 -418
-73 -6965
2556 1699
2416 3295
3554 5333
-1376 -4817
7258 6165
205 -5288
209 -1652
5428 -5049
-5273 4934
5849 121
-6175 6447
3657 447
3249 -4937
-3377 -5650
-5244 3894
2737 -5405
5966 -691
-5227 -5171
-6671 3380
3093 -683
1036 -5035
3578 -3289
2551 -6694
-3762 6467
4028 1983
977 3330
-1966 3039
2086 -1644
4498 3273
5456 2226
1691 7082
5300 5569
-3054 -1110
-4862 6102
2315 4913
5699 -6335
-3215 2985
-5863 -4942
3128 2090
5558 -7229
-562 -559
736 1440
3899 -1678
5494 -908
6880 -4900
-2484 -579
-2968 -1277
-2966 -2612
6774 2647
5791 -2398
425 1111
1941 -1609
-6335 -4491
-708 -6498
-6662 -1155
-3877 -1166
6464 377
2544 4796
-2646 -3116
1956 6964
3312 -4578
-3336 -2745
-6172 6809
-1585 -5945
2120 6954
5900 4711
-7138 -5353
-5052 2335
-6982 -6550
2980 1390
-1951 1946
-490 719
-2205 785
-5574 -171
6806 -3649
1777 -5703
22 -1934
-494 378
902 5843
-6224 -2064
-319 -6395
-200 646
-6702 -2295
2223 5673
-5890 -6274
-1658 1190
-5749 -1889
4482 5619
-4325 103
-3109 1480
-261 6969
1820 2961
674 -6068
6368 -384
-1290 4495
-2748 -3775
1981 3031
-3387 -1027
-3895 -4299
-4737 3976
6866 -5545
-1211 3107
-214 6886
2172 -2501
-2380 5298
3613 1280
1226 543
7214 -3719
5916 -2627
640 -5523
6220 7126
3984 5015
-4636 6360
894 1887
4816 2710
884 6446
4794 292
-3300 4916
-6879 4743
3955 -3039
-1739 2346
-3386 1529
805 2916
758 -4779
2503 -5253
164 -572
6809 3935
-5184 3770
-1143 1956
-1165 -5027
-854 7120
-2359 4893
-3834 -4287
-6955 6566
6473 6903
996 3786
1371 -421
-3344 5176
2535 3265
-3595 -4183
-5904 -48
-3501 -811
-5756 -2368
-1733 1122
-7155 6883
-904 6626
7023 -811
-4518 -2937
3969 -4554
4142 -5340
2212 -3410
-6518 -7254
1954 906
-6859 3136
6809 2770
-5970 4053
-5069 4971
-6068 4497
5658 3873
-2623 431
1796 5193
-3475 -1670
-6708 -5285
-6036 -4602
3357 -5092
-5967 -4214
5080 -4876
502 1169
-702 -2047
-2685 5970
-2419 70
-2338 117
1855 -564
1497 667
4129 5772
-2541 -6415
26 -2145
-6674 -6014
-6892 3750
-3369 -5493
-1084 -1759
-1299 3637
2701 -392
4547 5842
3979 6430
-2944 4057
-6958 3114
7208 3204
1902 -445
-435 -5733
4203 -3505
-2699 -2028
-5502 -2664
-7205 2577
615 -2660
1962 -902
5587 -1141
-3663 -3960
-2639 -5121
3726 1839
-5736 -4200
722 1193
-476 -5766
-931 4760
-1902 -5356
1051 5086
603 -617
-610 -197
-6031 -6508
-5259 -3392
-4591 663
4074 -6285
-1263 5253
891 2080
482 1348
-1398 1015
5254 2411
3199 5299
5435 809
-3947 1811
4692 6663
-1903 -4096
3010 -5221
1431 -5432
-4233 3799
-7014 6850
5571 -5157
3222 5278
847 -857
-2254 -7176
-2121 -6791
-2812 821
-427 2787
-3038 5807
-1612 2904
-2249 15
-5960 -1131
2902 -2128
-6893 5752
-4097 -3867
7052 -1655
-2009 -6969
496 6106
819 -1289
2394 3109
3778 -1563
-2143 -6877
524 2679
-1231 -564
-1846 -4649
-1974 899
1123 -922
-1899 1557
286 -6770
2674 2886
-3577 6108
2604 -3641
5792 -2776
-2052 6861
2340 5514
5712 1363
4691 -5963
6046 4497
777 -1705
1445 427
-3743 6757
-3306 5373
2978 -3783
-3883 2547
2853 5346
3327 -6244
2754 3443
1014 3703
957 513
-5172 -5205
-6066 -4134
-6931 2338
-3887 3951
1516 -1659
3527 -6170
5971 -4138
-582 -3039
-3090 -1929
-2980 -1760
-1878 -3369
-2285 1405
-4406 -3857
-1295 -3077
-885 1483
4771 6596
-4098 586
3856 -5511
6003 4544
-1936 2408
-70 -3520
-1189 4824
4661 -2669
1465 4986
5464 -5772
-6428 2435
4653 3661
5172 2419
-3168 475
-6785 4620
1379 -5954
6480 3511
-5771 6423
-3993 -1839
-2544 -4461
7247 1666
4537 -2995
-507 -6671
5604 -1223
5713 -2992
3328 4226
-1278 3434
4349 6553
4616 5886
-6399 -5889
1053 -5942
830 4008
-5367 -4750
-5778 5050
-302 4300
1901 -2886
1460 -5295
160 4969
-3032 4597
2075 2708
2788 2820
5340 -5122
4427 1213
-2760 -1928
-6993 -6559
-1761 -5428
-3141 109
-6468 -5467
-6181 -4128
7035 -1786
-4858 -312
-2846 7173
-4738 -5572
7039 1420
4361 5916
-5060 -2656
-2759 -2491
2442 -537
-6201 -6165
2976 -6060
1485 1449
6596 -3983
-1836 -755
-2464 -799
6492 5873
3754 -2680
6559 226
1706 -900
4809 6643
-2342 5506
2067 5658
-1307 1466
1360 -7021
2573 1403
-5135 850
4742 63
5506 -2772
5547 -1312
5504 -62
-2853 2941
3806 -2090
1214 -5997
-4948 6786
4347 -1720
642 -2181
-2778 -2918
3123 -3637
1131 2976
3657 -157
-4647 935
3742 -1683
-5630 -6612
5010 -866
1748 2735
4028 5671
2269 -3245
2443 1486
-5004 845
1797 368
-4761 -1873
-1125 -3201
4878 -1488
4024 -1530
-2878 -6672
-3536 5057
-2821 -4877
-5307 -2073
-461 -6701
-7067 -4727
-5820 -4994
300 -4166
4457 -1771
-2179 7178
-742 1060
-4189 -412
-5225 2051
3929 5647
-3586 2894
-3661 -2519
-7103 -2163
4457 -7045
386 1614
235 -2119
3559 -2387
3743 -3168
-199 -3234
-5009 -4711
-1623 4414
3458 -6748
-2945 4936
6274 4706
-4577 1919
5284 -2864
2742 3794
6727 -3706
2889 1227
-4008 3103
2378 7013
-4968 -1793
2908 4824
-5444 -268
-4150 -3441
5301 -1742
1231 -4226
5748 -841
6383 1622
3481 -291
2166 -5189
-3112 -3990
-2081 -4783
-515 4574
3910 -2962
729 5565
-5865 -229
2594 1730
-953 6962
-1992 5439
3792 4501
-2077 1491
1632 1493
-1807 -4379
2319 6394
1045 -2929
4646 -6497
-3815 -7141
-4348 4594
-2684 6873
-6040 -1161
-556 -2268
74 6441
4872 -1628
6099 -3066
-2012 5861
-1439 1067
-1199 1929
-3548 5300
891 1782
2742 -6528
-2263 1322
573 1115
-1848 -2910
5026 -994
-5215 932
2295 -4716
6954 6220
-4726 2915
-1288 1234
-2470 -4293
6826 237
3944 -4406
-5638 -6068
3070 -607
-6455 -3858
-200 -2573
5969 3588
5708 -796
-1657 4504
615 -6367
-1368 -4523
-6418 -4593
4161 2786
-6416 -5491
-4194 2695
6470 6344
5039 -5165
-4547 -563
6731 3200
-2156 326
5742 -934
-5987 -681
6659 -525
-5874 -1527
3899 -7093
-2491 -1262
-7088 -1448
887 1863
-2906 513
4190 550
-5777 5725
4284 6562
-4664 7027
-5016 -1327
4459 745
-2636 1994
6876 -786
6366 234
-1732 412
1797 -3975
-5963 4346
-429 2498
-6963 -5137
1788 5919
3809 6798
5302 7178
-1589 -5525
264 2774
279 -1781
-346 858
-4765 -677
-5817 -6235
-5446 3776
-2970 5150
5927 6947
143 418
-3533 -1026
-5970 -3739
4024 1289
6433 -5670
-3738 1932
1007 -7049
-927 1600
6302 -695
289 -6468
-5834 3036
6606 -4779
5812 -4633
1276 -5965
5401 6204
3349 2192
397 1668
-5766 5534
-675 6586
2977 5974
-3916 6553
2562 -1905
-6030 -4685
1517 6610
-6551 9
3763 2832
-1559 2378
5357 -4035
-4011 -2939
3329 -2828
-6680 -6001
1553 -397
-5485 -2659
-5109 5051
2696 1418
-4113 -2247
927 4137
-6929 2964
73 3299
5428 6863
1278 -3612
-2965 3346
1409 -171
5899 4449
-1232 2405
4347 661
2878 3908
3961 732
-6272 666
-520 -5112
-3009 5581
-1141 7128
-4397 1895
2822 -1390
-482 -4842
6410 1161
2445 -2099
-5865 2547
4644 420
-1303 -1465
4714 7185
5193 6790
-6021 -6941
-123 -1133
1213 -4996
1163 2077
942 4118
-5260 -4291
2384 -6114
-1540 2670
-5923 -2763
-6998 2574
-2210 -6536
6705 -5666
5102 -1856
7215 -2143
3959 4096
-4353 506
2571 -1549
94 5632
2191 3938
1814 -6077
3826 -354
-4901 -923
2258 -402
647 -65
-5284 3232
-2651 -81
-3928 -1254
1183 -4977
-2311 189
-6944 1392
-3286 -482
-4911 3553
6791 -6939
-7200 1134
-1689 6007
-2677 -6183
6578 4780
6859 -7044
7256 -6413
-215 -3459
-4139 -4678
4466 -5568
-271 2309
-6329 -6293
6959 -1330
-4928 -2744
-4375 -1625
-4997 -769
4962 -6443
6738 4071
6984 -3510
-887 1960
-5717 -4614
645 6714
2084 -2551
-1236 -559
-6089 -5088
-2826 5701
2227 6007
6915 2130
2203 -924
-3312 745
-7246 175
3429 -4507
-5300 5238
1844 261
6077 -740
3295 1767
944 -1375
1312 -1401
124 5120
3706 5482
6931 2890
4044 946
-7098 -2545
2754 -6862
6253 -977
-1420 4307
-930 -6893
-5497 5075
-1158 -1755
-6249 493
3409 1642
-3949 -5206
7173 4512
-5911 3643
-1735 6297
2497 6685
4539 4191
-1091 -4910
-5988 -1495
-1257 -3671
-3782 -2526
-5593 -198
-5843 -6443
-6263 -3884
1375 2730
7123 6028
-5599 -4527
2728 -538
-1906 -6551
2131 2974
4870 -4961
6667 -2315
-3539 -4060
-2067 6703
724 -1515
-5224 1159
3101 6771
-3222 -3834
-5166 -3501
-553 -128
5219 -6568
6463 -4400
-6527 -5001
2053 2
491 7165
-2061 -6412
-6731 3381
-50 5911
6940 6781
2158 1444
3005 -2877
-60 -2465
-5994 4659
5132 -5990
-1594 -1552
-6491 -2364
6546 1932
-4376 -1810
1368 -5842
2688 6891
-663 1404
-184 -128
3412 3877
6408 -5958
-5995 -2267
4471 -2544
-2808 -2089
5347 173
3810 5845
-6111 -3592
4941 5408
5339 347
6121 -5578
2413 -5346
-3448 -407
-3848 4196
-6133 -1599
2643 584
3568 263
2936 1826
-2717 1285
4246 6412
6792 -2286
-476 6986
-6801 879
7 -4582
6551 6487
-6734 4965
-1877 5765
1755 -7237
1763 -4944
-2027 -6574
-3654 5685
868 -1342
-456 6765
3821 3595
2882 2321
-3593 -3187
3867 6463
-3647 -5367
-2585 -415
1551 5510
1296 -5654
-3800 -4149
2076 4834
-2759 -5581
262 -4820
1819 -2597
-4460 3051
1942 -2424
4766 -4804
5133 6043
6298 -6928
507 4645
-2313 3614
4293 7055
6990 6041
4956 -6926
-569 4819
3794 3824
2869 -6847
-2360 753
-2472 2467
4050 3158
5843 -5500
-3539 -1328
2840 -2107
1339 -6057
3832 -5577
-2 7089
-6551 -2197
-1196 -3841
5582 -6455
-332 3787
5053 -7164
-1108 5429
-2816 5481
6927 -4308
-4041 -2557
737 -1560
447 828
2223 3007
-2593 1239
-1369 789
-6885 926
-5813 1709
2009 3550
-3638 -5463
7025 2881
-6041 -4311
-3830 -6188
-3061 2669
-5560 -2245
-1169 2566
-1239 -7225
4974 6743
-4166 -1442
4489 -2879
-6917 670
5293 -4060
-1761 2340
6799 -5539
2691 -4445
6511 -6074
2418 -842
-4478 4720
-3574 -2913
1737 -6919
-2938 1623
-2277 93
-5673 6662
-1768 -1025
2982 -4460
4421 1926
376 6114
69 -583
1821 -4086
7037 1005
-746 -2429
1135 6201
162 524
-1352 -5648
-6152 2665
5031 2212
-1416 -3320
2424 1426
-7215 -4337
-6625 -6549
5622 5007
2131 -6042
6393 -2985
6450 -5145
4291 -5921
-6935 3244
-6664 -6816
-2002 -225
931 -2657
122 -4007
6562 5158
4162 -6286
-4228 -377
4186 7109
1795 -2133
-1061 4387
-238 -3538
-2562 389
1403 -3907
-806 -6277
7023 5541
-5471 732
1367 4972
-2972 1631
-6165 -5342
-5004 -2301
1606 -4449
-3488 3608
-3951 5607
-7093 4830
-5968 -713
1789 -3568
-4393 5231
-4901 6358
-202 -135
3948 4604
-2927 4789
1254 -2865
4403 4914
6429 5925
502 -3478
-3651 -6227
3413 -5745
-5149 -4879
-5108 6386
5038 -5503
17 -6300
-5101 309
76 -3861
1937 3283
-1258 -7250
-2320 1330
-6469 1526
-2449 -3257
-4158 4442
-3439 806
-1706 6255
4965 1665
-7014 4433
2565 5633
-5053 -4843
6389 -1742
6078 1021
-1722 -826
5773 -6331
1297 434
2978 -7224
-1502 638
5039 1962
-4654 -2122
3274 -1267
872 -1291
-1183 6080
-2187 2961
1467 3711
3256 3941
4017 3699
-6615 1109
-1273 -5415
-7234 -2292
2343 -2790
-954 3565
-3324 -49
3134 -2477
4404 5818
-1917 -4551
3880 -4107
-2181 6771
-6622 -3710
5225 -181
5662 -6528
6314 3017
2098 -1314
1433 3514
-3449 4038
3555 3415
-3920 -5506
-3231 -5686
-4490 567
6464 -7227
1839 5826
-937 -1791
1416 -2052
5960 5339
-666 2520
-4564 6301
4788 257
-5675 -1109
-2525 -3605
-1151 -7104
-6356 3324
3313 -2431
-6645 5248
1814 -3814
2189 6872
2297 -4083
6427 5577
-359 6368
-1350 -2676
-5260 -7235
-6445 -400
1595 -1432
-3271 2152
6656 5186
-2557 -1367
-5461 -7099
716 -6003
5809 -7239
-2539 3709
-3593 -6827
-6560 1723
-833 -2549
-3800 -449
-6614 -5877
154 -4565
2811 1690
-4445 6955
365 1060
2352 371
6250 -4681
5798 2182
-5836 -809
-2248 1162
-247 -128
4887 -231
5027 619
-4363 3430
-2761 1865
6594 -3166
-2198 -4511
-6541 -4924
2650 6769
3942 -3040
-6426 -2979
-4569 -7160
-3947 6944
2884 6211
1778 4284
4963 6872
-2330 4376
-6054 -3381
-1508 4620
6234 3259
6009 1798
2998 -4256
3684 6584
-6 -4340
6959 1259
66 -275
6040 4535
4868 -4467
-5892 -5792
4450 -2877
-2991 -5802
619 -6486
2373 -6888
6994 1136
-2414 1168
7116 -315
3401 -4373
3371 2610
-4976 -6873
-2973 -3491
-2705 3459
6089 6755
-4207 5966
1096 -6587
5614 -5904
6519 -6792
-6696 4174
-3958 2504
-192 4005
49 -6324
-5854 -1433
6135 -4688
2244 6690
7033 3819
1899 5481
-5783 -5911
-1161 1866
-4478 -6791
6725 4945
6822 -3203
6977 1731
-1741 2519
7072 888
629 -6934
-2964 -6246
3985 1750
-1892 -6572
5070 1449
-6076 1075
-2772 4992
-3983 4192
-4742 -6170
-87 5018
5422 2512
-4959 -5106
3664 1083
6004 3174
2919 2147
-1391 4652
-2188 420
4114 5476
-3659 -6121
3747 -7039
2323 -1650
-3390 -1692
2533 6989
-2091 -3950
680 6542
759 3358
3055 4072
5028 3043
-6716 -6228
6743 2640
-4522 5545
-6958 2514
6942 -4849
-1752 -806
4609 5747
-4408 -428
-6220 -6415
4083 6060
-1377 -3910
-1829 4913
-2072 1288
5959 -1285
3447 2713
-6705 -6502
-6345 -4359
3154 -5586
780 3573
-4137 -2747
5173 -1163
6700 -2736
2610 -1563
6226 7071
-5662 -4264
-1199 -4580
7114 -7102
-4839 -6081
3861 3152
5983 -5861
-475 -6574
-6575 -435
-7087 3881
5841 1842
797 4398
-6259 3863
-5157 5408
-7056 7
-2897 5190
4686 -492
2284 -4231
-4531 6278
-1289 -3655
-400 -159
-1115 2155
-6711 -5418
3458 4716
-1509 -6311
3817 1732
1528 2899
3670 5253
-4393 4723
4881 -7181
-3458 -6890
-5316 6517
-2949 -2780
4500 6235
1152 2182
-943 -1411
-3301 -2865
246 3331
1795 -1105
5133 -118
-4479 3550
5061 3230
4175 2018
2986 -266
-374 3212
-4154 2030
-4839 6530
5601 1016
-1590 5699
-2368 -2481
-3016 6243
-200 -6540
5511 -3907
3981 5126
3704 2690
-4134 49
-890 -5172
4699 -3853
-2846 -6767
6917 880
890 1775
-1472 -1227
-1216 3586
-3657 -6095
3766 -5235
3225 -5901
5643 -4115
2064 -5586
2991 -5953
-3362 -3393
1715 -504
4893 -5163
5382 3403
4964 3972
-5783 -5440
-2528 892
5650 -6407
2413 5613
-5047 4838
5205 3612
2792 4634
-2901 825
2303 2704
-6894 -6007
6225 -7176
6761 -4018
-1686 -6216
7 5837
2771 2339
651 3388
1657
-1414 -1019
965 1821
-597 1559
-1946 -1332
-8 2271
-1266 1769
553 -1509
1756 -441
345 831
927 -1142
-583 1235
-2327 -1005
110 2087
-836 323
-810 -1228
-30 -338
2152 1233
1881 2142
569 1806
-406 -2047
2139 753
-1702 1072
-1248 -1206
954 156
-1924 -75
25 -1897
1161 1196
346 1468
-1501 -1018
352 1981
-2061 2320
-475 -889
-758 583
-854 -1388
931 -1041
-1975 -1268
-565 -1390
-1754 -1767
1436 -2216
-828 2310
-1692 -1856
1588 -1966
-1371 889
679 -873
1718 991
101 -1966
1991 1365
-1706 655
2178 443
-130 946
-820 -628
-1530 1763
1642 407
1013 -41
1857 -2216
1214 -392
-2250 -1677
1970 -1359
756 -1268
598 791
-1141 1285
-1649 -1097
-651 -619
1978 -1544
-1355 257
1240 1581
1625 -2118
614 1146
1886 -556
-1269 1759
1330 -674
1643 2150
1876 2018
1241 -667
920 -902
1193 -975
-58 1485
2018 991
1762 -1691
-1453 568
-633 -402
1661 -2120
-2131 78
-1555 -1725
201 2011
1261 -987
-493 -1027
912 -1660
-2141 2018
1068 -539
117 -1065
-1947 2199
-308 74
675 447
1842 -487
-1499 -1919
1180 -1706
-1937 1801
876 410
-993 -2253
2129 -958
-2146 349
-1270 779
1777 -1530
1095 -250
367 -861
-656 -1416
2317 -578
2303 -1072
-619 -565
968 -2043
246 -567
1497 2316
1908 -431
-196 -461
1280 -1
1753 -1251
1442 -2054
1592 -1510
-1582 -1759
-1115 -2206
1063 -1453
-1812 1647
-1817 1115
1412 1908
637 -1609
2184 -1539
-2040 1923
-608 -1372
-1649 -1913
-642 2093
1107 -1894
452 -321
893 -1359
-956 1600
695 -377
-545 1995
2199 875
-1266 528
-267 -479
1151 -1079
-1827 694
-2025 -427
32 1508
-2090 243
965 93
-1191 2332
-1891 503
-1480 -1988
-460 -2059
2127 -305
-1437 -466
1370 -1259
1987 -1251
-1734 49
-196 388
-1900 -796
379 -1219
1433 -672
-2302 606
-1248 1740
729 904
-786 -1964
-1502 -1587
-2088 -791
-1014 1915
-1280 -1572
-932 1929
-1733 274
943 -1955
-2221 -155
704 56
2216 -168
-1126 -641
-271 -2124
-2191 -857
-608 -2045
15 -2053
420 -1816
1126 -115
-1144 1177
1284 -2121
632 -261
2276 -1076
-348 2073
-1120 -1695
381 896
-1212 2225
2205 1145
1919 2097
-2301 -93
-2189 113
123 -1491
-789 -405
-1763 430
1580 -724
1836 1505
996 -164
-1698 64
-1601 -148
699 -1093
153 -2214
-1186 -43
782 1316
-2152 -1700
1260 -1273
-908 -125
266 -462
-554 221
1842 -2228
1853 -264
505 -1697
-1305 1748
-2064 -481
2196 319
-397 1371
802 1742
-162 1855
-1833 -1158
2016 707
-898 -172
-985 -1932
1832 -1562
1019 1245
-1709 1064
231 -494
1129 796
-303 856
-1697 -1274
-1557 -972
62 1355
-1534 -497
255 38
1524 2114
1038 449
2303 -1340
-335 1398
-1484 1389
-1278 1889
-1590 -1242
1880 33
782 -80
900 684
-1032 1101
1783 -500
-1062 718
-255 570
-1487 -2182
1396 -427
-354 -104
-153 -1537
110 -1190
-682 -1835
-939 -2266
-793 136
-1798 706
-2296 989
-1684 -2021
-845 -1283
434 1393
339 -2311
-2177 291
-1727 991
-1916 -942
615 2290
-1824 -651
-1979 1928
-205 2169
1810 -1019
-2160 850
-582 -2257
-240 931
-1018 -2001
387 -2042
2138 -1117
-1470 120
-41 -734
1056 -2204
-1951 269
2111 -182
122 -1522
1982 -820
1165 -1552
656 469
647 27
-728 -282
1120 -2134
400 1599
2232 1899
1881 1062
1820 1970
1965 -1193
2151 282
1408 -888
1861 1690
-1115 -1897
2323 319
-963 -1454
-1630 1291
-950 -1181
1371 938
2274 854
1276 -499
-578 -1399
2112 -1946
-782 -721
733 702
-1737 -896
2087 -1162
-732 1473
82 344
-452 1387
661 -999
-1824 1467
41 -2131
-1947 21
-2256 -953
2112 661
1267 -2068
-1826 -1228
-1212 435
-2160 84
642 923
-924 -2071
-5 1160
-1905 899
2028 -1700
1990 892
-1373 494
-661 442
-698 682
868 -415
812 645
-824 1624
1960 1883
2291 695
-601 486
1017 2122
-273 1437
-905 -1916
-249 2279
-1467 -2236
-2250 1978
2119 -964
-669 213
-541 1796
1499 -1450
269 1786
882 824
-2115 1747
-320 1325
1091 259
-883 788
113 1733
1607 -1449
502 2183
1903 -732
778 2102
85 1798
-1531 -1759
-2120 -1185
-181 -1396
1999 964
-414 -108
-1435 -2187
-1372 2233
735 1208
1807 653
-295 -559
2234 1656
239 -1569
1123 1829
-872 277
-1437 1933
-1492 -492
962 -1314
-2170 -926
-1241 -569
-892 -2166
1640 1891
-597 -1712
-1664 -65
-1624 -1394
-1122 522
-591 -273
-1446 -1704
1098 -1849
1602 1619
-28 654
-749 254
-993 1208
-828 1703
1264 -1742
1083 41
2206 -390
-1053 475
-2137 2139
1621 1625
895 196
1587 365
376 2180
1556 -935
701 165
665 -1149
-2248 -1950
1374 -3
-812 -58
204 -1167
-356 -1054
2316 230
1474 -278
-1514 -911
2108 1580
2215 890
137 1902
1489 1257
1618 1764
940 -1682
171 -1013
1194 1323
-1736 -2075
-1719 -2114
-787 2129
161 366
1261 -2106
1245 -2319
1492 -1236
-1530 -169
272 -1705
1595 215
1450 1760
509 -1419
99 -798
-217 -52
441 142
-1285 -1411
1801 940
-2217 1076
1550 -2129
2118 404
-2297 -909
1458 1215
-2057 -1131
1079 1731
-1018 -1297
-812 228
-1083 -466
-1477 -766
-1713 2322
1224 -345
2250 -1470
-1906 623
-307 -1782
-2164 -2092
-1188 -206
-898 1429
-434 1468
1360 2179
-496 1401
-1875 1768
2306 456
-1290 -1964
-2113 -852
975 325
58 1609
1683 -1486
-445 -1669
-1369 -652
-1239 2067
-2132 -750
1786 111
-1138 2151
1702 -2123
1274 -1742
2050 -1812
812 1722
2088 119
1318 -1700
1467 -2066
-132 627
-2104 1242
-1204 -1374
-120 1613
-1908 -2304
-510 1948
-964 -2335
-627 699
-1414 -1859
-781 51
-2188 -1472
-2319 66
1655 -979
-36 -1969
870 1712
-2275 776
-1913 -2178
-1315 2330
-1032 -277
-1604 1292
-1153 -952
1018 -1159
-769 -394
2040 -2264
133 1804
1881 329
2 -1888
-2109 399
212 -1482
-1406 1060
2044 -1725
-501 -2163
-2060 1308
-1379 -612
-1254 1024
2179 -116
517 -322
-1674 1148
-903 -2300
2016 -1525
-203 1606
-196 2252
1193 -505
-807 1702
836 1287
1213 203
-1172 -1526
2022 2195
-1017 192
-852 244
1974 1814
-894 -1312
354 -1064
411 2172
-594 -511
-1815 696
1036 1377
1472 975
1900 -1367
-1830 -611
-1778 470
371 2200
-2248 504
-1003 1836
2116 -1698
1326 -201
-2095 1440
-1123 -1058
1114 2057
1035 -438
-1117 -1249
950 -317
591 -49
-1783 2215
-2289 506
-921 1798
373 726
647 -227
-1818 -2302
569 -1298
2094 2155
1287 440
942 -1964
-9 -2216
-1104 -315
684 1084
-1381 -1390
-2260 1024
-1278 710
2236 -985
726 237
1767 -1993
2108 -837
30 -527
-1350 1308
-1159 -725
-950 985
1563 332
-1455 -477
-76 -284
-2007 1856
1121 -91
922 1743
-1106 258
1448 57
1979 -2333
1414 950
-1156 386
488 -647
794 -1499
950 -1478
1783 2296
-1636 1502
271 -826
-1666 1732
-1287 660
-2231 -1362
717 -614
-155 -310
-2336 -97
-1913 -1316
-2261 304
-2078 -501
2058 -1156
573 645
32 1743
800 591
727 1193
-1816 -148
-1595 -1222
-1542 -1367
-918 1597
-428 899
-42 -2194
-1281 694
-1241 1385
-607 100
1520 1633
2094 1758
758 -967
-2241 -239
-940 1794
1851 -1968
-1922 -1262
177 -71
162 1149
1096 -1529
1258 -1677
-1778 -1740
-482 -1674
1708 -695
-537 1782
-1350 -957
1455 -630
-529 1251
2275 1613
625 -941
-1574 -2093
2187 -1040
143 -2105
-1347 -584
-182 -2141
-532 -687
-2274 -1654
2042 -332
75 -187
-80 2036
-1341 -1832
-1960 1647
-886 -1984
616 272
1910 1036
1048 1470
1302 -875
-1515 1508
-17 -996
1102 2334
-862 318
-1365 -259
105 -1258
1117 375
-192 -17
-880 686
352 1252
958 539
934 599
797 1111
-1197 1482
1336 -1978
-2323 797
1052 1312
1538 1380
-2136 1565
1868 1572
-760 1916
-1872 -597
-901 -2255
-2015 521
-1201 489
-543 1966
2159 187
-664 673
1811 -2132
797 2011
1429 1631
193 254
-2332 -297
2027 -1867
-495 -405
-978 -1047
2311 -763
2326 -1764
280 -2282
2065 -90
-1102 1754
1899 970
880 899
562 -331
1740 389
1720 -46
1011 1149
-2121 -244
-335 382
-1841 1249
-117 1594
1514 -1504
1452 -310
1088 -1665
-457 -102
246 27
-133 180
1378 -1908
-2108 -2201
42 -1052
-1074 -2220
-1014 2309
-2027 -1068
2163 924
-1912 713
-175 -834
2204 0
357 1885
-1604 -2240
-2031 678
1117 306
1587 1531
1200 -2068
-1624 328
-2127 540
-1486 708
-995 -1331
1204 -954
-576 -2151
-806 -1983
-1364 -1428
1877 -1698
1285 -2064
-124 885
-2182 538
-274 -601
1550 -431
684 218
-2028 502
1700 274
505 212
2032 2281
-133 -795
1308 -1749
1016 -449
-754 2256
-479 -1574
1089 -554
717 2046
-1495 2235
-150 1165
-1989 -2284
1678 -1622
-507 -2227
-1876 1157
-1288 1214
-1951 69
-378 549
-1682 -1264
-2010 -122
-191 -6
373 -1380
-2260 1351
1398 1914
119 -1953
-774 451
-176 1997
-37 578
-2079 -1613
-1950 743
-2118 206
1352 799
109 -1630
1882 -2097
-1799 386
501 940
1246 702
241 1465
-1008 -855
-2277 2334
2310 1989
1562 -350
2097 206
2162 133
202 2144
1511 -2307
-2108 1221
-839 -565
1889 2143
14 -1608
-799 878
1902 1073
1172 -1025
488 1532
-1071 1138
1937 -2282
-193 742
-212 -1301
-2096 835
-347 2033
2318 -349
696 -734
-1523 -2147
-401 -236
-1727 1264
2120 1910
-24 -1975
1396 -2327
-665 -591
764 -967
1715 22
1791 630
-90 -139
-2218 -525
434 -608
-1128 -1062
-2255 -463
1593 -726
602 523
1165 527
-176 -823
-1813 -739
-1644 -889
940 -1048
2011 -1527
-685 -574
-389 1675
-1850 -1966
-2305 293
2043 717
857 -1125
302 276
311 -2049
1678 -214
1134 -2237
-1096 -880
2323 -673
-1190 1215
-1175 1435
-774 1794
52 -6
911 -1747
-2068 -1277
-1459 1597
-2099 -1683
-194 -50
75 -154
268 1907
1699 -1152
2267 -714
1933 -1736
2067 1260
-2098 -2075
-1029 -269
1961 -646
-1023 -566
-2123 -2313
-362 -50
2122 -2254
-1994 -1523
-1067 2046
-571 -631
203 373
-1451 651
1722 168
324 608
443 479
-958 949
1732 143
-655 -694
-1318 2135
1893 598
-733 -2122
-630 -8
1370 462
357 1684
-2277 1037
2163 -942
286 638
1901 2223
-256 2219
-19 -770
-67 -20
-1557 -1089
1083 721
1760 -2086
-833 -25
651 1337
2050 107
-47 -129
-610 -2103
-257 2152
-1437 1487
-1236 2302
903 2099
-1670 -1867
1721 -643
1275 868
1302 1106
1391 2016
1589 -1633
1259 887
-35 -1954
-426 2246
-234 328
-114 -585
2140 215
1512 1691
2096 1655
339 -160
1482 2120
-419 -1873
1321 2194
-2032 -1691
-1910 1222
-459 299
887 365
376 628
822 -16
-1749 -1774
-1885 -190
-219 2102
1304 -1106
-1149 1346
-568 -840
-562 397
-853 1779
-1603 -270
-1261 927
465 -299
926 -2116
-1058 2100
708 239
-2262 933
-432 912
-658 -1615
-1300 1614
1337 13
2260 -320
180 625
1261 1417
-2048 -936
1647 870
2236 1874
-580 -1001
-2142 -55
1045 -1113
-1519 1294
226 -1894
37 159
558 -13
1474 -1352
950 -1121
-1168 978
-1194 1921
-1632 1084
804 -2085
-691 149
-1576 -747
-834 1124
1576 1837
2216 2068
627 -708
-1296 207
2259 -1183
269 -1995
2133 -1972
1100 2169
-1723 1961
-1043 1560
-1758 -538
-917 -137
2224 -1309
729 -999
1773 502
-2072 -1926
859 1175
-1915 650
700 -1297
-801 2185
-1828 248
-2170 1979
1288 -624
-1873 -1911
-1764 -2208
-748 2164
-2182 547
-1160 -1994
-1897 854
-2168 -1609
751 -1477
1309 1576
-2215 2121
2334 -128
53 1715
-573 1169
-1535 -2093
308 1414
-437 51
-1073 1019
-1599 760
-1719 1849
2148 1388
172 -51
475 1382
2046 195
-2012 -872
1218 -124
-859 -971
24 713
1761 381
1023 -453
70 1766
315 -407
354 104
-1518 -155
-906 1830
-400 1468
1507 1012
-150 2127
1281 -1335
223 -2222
15 -2174
1595 929
2180 -1264
2261 570
-1980 1728
-584 1947
-786 -474
-449 633
466 2085
-1511 1114
-256 1052
-467 1616
1403 112
-1065 -558
397 690
1999 952
-588 1901
-85 -1389
-390 911
2299 550
-990 -143
-686 2181
1790 -1403
-156 585
-2274 2203
11 429
739 272
1316 -1591
-1999 -941
22 -1304
1410 2069
-1102 1992
1752 -1907
-2186 1133
139 -2331
-1364 674
64 -2236
-592 -51
2170 1593
-2098 -1170
842 -1855
329 -1868
1698 -1483
-775 2172
136 -1133
-628 1639
486 -729
557 22
2173 2005
1793 -1660
-198 -2042
-1778 -1983
1185 -1683
1078 1287
-730 -1291
-158 2043
539 1097
826 -1919
-1918 -897
1872 124
-636 -287
-996 -1311
-2309 410
-734 247
810 -1734
432 -2003
-2100 1318
1475 -1385
1161 -545
393 967
-187 -1235
-254 -764
147 1319
256 234
-1016 -1694
-307 413
-1559 500
-405 -2325
-2042 -412
-1418 -898
-416 2032
-538 2298
5 889
-143 1721
637 399
1613 2272
1373 1173
2259 -354
-776 1169
-1089 -1279
1077 2066
-1516 -780
-516 446
476 -2279
-374 1847
1869 -705
-1883 -342
1864 1920
-2135 -972
-1350 -1990
-1408 -1680
1253 -1112
1456 1825
-2183 668
1742 -1927
-1060 1691
-1072 2244
777 1045
-832 -1868
1556 703
269 2313
-372 -1009
60 -2211
185 -2157
1723 649
964 815
-2282 -713
-1674 113
259 -1594
-615 -46
-1833 979
-2118 -1844
539 -1749
-1776 594
762 -1335
-521 241
-175 -563
-555 321
1129 -452
413 1095
-639 -1746
-1934 -1045
-1405 -40
739 -1776
-2215 -1866
-1131 -363
-871 1621
-578 -1752
1052 -646
1741 -1854
1772 -589
-408 387
-101 -1288
-51 -2006
1585 380
-486 -528
1341 22
-664 -1214
1484 -1209
-431 -2214
1208 -921
-1774 -1543
-425 -2127
-180 -2045
-1003 -153
-1243 -202
1884 -989
1227 -1144
1327 252
-1831 1181
406 2001
1682 -862
1396 -651
777 1801
564 -1225
-925 -2143
2018 1996
-1355 -624
-682 1051
-1401 2288
2186 -731
1722 -316
461 -880
1221 -42
-1839 -2225
-933 -1874
-1378 -1681
1129 -655
809 -705
-2245 211
896 221
-706 890
-1700 537
96 1777
793 -1591
20 2181
1537 41
433 1024
-700 -2132
2042 -2049
1348 227
-968 754
-1459 -887
1028 -1232
-734 425
-1695 -2059
882 1388
-1723 1401
-150 -573
1144 -339
-1052 -1107
-1898 1492
1084 2277
2223 316
-1661 492
1037 537
1613 -786
789 1660
-859 -2285
-762 -1931
-479 -1819
-1185 706
1168 -551
541 1522
1231 -1668
2082 1754
891 -2117
-2191 1267
576 -497
-1962 911
144 -1661
1635 1846
560 2211
980 -607
236 1091
724 274
-405 -1559
25 2190
989 792
-1494 -2056
-1647 -1030
1280 -628
-990 -599
1098 1460
-559 1754
11 586
-2001 -1050
-1313 -2133
-1487 1334
2267 -780
550 -949
-2095 -996
2180 -472
627 -18
158 1116
2255 -671
2290 -1105
696 469
-162 617
-2235 813
1139 -1095
-1933 2307
2082 -2295
1062 1548
339 -1636
332 1546
-235 -480
-2334 -216
1199 470
721 -1483
1237 -742
-1104 1088
-329 1617
1133 972
-909 2287
389 -1040
234 1571
1840 270
-1169 -737
155 -1235
-2084 1543
205 2038
-1921 -1803
-1365 -120
1842 167
-1897 568
2056 -122
-1102 1128
1379 -1901
-318 -2238
931 -1040
111 146
377 1353
-536 958
2201 541
-1949 -1438
2062 -1875
1537 460
-1497 -2049
15 -2287
-945 1999
-2007 1162
-838 -685
377 -1298
380 874
1373 781
884 -224
1447 1767
933 352
-771 -1753
-1435 -1225
-2207 -257
2030 -1024
1547 -2143
-239 1138
434 -1769
75 1026
-917 383
-2192 -1098
-1752 359
-700 1608
1441 513
-1111 -77
207 1987
562 2013
2133 -1187
-1579 1056
762 -808
255 1910
849 1224
2306 1409
1402 -83
-1622 -11
-1023 -1428
-979 419
99 -1627
832 -30
625 -143
774 -2212
-498 -903
-413 1330
-1006 -1930
-1745 1613
-2159 -1792
1479 -1021
-1226 149
-835 -95
840 -23
2223 -1445
-689 1380
309 -1459
-1840 765
1204 429
1459 1393
-1905 144
-1850 -353
-258 533
-1254 -573
-1033 -2126
1419 461
8 -743
-35 -2147
1030 -1402
514 -1314
-1825 936
-1351 -1284
140 -151
-1712 2307
1507 1948
-2038 1877
-1399 -446
1883 584
261 1913
2064 346
-209 1282
-53 913
-377 45
940 -1228
-1950 -477
76 863
1982 -2160
355 455
-1289 1387
1481 -1205
1043 -1117
-2278 -1870
-1161 -856
-2318 -1017
-515 -1838
-2153 782
-1315 -846
-1098 162
1352 1524
838 -724
467 941
-759 194
-1072 -505
-1231 -1830
57 -634
-2017 -1559
-954 -586
-122 -2212
-994 1715
-1234 1458
-1367 533
789 1780
-1532 -2122
-1616 1746
-818 97
-881 -1956
1823 -1896
-802 1497
-1703 -1342
-825 967
-1194 -1809
1589 1904
-1535 1289
2164 742
2177 -678
116 -805
719 308
1069 1823
-408 641
2140 -330
-1378 -1497
-2325 -2283
1226 -233
686 -2119
732 2227
-374 -1243
2131 1946
-400 1398
-1785 337
2311 1572
2019 1871
104 23
-207 805
1539 995
2190 -56
-1698 -926
1276 252
-834 1901
1878 287
94 -137
-2018 1040
1948 645
115 186
-2125 2318
-2082 1921
419 107
-821 -1273
237 -2118
-1900 -2149
2298 1685
633 -1729
1884 554
-1940 -1196
-788 -1353
-311 1252
2001 549
-93 1100
-286 1853
570 -1980
99 -309
-1848 1996
-660 1614
-1926 2229
-88 728
-1540 1546
-840 -1719
-1043 1305
1271 -222
-1422 -2271
601 8
870 -871
1836 -40
-657 155
-2175 289
-1748 -1237
1700 514
394 1512
1222 -863
-394 1102
-1668 1541
2157 -1626
-608 977
-2193 -1589
-747 -1250
1425 2201
-2071 1523
242 -717
19 -1948
-1850 49
-1445 1028
270 229
-231 840
-984 -1400
-1387 -1735
1154 -890
-1394 1877
-1366 -925
-938 -509
2305 -1272
-102 -270
1807 -466
-448 -2163
-2000 614
1449 -2148
107 -1790
-2027 -1926
1187 -1500
2278 1775
806 -1055
-899 -599
1890 1041
-2111 2012
-2056 1013
-322 -1869
-983 -1595
1385 305
-338 -1450
1090 -1239
-732 1765
1042 -618
-1373 771
-684 216
-977 -292
-336 1356
-697 -2011
1314 -954
-2277 -1182
633 -1938
-2149 1233
-1860 1332
683 1014
-1113 177
690 -1532
-173 2203
-366 293
1203 293
242 -1242
-1862 1201
1910 1794
27 1779
-1072 -2166
-1368 163
-848 -1939
1820 -674
-1769 -982
-1548 -1766
265 1935
-777 -188
-2015 1452
535 -2056
254 1689
-2192 1308
1755 737
-1747 -2278
-1475 -694
2058 -1480
-379 1730
-461 1749
-859 -1624
2316 -1086
-1872 2227
330 -710
9 -893
2238 447
1597 194
-1102 -557
-1811 -905
1772 -367
-28 551
783 -346
967 488
-1183 2286
-214 2307
2280 2031
1087 -123
-2067 876
-1943 867
1378 1767
1071 1415
1119 1527
1931 1019
-376 -1983
-414 433
2123 1238
-1777 -724
646 -2071
2328 719
1285 -1621
-574 1344
-1111 -1467
-703 889
1700 1713
-1081 -469
1696 310
-707 -690
-257 -258
-369 -1334
637 981
-286 -2053
-270 -2304
-223 -1755
-715 -456
1973 2036
1306 -1406
1811 -339
-997 684
1967 887
-1068 1573
-1970 1792
-1112 58
-71 2061
-446 553
-179 -670
1206 -796
-1233 -630
1285 -1885
-1826 -188
-1985 -666
-543 -310
67 70
-993 -1
-1118 -649
1997 308
2210 157
1601 919
-482 1095
2278 952
-2037 -1396
1609 -2055
853 1152
2127 274
-153 19
9 -1025
-566 1031
928 582
1701 -691
1259 2216
-606 -1926
2000
-21 19
-17 -4
-17 -12
-12 22
-21 -19
16 -11
18 3
4 0
-15 -3
-18 -5
15 -22
-5 5
-1 -23
-18 20
-2 -26
-14 6
0 -1
-2 23
-16 -21
-6 -15
20 -12
19 -23
16 -1
0 -17
-22 -2
0 6
-17 -18
-8 -15
-24 19
-16 -26
-5 14
-2 -22
14 6
23 -18
3 10
-9 5
-5 6
6 -26
12 -19
-8 -4
10 -16
-19 -7
17 14
-24 17
1 -5
-25 -18
-24 -18
-23 -1
-2 7
14 15
-3 6
-13 13
22 18
6 9
-6 8
24 -2
-14 -14
-10 24
-11 -11
-7 13
23 16
-16 3
-20 -10
-5 8
-26 12
6 17
-10 -12
20 -17
9 -6
18 -17
16 -18
4 -10
-17 15
-14 -18
14 -8
5 9
3 16
-16 12
10 15
-10 -1
12 19
-22 -21
-20 -4
15 25
19 -10
-13 -25
16 -21
15 13
8 11
3 6
15 18
-25 -3
12 25
-2 -4
-15 -4
-5 25
-24 -4
-8 -2
7 -22
-1 -22
11 -6
-20 -6
-17 14
6 -21
-24 -17
25 -20
0 21
-21 -6
21 -4
8 6
-26 1
-9 17
-12 15
6 10
0 18
-21 23
-10 23
5 0
-14 -25
13 20
3 21
-10 -14
19 19
-20 4
-16 -5
-14 14
-3 -17
15 5
-14 16
-5 22
7 13
12 -17
20 17
21 5
-10 1
11 -21
-12 -23
-18 24
-25 -6
-12 21
22 -11
-23 -17
-26 -8
-13 2
-9 2
-7 -15
23 -13
-14 23
-18 15
23 21
21 -18
19 -3
-23 17
-1 11
9 -9
7 2
-17 -24
14 -3
13 13
-13 14
3 -5
0 24
-10 -4
2 17
4 15
23 20
21 0
6 7
11 1
9 6
1 -12
19 25
-10 11
3 12
25 18
-19 6
-14 15
9 -5
-16 -9
-11 14
-7 24
-2 9
23 7
9 12
14 20
25 15
-10 -16
16 -26
-19 -2
-4 6
1 -10
-8 -26
-13 -15
-26 -17
-23 9
-11 -9
24 -20
-13 18
-23 14
-12 -20
12 -21
16 -24
3 24
2 -19
-3 19
25 25
-16 -2
3 -14
-18 14
-17 -19
-4 -4
5 20
-20 7
0 -18
1 -24
-12 17
-8 7
-19 -9
14 3
-8 9
9 22
-7 -14
-7 3
23 22
11 -23
-19 -8
9 -11
2 -6
-7 19
-16 16
-8 2
-9 3
-1 -14
-8 -23
17 24
21 -1
15 15
-25 11
-19 10
19 2
-10 2
24 -22
4 22
-23 16
1 10
-24 21
5 -7
9 1
-5 -13
5 -6
3 -15
0 -6
8 -17
6 -14
-25 12
-20 9
-19 -24
19 13
-8 13
-21 -7
8 -6
-11 10
5 24
24 19
-24 16
-5 -2
-2 6
-20 -23
-15 -22
8 19
-10 25
-6 -8
17 -14
9 -26
-15 -6
-10 3
12 -7
-11 20
-8 -25
19 -20
-5 -14
15 -1
13 -18
-10 -25
23 -21
-2 -23
24 6
-11 2
14 -10
-5 -12
-3 21
21 22
1 15
5 -1
-20 20
2 -10
-10 -21
-24 14
8 24
-25 1
1 -16
-10 -2
-8 22
11 -7
-3 -19
21 11
6 -8
6 -1
1 -7
1 4
-26 0
-2 21
12 21
-25 3
18 15
12 -14
-1 -5
15 -20
-2 1
2 -18
-10 -6
9 7
-2 12
-20 8
-21 17
-3 -24
-21 -23
13 -24
-17 11
2 7
-9 15
5 14
0 0
-22 1
24 2
13 15
10 3
10 -22
-2 -2
25 3
8 5
3 -23
-11 -21
1 12
17 19
2 -23
1 18
-8 18
11 -3
-24 -23
-9 -4
-1 22
21 7
22 25
-18 -20
-18 21
18 -24
7 -1
-3 -8
-6 3
-1 13
-24 -6
-8 -12
-17 24
7 9
-4 -7
-18 -22
-17 -21
-14 -16
-3 -11
16 11
-6 -24
-9 11
12 -10
19 16
11 7
11 -25
-20 14
16 -10
-12 -4
-24 -2
13 6
-26 14
-24 5
-14 -7
-6 -13
21 24
4 -26
-12 -25
20 5
-18 -16
-14 9
-11 -19
18 -9
10 6
-20 22
7 0
-1 19
4 -5
25 -26
-21 12
7 -3
-9 23
21 -3
-21 -16
8 -22
-13 -6
-25 19
-24 23
20 -11
21 -24
-20 -26
-14 -24
2 -7
-22 -25
-26 -2
16 5
23 1
-19 7
-6 -26
22 2
-18 -3
-11 -6
10 -23
15 23
-11 19
-7 20
-11 0
-17 18
8 -23
9 8
0 -5
17 3
20 -19
18 18
-9 -3
23 4
-23 -22
-21 21
1 23
-22 14
4 -11
-23 11
-11 -25
12 9
1 24
-11 -18
-25 -4
-3 -21
-16 4
4 -23
19 -8
10 23
-16 -22
13 -8
-19 -18
-4 16
-22 18
-21 14
22 -8
22 17
-8 -5
-17 17
-24 -16
-4 1
-1 -16
24 -11
5 -15
-17 -23
19 23
-7 18
-14 -17
4 -17
-3 -22
13 21
-4 7
21 21
10 -18
17 -17
9 -21
-15 -25
-23 20
-11 12
-18 -24
24 -14
-3 7
-15 18
15 -14
-19 -12
23 -11
-21 -1
-21 10
-21 -11
12 -5
17 -8
-14 -13
3 11
-8 -1
-3 11
-4 -25
-20 17
-2 3
-6 5
-26 5
-10 -23
18 7
-17 8
-16 -8
1 -3
24 20
1 8
8 -24
-2 -21
14 4
15 -18
-21 -8
-3 3
-17 -16
0 -14
5 -4
-25 21
-5 3
-20 -3
11 -20
18 -8
-6 19
13 -14
-1 -8
-3 -7
-5 -9
-4 25
19 -17
-5 -25
10 -5
4 7
-11 -17
8 7
13 23
7 -9
-12 -12
19 -13
-26 11
20 -6
20 23
-2 11
15 14
13 3
-26 8
-19 22
14 -24
-1 -7
3 4
-18 2
7 17
14 -20
-1 6
-3 12
17 17
-1 5
-17 -11
7 12
-24 6
10 16
8 -15
-25 -7
-3 13
15 7
13 -26
-11 25
21 -6
6 -6
19 -5
1 -13
-2 -14
11 -18
-21 -14
6 -15
-5 -5
9 23
23 -8
-9 -25
-4 -20
2 12
17 7
-16 -18
20 4
-15 -17
12 8
2 3
10 -24
-18 6
5 10
23 -23
14 -1
1 22
-7 -7
-19 4
11 -9
8 -10
-3 -12
-11 -3
-10 7
10 -2
-1 17
-14 -22
-6 -14
21 20
2 14
-10 20
-13 -17
-16 21
19 6
24 24
-25 -5
-12 7
-2 -5
-25 6
24 -10
11 0
-17 -13
13 -9
-2 -1
4 1
-4 9
-4 18
-18 -7
-17 4
25 8
-13 -23
-6 15
6 -13
-23 -7
-23 -19
-22 -17
19 -6
-24 13
-21 18
4 24
20 -18
18 16
12 2
20 18
-16 -3
-3 2
2 -20
-4 2
-24 -24
-22 -24
11 -1
-13 22
-24 -12
-19 25
8 -1
10 -13
-8 17
11 5
-12 -9
-24 0
-25 -13
-13 -19
25 -17
12 17
21 -10
7 -2
8 22
-23 -21
-10 0
4 18
12 -25
3 -18
15 8
-15 -15
20 12
24 -25
-1 -17
0 13
3 -8
18 0
11 17
-12 9
-6 16
3 -17
21 -19
-1 2
-7 -19
-20 13
-26 18
-14 4
17 12
24 -23
-18 -9
3 20
6 20
6 18
-24 -22
6 11
19 24
17 0
-1 23
-21 -17
10 -15
20 19
-2 -9
-14 17
10 -9
24 9
12 -22
-16 10
-1 -4
20 -23
-12 -17
-21 -26
9 11
-26 19
-6 25
-14 24
-18 1
23 -5
-8 3
15 -21
1 -23
-20 10
7 -16
-5 18
3 -9
9 3
-2 -16
19 10
4 5
5 16
25 -3
-22 -20
18 -18
5 19
-25 -23
20 -21
17 -7
-4 -17
-1 7
-17 21
-2 -17
21 15
-7 23
-18 25
-26 15
22 13
18 5
11 18
17 -10
0 -25
-13 -14
-26 -12
-21 0
23 18
17 11
-9 -12
-26 16
8 -3
15 -19
17 -9
-4 -3
-13 -4
-15 14
9 5
-5 12
21 1
-24 4
25 11
-15 -12
12 -8
18 13
5 4
20 -2
12 11
6 -4
-10 9
20 13
-8 -18
-21 -9
14 -25
-4 -1
-17 23
7 7
25 0
8 -5
-8 -16
9 -14
0 -12
-18 12
-20 3
20 24
-20 21
-7 -6
24 13
25 -13
-15 -13
22 -2
-7 -12
-9 10
24 4
12 -6
-12 14
16 -7
22 3
2 18
-26 23
17 20
17 8
-14 -2
-9 -18
-5 -10
24 -13
7 21
-24 -13
18 11
-15 -26
-3 -16
-18 8
9 9
-19 14
-8 -11
15 -24
25 -2
-25 20
-25 0
11 14
17 -6
-5 10
-19 -26
20 3
19 0
-24 -14
-5 -4
7 4
14 -6
7 24
4 23
-7 11
-17 0
10 -17
2 23
13 -7
0 4
-9 24
16 8
1 -11
-19 -15
25 -6
11 9
24 -12
14 -19
4 -15
25 7
1 -21
5 17
-12 2
-17 16
22 -3
15 4
16 -16
-16 8
-15 -8
10 -20
23 -19
-12 1
22 -12
16 4
9 -15
-7 14
23 -17
2 5
-12 -1
-15 15
16 24
-5 24
-13 -5
-16 19
12 13
-25 23
9 14
-6 13
-8 19
-1 4
-16 -1
18 -5
17 -15
12 -12
-11 -16
-24 -19
-7 17
6 0
19 -11
23 19
-11 23
-18 -26
13 16
20 7
13 -23
13 -19
18 -14
-3 24
0 25
-18 -4
-4 24
13 10
-17 -7
-19 24
3 5
6 25
-2 -12
2 10
-22 7
20 -10
-8 -3
-2 -20
-7 -25
5 25
-10 -7
5 -2
-4 -15
-17 -9
-26 20
16 -9
18 -22
-19 20
-18 4
-2 24
1 5
-13 10
12 10
11 -12
-25 5
3 -10
12 -4
-13 5
-13 -11
-21 13
-18 -21
-8 23
14 -13
7 -4
7 15
5 18
5 22
-9 4
-8 -20
19 8
-23 -6
-6 -2
23 -22
-18 -15
-24 -11
-22 -26
-7 -24
6 1
-23 -2
-22 -6
-23 -20
11 22
4 10
10 2
2 -3
10 10
22 -14
21 -16
17 -22
-7 -16
-11 22
-18 3
4 -19
13 -17
7 19
12 -2
-20 -11
10 5
-22 -9
-17 -10
-20 2
20 -20
-23 1
-18 -19
-18 -18
5 -23
11 -11
8 9
-4 0
-8 4
-1 10
2 -2
1 -4
17 16
-13 -2
16 -4
-1 14
-17 13
6 -22
20 21
6 -23
11 16
3 23
9 -24
-7 -26
-14 21
1 -2
-26 -24
-25 -19
-7 6
18 -21
-10 16
6 -10
11 -17
20 2
2 -21
15 -3
21 -7
20 -5
11 12
22 6
16 16
9 20
-8 -19
-25 18
3 -3
-23 4
4 -22
-10 18
2 -11
1 7
-23 -18
25 17
8 13
-21 -20
-16 6
20 -7
7 -14
-22 19
-11 13
-19 -22
24 -15
-3 -6
-16 -7
-17 -3
-19 15
19 21
-8 -7
-4 -24
-14 -3
-16 15
21 9
-6 2
10 -25
6 -11
-5 4
16 9
-14 5
13 -12
-4 -8
5 -19
15 -10
23 -26
-25 -1
-10 -19
-21 -5
11 25
-4 11
0 -26
-15 24
15 -25
3 -4
20 -22
-22 13
1 16
18 -7
18 14
17 -21
-17 -2
5 11
-1 -26
-4 -23
10 -6
20 -16
-12 -18
19 7
-18 16
11 -13
-1 -20
5 15
-21 24
-6 -9
-18 0
12 12
-21 7
7 -26
-11 -2
8 -4
-6 17
9 -3
19 22
-18 -6
-11 5
-20 11
3 -16
9 -23
-25 -20
-3 -20
22 4
21 6
16 17
7 8
-2 -8
-3 -3
-25 -24
-22 -4
-10 -11
-19 -20
-22 -13
-2 4
19 17
17 -24
18 25
-22 -18
15 -12
-22 24
-1 -9
25 16
-9 19
-16 25
1 -15
25 6
2 9
12 24
22 8
-16 9
-4 -19
-13 17
-22 -7
18 4
-10 21
4 12
12 3
4 -2
24 -6
-12 0
7 -11
-15 -20
-20 19
-26 -9
-20 23
-6 10
-14 25
-3 22
-3 20
2 -17
-21 15
-10 22
5 13
21 16
24 18
14 18
-8 6
2 -15
-5 20
25 1
-15 -7
19 3
18 24
8 -19
8 4
-12 -14
7 23
13 -20
-14 20
-6 -20
-12 24
8 -18
-23 12
9 -2
-25 8
-16 17
-4 19
21 -17
-16 -23
6 22
-3 15
0 11
11 -22
-2 -24
11 -2
3 -20
12 16
-25 10
0 22
10 20
-16 -13
21 -23
7 -25
3 -19
-12 10
9 15
-13 -22
-12 20
-15 -5
-20 -25
-9 -11
-8 -9
5 -25
-8 8
18 8
-9 9
18 21
20 -3
-16 1
-19 9
-1 -10
15 -9
19 12
-11 -10
-18 -12
9 -19
16 -5
-10 6
16 10
12 0
15 20
12 7
8 23
11 3
-22 -15
-11 15
24 17
-13 -18
15 -26
-12 3
15 11
-7 15
25 -1
22 -15
-19 -4
-16 -10
13 17
-7 5
-11 -22
-1 -13
11 6
21 -11
18 20
-7 -23
0 3
9 -7
23 24
21 3
-14 -20
8 -13
7 22
22 10
-4 -5
4 16
-9 13
-24 15
23 -4
2 -14
5 3
-25 17
-4 15
-17 5
14 5
1 17
-7 -5
-1 15
17 -2
17 -23
-9 -23
-12 -26
17 -16
4 -8
-14 -1
-5 -19
2 0
9 -16
5 -16
4 -14
0 7
17 -13
15 9
-19 0
7 -20
2 22
15 21
23 2
24 22
-26 -14
-10 -9
-23 7
-16 18
-21 16
7 10
20 25
21 -8
25 -24
9 -25
21 -20
21 19
-22 2
-4 23
6 -24
-2 0
16 -14
7 -7
-23 -10
9 17
3 -13
4 -13
0 20
-17 20
-15 11
10 -12
-1 25
-14 8
13 0
-4 -26
12 -13
-5 -16
-24 -5
-15 -19
8 -11
-5 2
16 -22
6 2
-11 21
21 -9
-10 13
-21 5
-23 8
-2 20
-20 -12
-4 -2
3 8
-20 -9
-17 2
-15 -23
17 18
3 22
10 14
25 -12
21 -25
-14 -23
14 -26
21 4
-22 -22
6 3
-15 -9
-14 -19
-19 21
25 24
25 4
-18 11
-8 24
-5 7
8 0
-1 -21
-3 -15
-7 0
-17 -26
9 2
-5 13
-11 -1
14 -22
0 -16
-24 -1
15 -13
1 21
10 -26
-9 -17
-10 -15
-4 5
25 -22
8 -9
-25 14
6 -5
20 6
-10 14
-20 24
10 21
16 -6
-3 5
3 7
8 1
1 19
-24 25
-6 11
-13 16
-2 -19
-19 5
-8 12
24 -19
8 18
18 12
6 -18
-20 -1
-9 25
-5 -26
-5 -7
-4 10
23 11
-21 -25
-21 -21
19 -22
2 -1
12 -24
-7 -13
16 6
-25 22
15 1
18 -6
18 19
-17 6
-16 7
-11 -4
-26 -3
-26 -10
23 -7
16 -15
2 2
-8 -14
12 15
-17 19
-7 -17
-7 -11
-6 -16
-13 20
4 2
-6 -11
22 -5
7 -8
-5 -22
-26 22
17 2
1 14
-24 9
10 0
-6 9
5 6
15 22
17 -1
4 -20
0 -10
-4 22
-18 -2
6 -7
13 7
4 -1
-12 -13
-24 -25
17 6
22 -18
-20 0
23 3
6 -16
-21 11
-18 -10
-13 15
-14 -11
18 -13
0 8
24 10
-5 -8
14 -2
7 18
-7 2
-15 13
-18 -14
19 -21
-6 12
-25 -10
23 -24
-15 12
-18 -11
13 22
10 -1
-13 -1
24 25
24 14
9 18
-8 10
-14 11
-18 -8
4 8
22 -19
2 -25
5 2
-10 4
-15 7
-19 -1
-15 10
-15 -14
10 24
12 -15
-1 -25
22 -22
-18 5
-24 1
23 5
23 -16
16 13
8 12
18 -16
-20 -19
1 6
-18 17
10 18
20 10
-1 -2
-13 -10
-22 -12
-4 21
13 25
14 10
10 25
-16 -20
22 -4
-9 -21
-21 1
-12 5
22 -9
-12 -16
3 -21
14 -21
17 -19
11 -4
-12 4
-6 -12
23 13
-9 -8
-25 24
-24 -9
10 -3
-24 12
5 12
1 11
-7 -8
16 -3
12 -16
3 -11
7 -23
-12 -5
-26 21
25 9
18 17
-26 7
8 -25
8 -2
24 -1
-26 -6
12 5
-6 -5
-3 23
-3 -18
-13 -3
-22 3
-11 -13
-20 -13
-4 17
19 15
-22 23
6 -3
-25 -2
-19 -5
-8 16
22 20
-25 -17
5 23
12 -18
16 19
22 12
-5 9
13 -21
-10 8
-22 -3
25 -16
-9 -20
-26 25
13 19
25 -8
-24 24
-24 -3
-1 24
8 -14
-23 -5
18 -4
-6 -25
16 23
1 -25
25 -14
16 -25
7 -12
-26 3
-13 -9
5 5
-16 -17
23 -3
-19 -14
-19 18
16 3
23 6
-18 13
19 9
18 -2
-11 7
-11 9
7 -13
-24 -20
-15 21
25 21
25 -25
9 -8
-18 22
16 7
-12 -21
0 -11
2 -24
-21 -3
-22 -8
23 -1
-22 -10
0 2
-19 11
-3 16
16 14
21 -5
5 -8
4 -6
-15 -11
22 5
-26 -16
25 5
-1 20
7 -6
-19 -23
3 15
20 20
-2 -10
-20 16
-13 12
17 -20
-23 19
12 23
-16 23
13 24
-1 3
-23 23
-4 -16
-3 -5
-7 -18
1 -20
3 -26
21 -14
-19 -3
5 8
-5 -18
-6 -6
-10 -26
-1 8
-11 8
-1 -3
-6 23
13 -6
6 15
14 16
-3 -13
25 19
25 -10
-1 -6
-5 -15
2 20
-11 18
-14 13
-19 8
-7 -10
23 8
24 -3
21 23
19 -2
8 -8
3 -12
-9 -5
-8 15
-13 -13
18 -12
-7 -1
-3 -9
13 -13
5 -11
4 -18
0 -21
9 -13
5 -9
5 -5
17 1
12 20
13 14
-11 1
13 18
3 -2
-3 -25
2 25
21 17
23 10
18 -11
9 -10
14 -17
-1 21
-23 -3
6 6
-25 -15
-3 18
2 21
9 -22
9 -1
20 -9
-15 17
-8 21
-3 -26
-3 14
-13 -21
-17 -5
12 -20
-26 -21
10 -19
-2 8
22 -20
19 18
-2 -15
0 -4
-14 -9
10 7
2 1
-20 25
10 1
-26 2
-26 -1
-15 5
-23 6
-12 23
-13 -8
10 -7
-23 25
-13 -12
14 14
13 11
-19 13
25 -11
-5 -3
16 25
-12 -11
15 -2
-25 -16
-14 -26
-25 -9
0 -15
-13 0
-21 -10
13 -2
6 19
17 -18
18 1
19 4
-14 19
-16 20
14 -12
-19 23
14 -9
17 -26
-15 -18
22 23
-26 -19
24 -7
15 6
23 14
3 19
-12 -15
-3 8
-1 -24
5 1
11 20
-11 -8
12 -1
2 -13
16 21
12 -23
-1 0
-15 -16
-14 -5
-6 18
-15 20
-6 -3
-20 -5
6 13
-8 11
10 -4
12 14
-17 -6
20 -8
-12 11
-22 -11
-7 -21
14 19
-21 -2
-24 -26
8 25
-22 -19
-17 7
-23 5
-5 23
-16 2
21 -15
8 -21
-6 -23
-20 18
-19 -21
3 17
-5 -11
4 13
6 12
21 -12
-8 -6
12 6
-24 18
-7 22
-10 12
11 -26
-25 15
-21 -12
-23 -12
-7 9
12 18
-22 25
-26 -15
-13 21
-9 20
-6 22
21 25
18 23
9 19
15 17
23 -14
-3 -23
14 2
16 -8
-12 -6
-17 10
2 -8
-26 -26
-20 -7
15 -6
7 -10
15 0
24 11
-13 7
-15 4
-25 -11
-25 9
-16 -16
4 -12
9 -4
5 -21
-22 17
-15 19
-12 12
22 -7
11 -8
-25 -21
21 12
-6 0
-11 11
11 23
7 -18
18 22
-17 22
-21 2
11 -15
-9 14
1 0
11 -19
-12 16
-17 -17
17 -3
-15 1
0 -22
24 7
-24 8
14 17
-3 10
25 -9
-18 -23
6 21
4 9
-2 18
-19 1
6 16
-19 2
-25 25
-13 11
-20 5
17 -11
16 -17
-24 22
12 -3
-1 16
12 -11
-12 -7
-16 11
22 -16
-8 0
-22 12
-19 -25
23 -6
0 9
9 0
-4 -6
-2 15
-11 6
-20 -15
-10 -24
-7 1
21 -13
11 4
14 -11
0 1
15 19
1 -9
-20 -20
24 8
24 1
17 10
-19 16
7 1
5 -20
-5 15
-16 -25
-11 17
16 -13
21 -26
15 -5
19 14
-25 7
1 -17
-22 5
14 -4
2 15
0 15
19 5
-5 -24
19 -16
11 2
11 10
19 -24
-14 3
13 1
-22 9
-15 -2
0 16
-10 -10
-21 -15
15 12
1 20
-1 -12
16 20
1 -18
17 13
-15 -10
2 11
18 10
-22 21
4 -9
-8 -10
8 3
6 -20
-9 0
18 -1
-3 1
4 20
-24 2
-7 -4
-2 13
-13 4
7 -24
-7 12
-16 -4
14 23
-24 10
0 14
-15 25
21 2
-2 -18
7 14
11 13
-23 -25
24 23
-12 13
8 -12
475
-411 -4414
-1959 -2662
-3543 4014
1729 -5202
-2940 -3992
5390 4021
-2813 -6495
2351 -5784
2811 4184
-6505 -4205
-989 -5436
-3008 6680
-709 -4692
1176 789
1036 -4321
-1230 -32
-2203 -1322
1762 -4486
-6028 -6011
-6739 -698
5423 -1190
1185 404
-3366 6337
-6406 -10
-941 -4120
-2397 6464
5147 -3455
2387 2984
-4835 249
4972 2128
-6168 5204
-4850 3377
-1325 -4387
4168 -5236
4330 -2494
-1652 -3216
-921 6888
6755 -996
-6524 1031
3453 -1926
2609 -5882
2546 4837
4092 -4427
909 -2307
-6185 -205
6222 4018
-3116 -2985
-3013 -4208
-4350 2093
-514 -1641
2901 -5305
3290 2202
-2057 -1599
-3159 -3612
907 5700
2258 6098
6044 3329
5799 2064
6648 4958
963 4394
6144 4214
-6391 1711
886 -3419
1958 6571
5136 -6562
-3437 3419
1101 -4777
4962 -3459
6345 6881
-4832 -5352
5278 6634
4927 4166
-804 4478
967 1853
-101 3888
6867 -6102
-5107 -4172
6755 -414
2348 -1160
-3062 -927
-1834 3766
-5841 5948
-5261 -6198
86 -6137
-4063 3191
3256 6920
-4484 4137
-2458 -3400
4522 -5273
-5095 -1106
4871 -6768
-6320 4344
-2150 3508
2353 2141
-5679 -6324
-5303 -4788
-2102 -6099
1535 -5252
-5277 6624
4989 4550
-3930 1270
3151 5018
-4689 2113
-1547 -168
4065 5799
852 5277
-5984 -2110
-4046 1674
-6053 -5801
4182 4144
-4802 1881
1446 5153
-3241 1107
-1983 5569
3088 -3711
2035 875
-6893 2088
-6394 6136
2260 2598
5196 -4023
231 -5655
113 6028
5763 -547
6704 -2563
3765 -2804
-5263 5739
3183 -756
6494 4181
-2544 -1432
-2218 746
1538 -555
-228 -2125
3445 -5820
-962 4698
-351 655
-222 -2285
2701 3237
5161 -5252
-5937 -3083
4232 -2687
-839 596
72 2084
6776 1527
-79 6954
5723 -1311
4372 -2719
-3423 -6727
-3929 -2964
4142 5415
4265 -5588
4400 -2045
-3519 -4949
2938 3604
-6441 4419
6515 -5714
5047 -1660
2259 -3483
3674 1760
3774 2268
-4646 4351
4349 -1745
384 2462
812 -201
2310 3857
-4544 -5117
-5893 -1137
2138 -4270
1640 -554
-6248 4367
2854 2801
4138 -2695
-6359 -2558
3492 -6245
880 -4525
127 -1454
-3215 4947
902 -3438
2112 3241
-6078 -1838
-1592 -4553
-2094 1591
2385 4681
-4085 6792
-4870 -2488
-6931 2464
-5063 2134
-4381 -6613
4152 -27
3524 1697
1039 -1803
3557 5097
5426 1701
4258 -4873
2200 -6660
4753 -1468
-5853 3243
-277 4634
1208 396
1026 1111
-5729 -1168
5288 2252
-91 1932
4448 -3769
-4920 -5296
-4553 -4965
2823 -3266
-283 -3365
2281 -2352
1900 330
-1767 4683
2055 3977
923 3170
-4273 1610
-2005 5108
3278 3311
500 -3039
776 -2612
5172 -3186
-682 -3312
1111 1565
5185 -6537
-2354 -1394
-6268 5533
-1943 5859
-5135 -6124
-6659 2475
4077 1312
1170 4907
-2410 4084
838 890
5 1375
3830 -3876
-3653 881
-5011 -5432
5201 -3913
-1795 -4655
-1318 -565
5199 -6764
5838 -2509
-3432 369
5407 -2940
2374 -5618
3867 613
-947 -6738
3054 -6189
3582 -5838
3777 4017
-1091 -6348
-2451 -168
-3412 -1732
-3277 -2081
-3072 3307
-6282 2436
-5473 4130
3561 -6001
4283 5334
3349 4543
5649 -848
5194 -4504
3164 -442
-863 4438
-979 5220
-3228 3755
-287 2924
-61 -423
-5386 6266
283 5421
2323 -1589
4131 -5227
599 -2750
-6238 -114
-4636 -1123
6710 5635
2389 2776
6468 -81
6132 -3130
4671 769
5314 5794
1301 -6600
-220 -2123
-1812 3012
-5103 -476
2523 5404
-3934 1572
2949 -5677
-5662 -700
-1267 -3098
-605 -3045
246 -6573
1412 4667
-1701 -1307
4647 -1801
407 -5215
-4893 638
3273 4484
-2682 -1195
-1178 2974
1620 -3555
-5194 6654
5438 -3302
-2424 2454
3880 2150
-2736 3515
5253 -2078
-2848 -4984
-340 5747
6032 6004
6085 438
6304 -2587
-2355 -2403
-1320 6903
-6848 6435
2618 -6592
1412 -6115
1196 -5295
-4505 -969
-4973 -6861
3031 -2615
3828 -1216
5040 4999
-1544 6156
-464 6213
-3728 -3958
-1556 -2332
-2286 -1589
-435 311
-2188 4380
5435 4366
3991 3703
-3264 3143
5933 -6131
4759 2891
5166 -2601
2294 5817
1454 -3949
-2869 4484
1486 -888
3374 -2309
6277 234
-2267 -2285
3681 -2496
-5762 479
-1157 2401
-5585 4491
2227 5796
-3418 -6678
3759 413
6769 -1654
996 -3824
-5886 -3392
-1220 -2102
-3190 3934
-3124 -4715
4544 -3251
1057 -6260
3122 3442
5767 4663
3686 -3419
-3936 4202
5515 1201
5275 4591
-1572 6409
-1772 4850
-2227 -6739
-3084 6073
3550 -3178
-6906 -3116
-4481 1469
516 -1416
1697 5812
6215 3728
1306 -6524
-5636 4776
1867 -2151
2920 -5872
-6958 2742
-3299 -5920
3273 5442
-5803 -6021
5176 -124
-6816 -2225
-4164 6599
4879 -3684
-5872 -1377
-5918 3883
5621 -4800
6101 221
4222 -6345
-3234 5990
2351 -4285
-5789 4969
4994 -393
2871 -4000
1342 5494
-2513 -3186
-1603 5188
360 456
-5275 -3087
1547 653
-1822 -4713
1275 2314
6639 4200
-456 5097
6938 4565
4454 3780
1760 -2774
2817 5659
-576 -4053
-1739 -1069
4973 -2325
5293 1841
-1228 -6342
-4195 -6561
-5446 -1117
-6549 -2138
-6011 4717
-3706 -4964
-2391 -5677
-4438 -2396
290 -4269
988 -5870
559 -5925
-123 -5467
-5766 -4603
4903 737
-694 5738
-6938 5580
-5273 5651
2342 -2025
-712 3485
-5711 5338
4334 5205
-6931 -2653
2321 3506
5729 -6839
-2982 2913
4599 -211
5193 -2010
-4844 3613
5430 5248
1919 -3514
-3146 1742
546 -4912
3682 820
-5812 -1932
5887 1671
4693 120
3384 -5140
5094 -4653
-470 -3630
962 -2108
1564 6874
-5078 -4380
6425 463
-2026 -5149
4997 -6106
-1942 -2619
-1402 3373
1301 -1037
5085 -5709
5211 2057
5860 -949
2806 2939
2065 -5709
-5243 -2656
5678 -1947
4875 4937
620 1909
1031 4294
1812 -1148
6683 -1248
-5211 48
-5505 -5595
6869 -4418
-2848 -807
1301
-1302 -5204
-1851 5437
977 4244
-2727 -2370
3477 3583
2305 2029
-4109 -6028
-4060 -721
-5243 4648
-5766 -1363
-121 725
1344 -1961
510 4006
-5432 -5896
1695 414
-2724 5497
-4185 -1284
1392 4515
5440 -4255
-372 -3202
-5597 741
2407 3849
2154 -295
-4219 5563
4375 -5151
-1283 -184
439 2729
4760 -4538
-1528 2775
7 -3808
-4311 960
1703 2659
4729 1265
2650 5524
5060 3944
-5962 -1818
-1352 2339
-2875 5905
105 3504
3024 5986
-4383 1037
1566 -655
1403 4467
1343 -1596
5086 -3970
-5909 -5887
5680 15
-1121 1821
1010 1214
-4975 755
5558 4065
-2460 2232
32 -1921
-4685 -5536
1524 -2687
359 -155
4849 -5167
-5016 -4364
-2682 -1055
5720 521
3964 -2730
4082 5984
-1925 1154
3679 -3992
-212 2334
-5082 1901
-420 -4972
5247 1070
1177 5174
3783 3511
1438 346
-3621 5836
4732 -1567
4389 -3646
3705 3242
-5730 -1435
-3324 6054
524 -828
1773 -4778
-385 4942
-1316 5236
1798 -795
5031 -650
-767 -3214
-5365 3647
-1397 -5440
1271 850
-657 1549
2254 2294
945 3904
750 -2043
-4225 -5182
-5680 5208
-1198 2345
-2262 4281
541 -1517
2836 -3236
-4165 -3594
3584 4348
-4104 -783
3282 979
-661 4835
4982 -1821
-4811 -5741
2639 1091
-2584 -427
4318 -1220
-103 -4851
5176 1991
-4549 -4064
-3059 -2570
-3128 4442
1869 -5741
5401 4740
-2088 1224
-43 -1770
-1735 -1283
6060 5407
5512 -6065
-5381 330
-1102 -3580
5444 -2617
-5267 -5242
2333 4595
-3466 4620
1603 5960
26 -5252
5799 -6013
-814 645
-1772 -3145
-212 1807
-2450 -4360
3925 -2408
-4555 -3293
-3122 4192
-3201 1260
3891 2198
-2617 -1425
3258 5849
1844 1931
-2968 1086
3861 5392
-2758 -1321
1590 5934
677 3400
-3214 2078
1941 338
1895 -570
-5516 3226
-3969 3460
3457 -3034
-2302 -2200
5293 4281
4813 -2048
-3815 3354
-90 -3651
4009 806
-3044 -4300
3535 3308
4085 -4658
3851 -374
-3279 3732
3226 -1283
3105 -2549
893 1188
552 2567
-968 -4194
2382 -1270
-2433 -3015
-4196 -5796
-4745 -3023
-5451 2654
-243 -6013
4298 -706
5816 -2962
3768 -381
3941 -1727
1098 -4032
-312 915
2181 4250
4724 -4771
940 -276
2116 -66
-4785 4052
43 -2961
-1196 -2412
-4308 2305
2419 -5393
-785 4207
844 -5579
-6057 -5075
-1992 2983
117 -1006
4277 821
-1442 -1825
-2007 1592
-982 1744
1026 -3918
-5680 -1870
-1397 -5110
5455 986
-390 4651
-1577 -193
5607 -4282
5180 2679
-5460 -1004
1587 1183
2966 -1879
-1007 -2977
4575 1419
-3693 -4551
2721 660
-5045 -1906
4416 -5048
2479 4060
5988 -2338
4185 -732
4506 -5886
5562 5411
2132 -3111
5940 2750
2304 3586
-1564 2586
5670 -3563
977 2847
5331 5490
-6012 -553
4638 -2070
-254 -1543
-5873 1290
3211 -2291
-2894 -1987
1571 -6089
-755 1567
-5494 2957
-1314 -1017
4724 2655
3200 -4676
-5111 2878
2294 -3431
2089 257
947 -4437
452 -1837
1644 -838
1727 2470
-4832 158
4666 5367
2628 -1066
-5265 -5135
1206 -6062
-2862 3516
3117 3158
4537 4835
-566 136
-3437 -5208
-5528 5151
-3211 -31
-118 1676
4604 25
1218 1627
270 -6012
2021 2171
5227 -1623
2050 4685
3851 883
533 -579
3581 473
-3592 5526
375 920
5398 -4265
2121 4076
5093 -788
-3115 -5630
2231 2157
-1560 3758
-622 3691
5633 -4758
1281 -5977
-242 -2230
276 -4536
639 -3716
-4634 -3882
-4202 3218
274 -5929
-5826 -4891
-1439 -3622
-4044 5012
2974 6003
1065 -4083
-3596 5524
4537 -3424
4670 -2621
4394 -805
4530 4244
-6032 4543
-2695 3907
-3811 -2542
936 -5562
-3564 -1468
-1089 4401
-126 -1146
-1433 2121
2363 4440
-469 -3323
207 1099
2453 -1968
-5060 -6079
5451 -1953
-899 811
964 1966
-3758 1763
-5227 -4990
1278 2435
5878 -850
-4554 1254
3383 -5145
-3591 5323
5747 3957
2049 -2731
5471 2904
950 -5161
4259 -5374
-462 -3303
-243 5299
-5580 5157
4518 1467
328 1248
2010 4522
5703 -52
-5218 1666
-3469 -3692
-6018 -15
-177 6012
-5154 -583
-253 -5989
-4632 1669
3657 3518
3487 1027
1257 3178
-245 4813
3301 -2087
2883 949
-4113 3305
-890 -3213
812 4025
-2799 -1147
-3820 -4643
-5463 -4993
4074 -5699
-1902 -2367
4248 4067
-270 -4919
184 4311
-1259 -3821
-5212 -1437
164 5083
-664 -2085
-5234 -2242
-2483 -4612
1045 5189
-3396 3026
1203 3913
-3273 1761
-5987 5482
3099 5205
-4576 -2084
-5504 5848
-1454 -2552
5566 -670
-5883 2773
-387 -178
-4242 1332
-1551 -863
2321 -3668
6075 4729
2289 -2315
-2849 5352
-3551 -803
-4495 -673
5090 -2868
195 856
-3283 -211
-1750 1057
2782 4078
4323 -4448
1506 -5986
2669 -1059
-1437 3189
2811 35
-4816 -3591
80 -796
2502 819
6011 -4825
-790 3242
-4486 -3462
-5234 4024
4164 -5227
4849 -5684
-5470 -4665
-2501 1695
4889 -3284
-2825 5254
2495 -2808
-6091 1144
-1038 -4080
-2993 2797
-287 2172
-1789 -2310
4003 -3864
-1330 493
3781 -4667
1718 844
-4189 2467
5416 -2124
-539 162
-4467 -3385
-2645 3763
1420 1712
-4778 397
1061 -2315
2907 -2976
5266 -910
2733 439
-4289 5148
-2257 2473
1048 -2533
-2968 4370
-3018 -5838
-2292 5342
2243 -700
1549 -387
-5540 -5997
5295 -2224
-3076 231
-5279 5669
4768 2554
5362 -1404
2441 1567
3979 3892
-5311 3585
5114 -5703
1256 -4812
-3412 976
3748 5263
-2790 -2269
-4953 -5207
-5139 5384
925 -6033
4866 5053
-52 3147
-5100 -1074
-2048 -293
1836 503
1221 -990
3892 4070
-6020 4266
1270 2891
-3032 4703
1569 4289
4303 3261
3727 -1943
1334 -5153
1338 -4099
-4797 -5528
5938 3459
924 -4499
-3771 5860
4935 227
2411 -3575
2606 4321
-3654 -2308
-2471 -363
3263 3365
4723 -3870
-288 -5971
2422 -2728
2758 2525
-2749 3360
-3503 5696
-5580 -2056
197 -4213
2764 4300
-531 5591
1913 830
-4180 -4389
869 1517
1221 -6005
-4554 -4852
5269 4514
1030 86
1841 -5026
-5875 -4802
6013 -5308
6022 -4986
-5040 -4194
890 893
3021 -473
-4103 -2553
1316 -4211
-5087 4213
-54 -5172
-887 1019
-4468 3367
-1754 4199
2362 -3289
478 -2376
-4215 -5154
-3830 4165
-1086 1541
-4879 -3842
2429 -4639
-1882 5690
506 1042
-5008 -4588
-3958 -5623
-3468 -1740
4009 1661
4062 999
-5829 2013
-1747 -3182
-4266 -1311
4339 3912
1967 3474
-3340 2462
4179 -2511
-5084 -4612
5027 -549
328 2537
1560 2176
-719 4399
-4914 3543
5796 -1365
3759 2047
1983 -3438
4786 -5601
3261 -5940
4471 5561
5719 2103
800 488
-1807 -5498
2782 -4182
-4949 -68
3891 -280
-5629 -1054
1408 -2920
2661 5006
-962 858
-3580 -5199
708 3283
4366 5227
2352 -1861
-4773 -6006
5190 5042
163 -2634
-2211 5806
-3752 -4695
4437 -353
1554 5699
6042 -4796
-3451 -5945
-4344 2996
671 -1736
5751 2939
1792 1716
4146 3100
1771 4349
773 2080
617 -5441
-5587 -1731
4870 -4700
3647 2326
1272 903
-1032 -5639
5712 -298
-863 -4412
3640 153
2263 -2561
-1599 5325
-5335 -1331
5130 -2592
-3417 3216
-56 -3087
-4524 882
-2172 -5112
-4245 3936
-4579 -4681
4937 5528
1641 -2424
1781 -5598
-2202 -4168
-5740 594
979 -1342
-4711 478
3673 1481
2678 2887
-5991 -3707
5029 4688
-5523 259
-3526 3400
4832 -4536
1904 8
128 784
-3091 3449
1317 5258
-1304 -2531
3107 -5692
2815 325
1847 2548
-1544 -3295
-4196 5209
5223 2533
3883 2117
-2771 -1429
-3238 4087
-4682 461
3575 1496
-4236 1262
-4591 1826
-5968 977
4338 -4350
3661 -56
-3427 5166
1317 -5966
2074 4992
-2181 -3345
1475 -1506
5708 2214
-5035 5189
-2838 -850
-612 4838
3131 4165
-4555 393
-3066 214
-767 3759
5324 2144
-5239 3892
3612 -2561
5048 762
-4081 1618
1674 -1596
-2092 4011
1148 1255
989 -3896
5911 -5494
3224 -504
4134 3095
-2510 4578
-1610 -2445
4742 -4065
-49 250
198 -1270
-2508 -3070
-2870 4901
4189 261
-4386 -5718
-432 316
5692 436
3048 -3860
-831 3537
-5415 -5830
2598 -5671
-4331 -2189
-2964 3305
2255 -4402
-2381 2431
-5357 -4406
-3034 221
205 -1049
-5559 -4593
1476 -3276
-330 1138
-2836 4933
4876 -4115
-4990 -5408
3983 -5394
-2072 5689
-4351 3530
-2765 -1629
1112 1708
1055 1499
5362 -1651
-1877 -2305
1249 3055
-1248 -3895
378 -3303
-1266 5186
2744 939
-5286 -4601
-5800 -2392
-982 2762
1720 983
3029 -701
1553 -868
3488 -2855
-4247 -1029
-2785 1910
5967 1595
-2668 -1224
637 2139
2909 593
2195 -1081
-4266 1274
3249 1953
4327 -2366
1734 2348
2690 -22
-4189 -4791
3860 5986
5991 4272
1883 2160
-3688 -1900
741 -4135
-964 693
-2389 5736
5287 1811
-1590 6095
-4545 -5555
1402 -1016
4350 4986
-3030 -245
-46 5544
4747 -5683
440 -2807
361 -3613
5355 2023
-78 -5451
-2650 -521
1586 3437
2063 -5888
-4108 4335
2011 1427
-1652 -3841
-4618 -386
-309 -4211
-869 -5453
-2419 -516
-2720 1827
-278 -1016
1660 -729
5937 83
-4835 5809
5684 308
2676 1750
4591 1858
-3424 -846
-2474 -3770
4998 407
-2727 3619
-4242 -4153
-3665 576
5654 4163
3938 811
318 3740
-2887 -5668
-5355 739
5402 785
-1963 1081
3214 1332
-2237 -4409
-253 3252
5101 -5387
3840 536
2169 1105
-5355 4045
4115 -1952
-2617 2495
-1772 1572
-3308 5504
5996 -3058
-2361 165
350 2798
4375 -2285
-163 3828
-3834 -2589
-2109 1765
2817 5624
-4158 -3176
3332 -4902
1969 450
1149 -388
354 699
5693 -873
-567 5643
493 3042
4406 -2396
3930 5582
5781 2740
5016 -4917
-413 -1851
3709 -446
-5159 4666
5340 -1872
-2273 1522
4290 4280
2673 -2110
4133 4021
-2990 -4195
-698 1297
-4327 266
4817 2715
-5404 -1038
1160 -4324
-1055 -3219
2363 -5137
2363 2869
-2805 3292
3447 4022
1237 -394
-5992 5519
2185 -1634
-166 -725
1091 5476
-3335 3212
6061 -515
38 727
-3954 4617
2972 1287
-4385 -3923
1616 -4417
-4589 1034
-619 2860
-4176 2307
2270 3476
3567 -513
-4154 -3061
702 1164
-5129 5141
6022 -6082
-3171 238
2598 5512
-4952 1029
-4484 -5983
-312 -2892
-311 147
1353 -2274
2459 3291
-5871 -5391
313 1431
-2976 -4510
1713 3405
-1584 2053
5109 -3905
1345 1494
163 -2384
-2849 -5473
-5568 -813
3314 -4622
1773 -3543
-4791 -287
938 4863
-4014 -3820
5391 -2131
3473 3653
4489 -3910
2250 -6038
1681 -34
-5434 -4811
405 -1207
-4577 2938
2161 -4547
3406 -5320
5291 606
-4528 2746
499 3410
-2397 -279
-5964 -2095
-5996 -3688
973 -1772
1449 2679
-1057 256
1015 1494
268 -2581
5637 -5451
-4303 872
-1309 -1552
-2261 2095
-2816 1065
5151 5122
5892 -5693
-1060 -3484
2835 -3470
-3823 2741
4970 180
1092 -1734
2153 -642
-2513 4221
4836 -60
5098 3456
-1455 -2714
2061 353
2402 1408
-4643 5034
1578 -5445
903 -1680
-5783 1507
1440 -355
143 -4906
3563 3765
-2875 2658
4434 5239
6079 3005
867 4388
5218 3394
-4003 -3395
-3022 940
5183 1889
-1876 -5812
-5033 -4728
1739 -1891
-3870 -4198
-1067 -2310
-2727 4027
2622 -2570
-433 893
4112 1796
-3055 5821
-4672 4944
219 -4605
-2824 -4932
3694 6090
-5429 -288
5528 5627
-2390 -5755
-1515 -3548
-2225 -3100
-5117 2359
1361 4178
-2655 1370
1748 -3923
-1055 247
4382 -1892
-2976 2483
-2244 -4432
4803 1742
2461 5542
3908 -838
-394 -5570
3515 -3746
-5672 5916
-245 -2151
-1697 5482
-2992 -3426
2445 288
-5485 -641
3455 -753
-6036 5879
3918 -5955
1098 1788
-152 436
-427 -616
646 -4947
-407 5903
4126 247
3674 5872
-2427 5775
-1614 2304
93 2970
2365 -1073
3546 -3262
1939 -1736
4169 3117
-3283 -4155
-4999 -3855
4001 4761
1504 1471
-1240 4922
-6036 -700
-357 -4217
-1 -4034
-4584 1021
-1217 -3395
5290 2451
-180 5484
4452 -4747
-5162 3820
-4061 5362
1380 -4502
308 4209
3026 4226
503 -1658
5045 5590
138 -6008
4434 -5602
2549 -1447
-2279 4235
-5241 1094
3256 5002
4143 4237
3506 656
1011 4781
-988 4495
-1108 -1761
4016 4061
-4537 2332
-2242 -2688
5613 -1325
-433 3471
4930 5113
-2287 1527
3387 -4941
-4328 -1287
388 -3529
5051 -202
3798 -2169
1654 -1206
-1212 -3662
-471 735
-6028 5159
-1271 -1015
-3459 -1205
728 4921
-5343 -2840
-4906 -3481
-1465 -848
1073 360
-5547 2627
-864 2861
890 -3478
5022 5276
-4072 5289
-3114 3048
5180 -474
516 1873
3107 5903
-4473 -5785
831 -2480
-3082 3479
-1995 -5922
4132 987
-3095 -2474
1531 -2403
-4196 -1086
3517 -3984
-1225 -4213
1185 238
5147 -2711
-3028 3863
-4433 1153
4798 -4636
-2591 -551
-2288 -4955
155 3224
-5357 -4193
3208 -3046
5391 -4282
5805 -1993
2389 -2744
-6053 3076
-3063 401
5821 -491
3735 5291
-5413 2191
-104 2985
-3448 1835
2044 -128
-5360 527
3532 -1946
-40 3409
4999 1237
2323 4047
-5397 2313
-3755 -5856
5572 -4157
6000 -5201
-1216 -153
697 -2891
-483 728
-1383 -1633
-1790 63
-2614 -2753
-1281 3649
2570 1933
5117 -2331
3373 -4472
-2411 -2969
-2364 -1613
870 -3147
-5507 3140
-456 2026
5899 4076
2681 2197
-558 -5296
61 -5842
1399 -226
770 -3720
1739 3651
1810 -3450
-4356 -4040
5385 -5295
3366 3834
-3419 -3143
-255 -3900
5368 3514
4735 2831
2344 -3391
-409 981
4868 -473
1198 1832
3653 3910
-1243 -3453
476 4103
-5929 -3519
-4192 -2429
-5970 -4836
4299 231
2789 780
-5122 5443
-2211 -4650
-2811 -2851
3715 4908
5621 977
4258 5972
-3446 1524
4510 4236
5260 4858
-2802 -1082
1684 773
-3735 1600
-4090 -630
-64 3861
1865 3548
3419 -5248
2059 -3450
-866 -2564
5435 -3705
413 302
-1792 -4076
-6080 -5772
5953 1477
-3112 485
-2126 -3553
-1627 -3694
5836 -2466
3136 3739
2107 5421
-1549 1776
-46 -2214
5321 -551
-5303 3924
1047 -4170
3554 5164
-3006 4773
625 2222
5878 -5443
314 2302
2431 5865
-1791 1525
-4500 -4694
1953 -3121
-4007 1037
5983 3232
-523 -661
-2038 612
-5685 2728
1677 2879
5272 6080
-5021 -2039
-5203 478
2482 286
-975 2045
-3579 2056
5598 5451
-3198 -5604
-1565 -2427
1757 31
-804 -2929
-4199 4545
3256 -4478
-1108 2005
-92 -5045
-5210 -925
2139 4105
-1063 2718
-4807 2792
-4318 5933
-4255 6028
1321 -4343
-843 -4626
-5869 2132
1849 1197
-1409 4893
-4469 1433
-4471 -1910
-4299 2278
-2324 -5209
-4634 3693
-1399 2880
3845 1843
4290 1654
-4296 4931
-3346 -3787
108 -4066
595 -4362
651 3948
1907 -5207
1446 -2304
1651 30
-5499 2598
-1212 314
1063 6021
-3438 4918
2314 3777
-667 4207
-1589 1530
-4865 4033
5118 3702
4978 -1163
-2333 -3049
-1159 -2031
-2698 -386
3822 5246
2133 4098
-3846 -2636
1725 4159
4066 -1029
-1256 4119
-1080 2793
-5441 5325
-5295 4548
745 601
-1662 3485
-338 2000
-5752 -857
260 -1331
3135 -2404
366 5783
-2041 -887
-4686 5148
-4846 -5812
-4393 4186
-332 -4711
-3312 1623
4159 3542
497 -1950
956 -5949
-5389 -802
-2665 2935
-4424 -4984
3771 -5065
-3628 -1241
3879 -4850
-2771 2327
2772 572
-431 4188
4778 4571
-687 87
-5791 -5265
-1002 -3101
5190 5726
-905 -5721
5705 -2288
3314 1663
6024 -1803
-4881 5564
-5612 -4874
6057 70
1993 -4943
-489 5423
-918 4326
-1287 2340
3399 -5254
1845 4233
-1942 -2272
-5753 3237
1035 -2552
-4333 -3182
-168 -6067
5636 3379
3280 -1818
-5236 -859
570 2130
-885 1843
3111 -5795
3286 -4570
-4346 -3754
4921 549
-1963 -966
5717 5540
-5398 -5948
-759 -5083
4212 -5182
553 2618
-2520 5555
1706 1672
-1899 3776
-5683 1862
-3755 5073
5173 -1140
3617 -2253
-4789 -3461
-825 -588
5179 -1823
2958 4785
-4499 -3068
3380 -168
6066 -4322
2182 -2877
5902 5192
2263 2192
-3804 -1976
-2648 5160
4
0 0
-3 4
0 5
-5 0
1912
-7115 -307
3698 4761
-639 6420
-2438 2866
-8207 619
386 6110
3187 -3097
-2595 -1897
-5640 -7805
5109 7030
6087 -2313
-1972 6381
1814 -8016
4388 -6118
4490 -3018
-3641 6234
-3931 1733
-853 1414
8219 -4252
-5475 7696
-5271 -6786
-8338 2210
2070 -923
5250 8188
-5149 1580
4703 5921
2837 -5889
-6910 6417
4086 3919
-4731 -5249
-1061 6536
1407 -3264
-4317 -3450
-2047 1146
3412 4755
6819 -4734
-5535 -1120
2749 7612
8192 2718
-1617 6935
7919 745
5979 -5242
-4861 2967
-6643 -1054
4570 -5355
-2924 6202
-5492 -3674
5241 5676
-7782 -6096
8024 1484
-93 6268
8436 -3870
8094 1600
5771 -1517
7350 -7016
-7167 6074
5704 -142
6452 -1692
3542 -1126
-2549 5260
-5023 -8248
4870 -4499
1249 1158
-156 1777
4648 5660
-5133 5626
5956 5751
-4802 2220
1380 940
-5915 -16
-3975 -3834
5736 2319
-3240 3838
4627 -3170
-5619 -3576
-126 -7617
-8247 -7358
2471 422
-2262 -1439
-8301 -8365
-3929 7888
4568 695
4892 -5260
-5758 -7565
5157 2626
-5357 4615
8199 -5285
-5923 4515
-6695 -1199
2382 5904
-4230 6335
6794 1353
-6240 3153
8454 58
5849 2700
7601 -1193
400 -8178
7649 2268
1699 6
8128 -7087
-61 5688
-3572 -7358
-2028 -996
7850 -346
3565 -6817
-621 -4777
5463 -6282
-3186 3639
-5415 -4161
3821 -1238
-5844 1872
3597 -7881
-7839 -6390
5876 -2032
-7265 779
8389 -6601
8089 -5681
-2134 5835
-1849 -549
-5098 -7636
-5132 4063
-6388 494
7595 4452
141 -5833
5847 5883
5108 7078
3513 1314
-8402 -5406
2721 7230
-5533 -4300
-1432 8353
1734 5165
4958 -4184
3326 4553
-705 -6537
99 -7852
-6972 6557
3286 -2232
-4965 -8174
-8258 5585
3496 -1889
5749 -2080
-5629 6768
-3917 -7966
-3445 813
-1530 3756
6550 -5023
642 -7235
8076 668
4075 7951
5084 -1203
5452 -4303
-3291 -5081
4058 -4162
767 7293
2750 3042
-2858 -7243
1397 -6930
7059 291
-2187 5290
2806 -3964
-6987 -6365
-5733 -6622
594 5324
5117 7539
947 -3907
3941 1851
4262 -4661
2299 6703
-169 1447
4077 6697
-6752 4731
-4235 1316
-2402 5697
271 -808
-2900 -1291
2545 -2843
-768 5784
-3600 -1884
-6469 -8148
5454 -79
-2750 -5495
3907 -755
-3194 -4009
3022 5694
-978 1403
-1974 1211
5612 -6196
-7740 4100
-4633 7124
-7385 -493
7963 -4187
8005 -5326
7127 -1470
5714 -600
7550 -297
1668 6622
362 -7996
7916 8172
-7933 2945
6973 3947
-233 -105
-3281 8000
-825 -1700
-7908 1360
-7042 719
-35 1775
-5378 1012
1687 -3327
7250 1062
-1457 6699
2092 -5443
-1270 3974
-4573 5294
-5652 -2650
3010 -6812
-942 7111
-5322 6064
4357 -6184
-6069 5143
-497 -6140
2059 -8090
5181 4095
-4673 -3272
4306 -2192
6947 -1950
5465 6948
7446 5772
-653 4414
-7271 7981
-3570 -541
-7186 -692
-2433 -1672
3947 1067
2480 -2265
4080 2949
7599 -3820
-7926 7336
529 -1751
-3773 -713
-4593 -1952
7709 5257
916 -8015
-7553 -2550
-6338 5350
-2762 993
-835 -3555
-5442 4028
-1457 -5161
-127 3115
-3828 -750
8263 5809
-7587 6076
-758 -7603
-6048 -1904
4972 820
-4188 -3400
6068 -3970
-674 6820
628 1535
-1235 -5570
5618 -8023
6293 1384
6289 6131
-1309 -215
5804 -5392
-2834 -3341
6134 4721
5137 -2298
2703 3653
-3764 -5503
5356 -7985
-7986 -6279
3887 -1632
-5853 4497
8173 5300
1055 8405
-731 -5819
7515 -5704
4457 -2295
-255 -7122
-5299 7701
-1557 -2692
-3305 2323
-511 43
8118 890
4220 2128
274 848
2811 -5673
-4230 2838
-4314 2383
4102 -841
1654 7831
-506 6310
-4339 239
6097 -7522
-2291 7730
3168 -7269
-6566 -8005
-3257 -5115
-5891 -5666
6959 -7997
5739 1670
-5461 -1365
3139 -7138
5062 -8034
-6256 -5922
-4712 -2860
-1302 -1307
-7574 2991
-1977 6931
5315 -6867
6170 467
1362 -2653
-7099 5058
7715 2935
-3289 -2623
-1898 -1680
-5969 -1140
-7864 -7111
4187 -3514
6193 4953
5653 -2706
-483 -3067
5845 1007
-5709 6903
5361 -6299
-428 -1015
-504 1831
-6361 -6848
7200 -6719
7568 2725
2459 6552
6208 -7508
7385 -3346
4522 7104
-214 4572
6823 7778
2077 -4620
3416 -3020
-8438 -965
-178 -5716
-1166 -4249
-4716 5234
-2205 -3597
-7519 -1187
-4936 6564
-7429 -7223
7889 -7305
437 3226
-634 -6529
-3182 4292
7594 7735
5798 2478
-6278 2233
1064 -440
-5484 -746
665 -7511
-6131 -4341
4398 -7329
588 -6296
-3800 2944
383 -2079
5757 -2214
7234 2254
392 -5885
440 -6616
6181 1981
-5701 -2368
5692 -2898
-5022 2280
-7903 5105
-569 614
4540 8234
-6829 6166
-8184 5094
6950 -8110
-7810 2728
7934 461
5255 -772
793 3614
2340 4420
-8251 -8372
416 1807
7032 3323
2667 -6121
-7281 -1416
-1802 -5847
5966 5713
6784 2853
-4969 -3907
6080 7140
-1547 -6354
8315 -1102
-7542 726
-6521 -7905
4473 2177
3525 3497
7148 -8339
4086 -5177
-7201 -5818
3477 5587
-1460 -3323
2553 7414
7649 -4995
3 918
1573 -4016
935 6037
4039 8137
443 -2883
-3415 -1712
-2254 5689
2667 5464
-7978 991
2480 219
-3157 516
-2168 7017
8032 -5177
1967 -2314
-5031 -7292
-2680 6094
-6756 961
-1470 -2020
-4885 1004
-4963 -7088
-1026 -7672
-6608 -2272
-5144 4813
5688 5043
1664 4979
-3145 -1364
6216 -2920
7722 892
-4828 -6274
-1759 8074
4953 -6942
1066 -5703
-2103 1815
1796 7782
3050 -250
5501 3669
4242 2211
6605 777
7508 1781
-3742 2638
3347 -5296
-1089 -7981
7495 -6682
3654 -1534
6663 -2969
-1031 69
-4454 2834
-8233 2335
8060 2932
7850 3897
-4244 -2851
6964 -2812
-4131 -5309
6577 -6031
-1194 5903
1811 3952
6673 -4977
4741 1664
5483 -3877
-2220 -4118
-797 -121
-6431 -86
-1933 4734
1130 7934
-6985 2711
4751 -1776
-4843 -1287
-5708 -253
7897 4221
-3777 619
-3625 8429
4274 6947
-6582 5964
-4628 -8053
7930 -1519
-2912 4438
-8320 -3914
3136 4881
739 4314
-5221 -4036
-84 1127
7093 -2267
734 4399
3165 4429
968 592
8085 -7848
-7711 3645
-7420 -2127
-7154 -660
-3784 2271
1961 -3255
-2833 3168
-5528 -7155
-8370 6635
7871 -374
5444 4961
5945 6569
-1557 -5556
-8177 -957
-4230 -2120
1443 5313
7255 -1939
-8273 7880
-3955 -486
-1455 6488
-6490 4283
7259 -6435
-7433 -4446
1686 2795
6495 8223
-2861 -2697
6933 -6811
7978 -1098
-5097 -1962
1782 -2593
4101 -2616
6410 544
8296 6724
-5141 6147
2169 3603
3175 1357
-5373 -3878
1427 -4568
3840 -6756
4968 6317
5759 -4033
7392 8321
818 -5867
-6444 2784
-953 5162
636 1575
-5437 8174
-2812 -1668
-7199 1710
-660 -986
-1305 -3700
4719 -2320
-7369 1849
5874 -6809
5237 5075
-4631 5080
2658 7315
-2732 244
6876 -8125
1433 -2244
2967 -1223
-1674 -2309
6085 1584
-1725 8436
-7944 4350
6393 8282
6139 -7535
4994 3804
-4523 6066
3649 -4031
2777 3851
-1465 3107
-7922 -6493
-1028 192
2586 -1361
-3204 59
-2567 -3560
2667 7611
2511 5112
7936 4301
-2012 -1156
5609 -1360
2051 199
-5054 1997
2153 -5127
-6135 3502
-6632 -7276
6965 -2818
-7688 587
8198 -7877
-6461 1790
-8173 8054
-3655 6695
-6763 4527
6547 6587
5393 1360
7023 -5357
-8187 3852
-3936 -3342
-4680 6178
2425 -1961
-821 4245
7454 -8449
4397 2480
-1379 -3301
-8009 4039
-3627 -3568
-6687 -5456
-3074 7574
-3479 -7146
-3111 -1281
-1986 6188
-5219 -5516
7892 5931
-4153 -1010
-3974 -7322
5627 2310
4990 174
-7308 4428
4867 2112
-6482 -6409
-6601 -593
-1493 -3180
1662 -4783
-4761 -1942
-231 -4994
-3052 2608
2531 2265
7580 6228
-2927 -6946
878 -5727
-3726 -8454
7429 450
-4917 2901
6454 4179
-4067 5765
-1373 -8389
-3899 5551
-7428 -4466
7803 -6266
786 -563
3653 6425
1653 -4399
-4919 4248
4865 -7663
-5440 -4227
-3325 4608
-2343 -3585
7951 6727
2755 -454
-7103 4059
-2741 -1584
3566 6215
6929 33
13 -6912
4971 1754
3893 2333
-130 -7974
-2154 4206
-7893 7308
-2459 1175
7508 3614
-4375 -3028
-7829 1077
-1836 4100
2761 -6719
-5685 -5024
-6965 823
2216 -5694
-8168 5543
2885 6444
-5968 7824
-5216 -3726
5654 5839
3489 6045
2893 2304
-7685 -7915
-3313 695
-1158 -1416
-2539 -5495
1151 -5780
-524 -4317
3366 264
-3325 5859
4839 2984
3949 5907
2039 8288
-6191 4427
-3083 -4301
2799 3797
2815 6756
7137 -6285
2296 -1114
-7464 8198
-3228 918
-263 4174
-5614 4918
-5748 7522
4489 -6716
5443 4331
996 -3653
-4065 -3258
-1454 -2731
-3133 1495
6782 -1897
7444 4198
7164 628
-6250 -8197
5156 -2131
-5858 -7084
-7656 -1964
-4295 -2843
1791 -1678
2914 8292
949 1074
6275 7760
7650 -1836
7817 -8248
3 -6164
-182 -1167
-7494 2569
4362 5481
6390 6528
-271 3827
-1302 1155
-64 7957
-2327 496
-1927 -5639
4500 -7919
-4832 5367
-7640 7702
-7363 5697
7627 7918
5266 6861
-5341 -7501
-3152 2768
6480 -3863
4776 8425
-2110 1801
-5126 -4856
6658 7640
7408 -7011
-6117 5541
3907 -4707
765 146
-939 -7757
5508 -7095
4933 7272
3590 4737
3445 -8049
4666 -6399
5867 7083
-4876 2410
-8003 7754
-3017 -2717
-7316 -1049
-1487 -7627
-5045 5130
4160 -6396
-7419 1047
-4828 5915
-1805 6431
4476 -2619
3072 8412
4039 746
-7291 -4768
-4051 -7455
117 5791
-2926 -5357
-7759 7909
291 -2107
7932 -2773
1724 -4253
8102 -4515
3457 8388
4799 4626
-2902 2515
-6829 5661
7158 -5082
2940 7590
3935 -6464
-6919 -5373
1524 -4088
3209 -5872
130 -4324
8299 -647
6188 -2524
8114 -1407
-333 -1004
-6324 -7804
2085 -2875
7343 -4289
-6953 -1389
834 -3185
-1669 8419
476 -8183
494 7244
5073 -4370
-1739 8458
-342 6755
522 5006
5563 6300
635 -8114
1847 -3279
-79 2043
-4364 5530
-7432 -4809
-6162 4984
-5948 1389
-339 -6091
-2653 -2928
-2312 -3876
-2570 7791
976 -1640
-4751 -2931
-4344 -873
5054 7696
2912 466
-742 -7515
3551 -5140
-5098 -4639
4567 1950
-796 -2966
-4146 735
5362 -8114
1735 -8053
-884 -2673
-7535 -1231
1651 -3315
2314 -2252
8267 -5228
-3372 4585
4885 3528
-4811 -5014
-1316 7123
-2943 855
1262 -3024
1302 -5289
-2915 -3908
5084 -3129
-2657 -563
7523 3995
5555 -6048
1835 -507
-1502 4768
-1746 7873
7349 -3365
3403 -6924
1747 -3941
-6043 -3694
1052 4620
-33 5354
497 -1251
5152 -3098
664 4820
7014 22
-4714 -5258
6362 -1618
5015 7558
-5238 6527
7753 -4299
1756 991
-4025 -1790
7911 2089
1271 -4260
8366 3571
-1473 -1009
3146 7256
6387 -7129
1012 -5335
8376 -1195
4065 -1345
-6602 -6540
1283 6824
1318 -5895
-7306 -7086
-7466 5897
1975 -127
-7616 -5791
-1395 -4991
-7906 1498
-3429 2163
-170 -7447
-4296 -4481
1684 1090
-1627 4867
-1625 -4888
-2031 -7355
2771 -8158
4651 -823
7690 -7959
-397 3793
-4143 8089
-1711 -6975
776 2332
7301 4066
5972 2781
-5877 -4960
-5492 -2276
663 3178
-2099 -2773
-462 6664
8305 -6758
6185 3380
-3431 -3067
3055 303
3036 4869
6313 7701
-6081 -1030
-7117 7760
3053 5242
3583 1737
3366 -1770
5347 -4784
-1599 4149
6295 5491
-779 -7259
4426 -4112
7058 -3134
-3510 533
1569 2911
-1970 -6840
-8036 -3171
5880 7564
-675 -1782
2647 -2725
6478 3308
1653 -7431
5696 -7884
5882 5274
5701 -1271
3468 -6346
8429 -7738
298 -1045
2823 7743
-1010 8042
-2004 -3827
1794 -6349
1352 3433
-7520 7743
6484 -6116
7352 -5070
6652 1592
-5676 6152
-6543 3887
1177 7962
3438 -2391
-2938 -2340
4631 2823
-3056 -850
1927 -3776
8200 5449
-448 4364
-6932 1656
5303 1480
1677 8445
5384 4873
1735 -7218
5579 -5662
-6584 2481
1060 -7858
8195 -7281
1281 -3231
3111 -197
2201 6531
1397 7915
4454 5055
-6167 -5576
-5855 1456
-8264 -803
-1470 -3538
507 -3919
-1325 -6569
-5419 874
6531 -2208
-380 5266
-5537 -4229
-3071 4008
-19 -5805
-411 8388
-2255 -6057
6963 7449
235 6348
8029 313
4356 5524
-7925 7182
6997 265
6070 -20
-3654 -4388
2165 -30
-8204 -1380
2430 -1119
-4546 -3811
-802 282
-4451 1829
-7097 635
154 -739
3681 -885
-2708 -466
-2038 4701
-266 2254
-4779 -7345
-1416 954
-1354 8054
-7746 43
244 4672
6375 7601
-2558 2516
-1582 -3249
7871 -5289
-2200 7170
-7365 7214
-3259 6620
-4951 -6478
4219 -8361
-4741 966
-8033 -3857
-7981 -4241
-1807 4617
1837 -3104
-6856 7324
5753 -5792
1125 -4922
3589 -2917
2950 -8396
-7179 -6650
2713 -4172
6682 -2728
-5573 -4799
-6524 -6661
-3045 4807
2955 8281
6846 5872
-6671 -6882
-3173 -4764
5509 -3811
-6176 -2791
-5708 4350
6114 -639
5107 -5541
-6100 -537
-6943 -5905
-1223 -1369
6122 -417
-8357 6864
-3785 7738
-6388 -8073
7156 5791
-3946 1262
7205 4234
-701 -1208
-561 8424
1328 -336
3226 5921
287 -7729
3825 5916
5081 -6160
2288 3010
-1685 -7878
-4936 -774
-4017 -3498
3147 4290
4957 471
-386 -3921
-3903 1660
6576 -7917
-5967 -4957
-7679 -4892
-2817 -7159
7451 5919
4482 3053
6909 -4747
-6597 -3807
4732 6435
-2222 1661
2982 6227
7239 372
2671 1209
4866 -7673
-417 5720
936 5528
7635 5895
6406 5551
-6238 4858
8290 -3464
-5822 5574
-5467 -1406
-1547 5307
-5663 -1109
974 2342
-3129 -3352
-7569 -419
-4573 2752
-5920 5235
-1793 -3576
-6054 3236
7889 -451
-4675 533
7346 -3433
1029 1152
-4165 -5599
-8061 298
7405 -5622
6841 3851
-2164 -5224
-2846 -6338
-1790 7738
-3550 321
4508 1119
-6895 3631
6993 6480
-7637 -3640
6880 -7940
4929 -3938
1601 -4492
3242 -3183
-1318 -1778
-6735 -6842
5108 6331
7198 866
7596 -1294
-5073 -5555
0 -1993
8347 -1277
833 324
-6107 3805
-777 6679
-7347 4809
-6631 5915
-7014 -4190
4284 -2657
-6981 -5168
504 3259
-1086 6714
1161 -3453
-8182 -912
-5509 2997
7057 -5322
-2275 6873
5871 -996
-7465 -419
1425 7786
7503 -7276
1566 6678
-3992 -2324
481 -2943
-7783 -3551
-2796 5420
642 4552
5695 672
-8108 -7921
-7740 538
-492 -452
-1105 5408
-729 713
4839 -4483
8354 -4275
4276 5031
7765 -8335
2303 5236
-2187 -1120
1998 -1081
-833 -1999
1164 256
7184 -3883
-5270 3308
1723 -8093
-3953 2087
7892 5388
6106 2906
5537 -1083
6577 4141
4720 -1933
-7975 6763
-2328 -7478
5902 -1011
3879 4755
-2583 2165
-8248 4426
1728 7954
6823 2635
7532 7994
-6247 -2121
5659 5132
4979 -5406
6409 8414
2623 8155
-5565 -6817
-3586 -5686
6470 4339
-5600 7510
3987 -3568
4473 7439
-6569 -2629
-5760 -883
-2785 1633
-7730 3034
-916 3444
-7674 -5668
7210 4604
-138 5498
8422 6282
-7468 5121
501 -5908
569 -524
-2872 4841
-5582 -5869
5374 -4460
4417 -746
-5756 -1558
3930 -7498
-2406 -242
-739 -5524
-6705 5914
-7513 3410
7542 -1723
3786 -6049
571 4913
4309 662
-395 -3234
-414 -3793
3519 -7638
2240 3195
6025 -3596
5823 -4945
-6491 -5060
1307 -4987
6395 6316
-3550 -2866
-3312 -4715
-3153 973
1435 -4160
4031 1768
-1337 -6968
294 -6900
-5370 -4622
-1403 -6374
8038 -484
4242 5108
4688 -6337
-1685 3173
-6806 5067
-3501 826
6646 -2236
2144 1723
4432 -4331
-1192 -8042
6407 8234
-1635 7883
1615 3086
-1161 -3241
-5903 346
4878 -3655
4401 449
3415 2751
6147 4763
7613 7383
-3962 4754
5040 839
-1995 8446
3170 2033
-1224 -7784
2214 1419
8030 -3264
1873 3079
1269 630
8380 -2980
5702 2348
2152 -4166
3863 -4009
7229 -3866
3312 647
-2291 -4529
3679 1766
5473 3739
365 1797
6096 543
1453 -6721
7997 -1922
-548 3463
3976 4715
3727 8142
-84 3689
-4030 -1366
4264 107
2214 -3978
-2803 4845
-1297 -4978
-3146 6866
756 3847
-7242 -5304
7141 -5876
-6877 -5144
4598 -7056
-3812 7742
5501 -1418
4702 -5997
4104 -3137
-1120 -3759
6578 -8205
-2092 -5848
4825 -165
-6902 -5125
-5128 -3959
-228 7773
-4558 5428
-2378 -5412
-3145 -5488
2276 8385
-1655 3192
-3964 779
2313 -6471
118 5374
-2255 -2831
8062 3880
-48 5444
-7628 991
-7958 -7856
-2618 234
4619 5351
6422 2614
3234 1027
4903 -7116
4764 7492
865 8403
6913 2522
-1601 7639
-1232 3601
8008 2855
-4371 3580
-8050 7962
8413 -1504
-817 -1426
-4960 -4121
8445 3084
6212 -4903
-7257 2472
5270 2971
607 -1198
-5512 2444
-6172 -7866
-2062 -7614
-6413 582
1897 -2187
1671 3018
5878 -517
2842 679
6417 2054
-5846 -5531
6188 -5436
-4001 -3104
-6910 -7878
5577 -1840
2996 7424
2763 -29
-8125 -2653
28 -5960
-4741 -432
1061 -6445
-4662 1835
5884 -7014
5213 -7082
5251 2281
7948 4285
3480 746
-8181 -1251
4933 -7430
-6471 2096
-1061 -307
1130 415
7247 -3355
1113 1556
-1066 -3344
6146 1117
-4221 7096
6644 -585
3199 -8344
3822 -5157
4872 8435
5422 8178
1195 7361
302 799
-4850 -792
-4806 5153
-6036 -3373
544 -5089
954 -2302
6684 -100
-2622 -4035
1580 3603
-4431 4847
2363 4612
-1308 -6758
-7528 6616
4991 6497
3769 1107
2893 -6222
-2155 7722
-4012 7467
1610 -3675
-8236 7904
6715 5566
5901 -3983
-2903 5008
-149 2296
8283 8400
3276 -6785
-1562 -5984
6452 -5591
2629 -4455
4814 6522
8261 2789
-3405 3051
-7292 -4646
2807 1001
-4635 5669
-7291 -5202
1864 -6986
-5332 994
606 551
865 -5394
-1626 -6724
4919 2892
-6981 896
-2304 7926
-1102 560
-5578 2320
-1210 -2405
3034 -2122
1050 -3289
-4124 7010
-3268 1245
8148 -2314
7366 2304
3269 -8375
1990 -4581
-7722 -6299
-705 -887
6860 -5176
1538 1659
-566 -5772
8266 -997
-2164 -3837
1282 -2328
7956 -8153
-3153 -6733
-7459 -502
1368 3266
1328 -7280
-3220 190
-6568 5924
3986 -27
-308 -6482
-6679 5781
4367 7642
-7413 2416
-6373 2119
-6442 5047
5832 774
-4845 3823
527 8043
-1099 -5338
-5266 1748
7233 2695
4173 -224
2515 5380
402 -3995
-5252 -5203
321 5167
1031 -3094
7967 -4424
-7294 -1891
-5469 3936
3727 -4946
-2904 -1905
-2035 1054
527 -3244
3077 -5629
5260 1678
5195 2925
-4063 8303
-1775 6778
-4504 -6803
-4205 1437
-3577 4409
4904 -8157
-7883 -5918
367 -3593
3093 2172
684 4100
1192 -6228
-2350 -3074
-7864 8048
-2649 3428
6270 -2278
40 2071
421 1362
-201 1788
-7706 5813
923 3085
-5056 3463
-63 -4966
4199 1733
-2312 -6620
-3046 3239
5670 -479
633 -5427
-7362 -5914
7660 948
974 8173
-5046 -6247
-2144 1376
152 1402
-5300 2520
-5120 -3706
7980 2102
7586 -8423
1162 -7387
-993 -609
7165 -4828
4242 -2634
-8304 -1343
1242 -379
2313 1075
-4104 143
2208 -1983
1846 -4419
3395 3126
4344 5851
-1095 1954
-7928 -7289
5778 -3185
639 -8119
-77 7113
2742 -2808
-5780 -1319
-6136 -3717
207 -7911
1237 -6220
4611 5782
-4613 3385
4765 4503
-6335 37
-6493 848
3146 -8316
7392 -1419
7441 -6331
-8445 7059
-7484 2081
2713 4450
2500 725
3547 6670
1840 -5913
6497 -8173
-1374 -5934
-7271 585
-2999 3875
-576 3847
-3553 -2829
1234 5427
6135 -4086
-4516 -3727
-6866 5935
-7526 -1437
1405 -995
1834 -2973
-6603 -5704
-4798 861
3796 -4190
3978 -1131
-5700 4740
5175 6661
-836 -7822
-8037 -1882
3551 743
-7440 -1678
-4219 5917
4367 -2370
1271 910
-4267 1950
-5439 5061
-1702 7992
4966 -7025
-1745 3924
-7664 3826
-7841 -423
-7415 -1394
-2764 1219
7214 -7773
7840 -3594
607 -819
-7326 6316
-2863 -458
3274 7228
3146 -7748
-7725 -4559
271 2947
-2384 -4407
5631 -4851
-3834 4968
902 -3767
-5320 7065
-2517 -5046
5 -1144
-1751 1971
-1764 7301
-2887 -2855
4058 -4333
1835 -2746
-4048 -3641
2098 387
-7761 6106
-3003 3239
3344 -2322
3696 5510
2426 6918
4900 -3220
-2843 -7652
-840 7929
7754 -6877
2803 -2590
4282 -5498
6630 -8206
379 656
-2203 -1272
5498 5796
-942 -7090
-943 -2068
-7989 3783
-1207 -7794
-1227 -6576
-8293 -3792
-1899 8436
3190 -2292
3374 -2947
-5568 1461
-1917 -900
3526 6727
2471 -6562
1663 -2132
-7905 -5384
6801 -2659
-8402 -4027
3586 -8162
4502 -8415
5725 3707
-6440 1777
1686 -5870
3258 -6890
-5934 6323
5741 3434
-458 -6545
-8099 1512
-3160 6247
-6980 -6716
-3537 4977
-5725 -40
-1657 4522
2056 -5352
-1019 163
-4041 2985
-627 3326
-1601 7791
-4944 3042
6087 2624
2315 -3399
6279 5877
-5128 -7189
910 4060
6387 6243
-5029 -2166
3909 -874
4607 -8253
1175 7119
-7730 5920
-4832 1634
4190 -7823
-7747 4885
6453 7353
-7117 421
4198 553
-1003 4064
-67 5390
-8340 -5842
1443 7522
5977 8305
-1097 5028
2561 -649
3632 5309
-5959 6007
-5693 -545
5179 3147
-1506 -7817
-3618 -8132
6018 6254
-3360 1264
-6377 3683
-8197 -6115
4702 4145
-7238 -1729
-5400 6900
-4368 -701
3812 3495
787 3267
-7969 -3160
2000 -7130
3190 6273
-5446 4211
-8104 -435
-6637 -3102
2646 -1080
-1012 -4339
6124 3245
-7802 -7106
753 4444
3496 2836
2056 3123
6071 5872
2913 5155
2420 -8342
-186 3600
4621 3449
-4339 -4243
6453 7139
-3522 7393
-3593 -2099
-1640 5489
5015 4644
-4807 1940
4583 7467
5957 146
-3784 -7616
-4626 6850
3314 -1912
7260 2112
1912 1895
-241 -6295
3671 -5515
-4134 1223
-6617 6456
777 -8418
1801 -441
-6940 -2451
-7339 -4899
-3745 7956
1075 8402
-3385 3155
7424 328
-4418 3138
-7952 4811
8241 6816
-7020 6611
2056 7415
-7516 206
-4434 -3083
6393 -7931
5665 1112
2188 5526
7176 7668
-7890 -5101
-1631 -1297
1243 -5357
75 -5293
-2849 -4365
208 1677
-281 3337
1835 5794
-2944 -3444
-4575 -2312
-5135 7270
1322 -4082
7961 8198
402 -5101
-6721 -472
-7998 -4047
2040 2057
7401 2689
-7784 -4958
3247 -2671
6542 -5112
-2985 -7204
-3464 5706
7035 -674
2901 -6675
-8116 3306
-4217 -1114
-2316 976
-3886 6140
-7173 -1026
-3839 3325
-6200 6239
-7141 6045
5967 -4680
7183 -6179
-824 -7833
-3357 6826
3671 4108
-8151 3854
-5407 -2592
-4667 3615
2562 -6379
-1263 -3876
-5354 -1787
-4709 7380
-1707 -1240
1857 -4167
-1162 -741
4903 -1897
-375 -3376
-4633 4307
2601 6924
6829 -5076
2667 6799
-5563 -6156
-3971 -3365
-1503 -6681
-8275 1291
-325 3070
3490 -2106
488 1949
-1845 2072
2663 -1969
238 -617
3307 4544
887 -387
6162 6746
-1100 -2428
-6586 5446
8202 3638
2073 -1176
-2476 6833
-6327 4304
8406 1546
6713 -66
-2761 3969
-7000 -4214
-439 7226
-8052 -4901
-7498 -6783
5058 -8300
673 -3435
7113 6734
2525 3023
3172 1799
4188 3984
-5954 18
7684 7866
4709 -3596
-244 1044
326 -6088
-162 -2112
-1621 1727
-7409 -5033
190 5557
2372 -5123
5444 -2316
5690 -8268
-3532 -8428
-3579 -7945
2066 3406
-3522 -3737
4545 -1710
4671 4255
-4307 -574
-339 4045
-1841 5970
2313 2409
5961 -8247
2504 8106
3122 -4309
-3998 -2550
6660 -7599
-6066 -8315
1686 7238
-5654 8166
-8348 -3295
1194 2412
-509 6844
-7776 -2408
1236 -766
-920 5807
-157 3145
-388 3089
4462 -5159
8179 4705
-2054 -8271
-1360 -489
-266 -2607
-3422 20
1969 5976
880 -1363
-5575 -4277
-2287 6838
-7113 -3555
-7184 -373
-3016 8408
7398 8342
7761 1769
-326 -2166
6445 8360
1884 -6885
1589 -7260
6877 -3777
-6475 7795
4507 8281
4760 -1246
1912 6508
5403 -6806
4662 4883
-5942 -8285
7337 -4675
-2818 7160
-6013 -6979
2711 7676
5253 -6934
1936 -227
-7186 -7849
-4759 1236
2195 -6278
-5645 2254
-7623 -711
53 -6400
917
-5653 -4581
6 4852
-760 2937
109 4014
4959 3552
-414 -5002
5684 3092
933 4903
-1119 -525
375 -5838
-2136 5531
-1551 -929
5287 5049
-2926 1377
2537 -17
-5738 -1196
-4136 -479
-4863 -2347
-4847 -2915
1979 2238
-3504 4324
3093 3708
-2486 1753
-1559 -3761
-1574 2629
864 -4386
-685 -1211
-2162 -5643
180 -4847
375 2268
4665 2217
-1995 1109
-1970 -2659
1201 -4047
4382 -3910
-3505 1039
-374 3916
4710 3506
5366 1301
-2772 1918
-2819 200
177 -2545
-4412 2178
3714 -3402
-4820 1286
-2066 -2415
5089 1075
5541 1734
1040 -5563
1275 -4196
1333 -5052
-3316 -2890
1810 -5492
1274 4716
1851 4538
1810 3143
3534 -5072
3597 5209
1409 3398
4530 -777
2004 -51
5977 -4587
-2971 513
4170 -3716
5858 5130
3523 -2326
-743 -529
1368 -3706
5355 5336
2741 -1218
223 -2306
191 -1089
3602 1201
-3367 -5616
5644 5701
-3197 -5236
-2833 -4262
-2340 1658
-887 -4217
-1144 906
968 -157
5164 -82
205 -401
-1706 5011
985 -1181
378 -1093
-92 4948
343 4409
1292 -770
4601 2696
5546 -4748
215 4359
5569 -1951
-3556 -3051
5328 570
-2237 -2299
-4089 -1598
4315 -2562
-1706 -455
-1878 -5902
544 4386
-2898 -1863
5902 1200
-3329 5513
3008 -628
2320 -3436
-5857 -635
4948 958
206 5781
3837 1594
-1985 1164
-3425 1344
2274 -4964
-2957 3245
-3273 0
2232 4215
-1723 137
2612 -1590
-4189 4870
-4583 4164
-525 -4401
2690 -950
5935 5230
412 -4347
-1765 -3285
-670 -1859
3802 2163
4672 3280
5661 -348
-5415 5774
-5002 -3401
-4124 1268
-2933 2571
2481 3460
5221 4746
-3382 -67
-2840 -3270
3956 4540
-4067 -5918
5653 -1041
-2645 2518
3759 -5327
-859 -1566
-2486 72
1404 -5681
816 -1353
5461 -5931
-5806 -5249
1910 -4963
4808 -2375
4249 -656
3382 -1911
-797 -4414
2698 -5888
1390 -1835
-287 -1456
-3837 -820
-6007 5420
4323 -4339
2977 5052
1732 -2543
2845 3130
-4775 1099
4710 -4948
1866 -5582
350 -3778
4035 -2067
193 5755
-1112 -4774
-5337 2600
-90 1595
-5850 1533
3493 -5314
5524 2753
2906 488
-2774 3649
1336 -4003
5764 3884
-4090 -3186
-4540 -4338
-2356 -3649
-169 2599
-729 -1740
2639 -1241
-4420 1592
-3152 1097
-1271 -2551
1606 1929
-5225 1955
1715 323
4748 -1241
-313 -4182
-1315 488
136 3809
-160 -5741
4369 3513
3263 -264
1494 -4216
200 2041
3205 1442
-5662 4941
840 119
4955 -5518
5671 -5303
2908 -1683
3915 -888
3134 895
5277 5963
-2827 934
-2163 365
1450 -1012
-3665 5634
5927 5008
3455 -2315
4460 -1424
965 -961
4574 3792
4372 198
5343 -2903
3948 1168
2041 -3055
-3969 -4062
3699 5922
-2095 3961
4678 1098
-3272 -540
1898 303
-4605 1084
4937 -3
6007 -5502
2965 -1395
-76 1235
-1803 5939
1463 -1910
1050 868
-3015 2610
-4688 -126
1396 3558
-1039 -2874
4869 2440
-3437 -2359
5101 3482
5154 3119
-271 -3844
-4440 3824
-606 -2238
1352 5060
-1225 1137
-5206 -213
3926 2327
-752 5014
4017 2948
-3833 4853
5901 552
2170 -3170
798 394
2721 5719
3535 5667
2262 -768
-4259 853
5000 5536
5155 3723
-5304 138
816 1134
-1023 5803
-4652 -5632
1989 -4429
-5894 -359
-574 -2082
2671 2044
211 4126
2689 -5034
5107 1319
-4990 1554
3660 -1258
3564 -3173
365 -2177
-1250 -529
-4389 -1198
3973 -4195
-5058 -88
-5930 -4133
-1668 -656
-3337 2950
-349 625
5949 -5322
1344 3451
-5424 701
2253 -1746
3755 -5315
2310 -1498
-3904 2979
1308 -3198
5944 1220
-1917 2704
-744 -4398
-794 -3370
4927 2298
-2566 2431
-1780 -4642
2800 3489
-5092 -2518
4356 5159
5105 -5035
-1421 2080
-2706 1014
-2231 -6046
-3842 -3776
-3240 796
469 5532
-1787 3000
-4209 546
1596 -1303
-1932 5555
2883 -3498
2973 3381
-3028 -1054
-1232 -1684
4389 4760
1414 -3150
3433 -2000
-4754 5459
-4839 -4864
779 -2169
-1563 -446
-3880 1164
5284 1022
780 -4832
4228 -3628
2841 -424
-5989 2408
3662 2976
-2788 -3478
2972 976
4837 1088
-1227 3558
1780 -3629
1040 -1690
314 -973
-4599 2827
1096 -1432
2982 -792
-5338 -2154
-4747 -2720
5699 4172
-1072 2750
-4026 -4375
323 -5262
258 555
2116 3689
-5047 2197
-6048 -4856
-3369 -4100
2167 68
-5137 2351
-1890 -5024
5380 -2559
5986 5636
5517 4853
-1428 -777
2107 -5308
-4096 -4551
4231 3341
1183 -704
5540 2522
1165 2829
4500 5898
-4691 -5079
2839 -4127
136 1089
-1538 -2328
-4820 -5925
-5347 -254
5041 1588
-5730 -627
-3177 -776
-2318 561
5259 1949
-5725 5448
-760 4765
3078 682
-5157 -5298
-5812 -364
-3969 31
-4809 3700
-4186 -1487
3625 -4909
-5543 -1585
-5673 -3937
4534 -5940
-5603 5908
2521 -1800
1004 -2361
4182 -322
1950 -4145
-350 -5603
-4374 -2736
4561 257
307 -4507
377 -3074
1019 -2135
182 -4376
1588 -1630
-3833 5585
5175 -4341
406 5664
4238 -5955
-4651 -2678
1579 -5063
6020 5616
636 4948
1743 405
2198 -64
275 -3462
3150 4914
1281 3480
2727 -5707
475 2874
4517 -1525
28 -524
-5440 -1029
-3404 3267
6004 -1668
-5775 5891
693 5692
4281 -2937
4736 -115
-2892 -808
-3699 -4627
838 -179
97 3312
5882 6020
-2689 2124
3642 -3718
3390 -5503
5883 -3891
3958 -5853
-4363 1419
-2412 5701
-2096 1590
-4722 3524
282 5271
-5392 -4627
1525 5627
-4716 844
3470 -1842
4591 -942
1863 979
1608 3746
-3081 -770
1093 3896
2631 -146
3038 -4554
5373 842
690 5901
4629 1335
-5768 2052
-3573 -3405
-3634 -280
2678 2449
-4947 -1072
-2290 5137
3966 5324
-946 -613
1477 2538
3701 664
-1669 2980
-154 -3346
2811 361
4975 -5994
-3310 -2042
-2522 603
-2503 1393
-3345 -5967
-2402 498
-1317 2415
-1058 2159
-725 1706
4688 2002
-4558 1776
443 2393
4248 -546
-5721 -2439
-1861 -3490
2001 -2448
3183 -3007
5816 -5786
4454 -5899
-4908 -4737
-3285 -1629
-1946 -4992
-4280 -5272
5482 1563
-1336 -403
-214 -936
-1065 -1307
3308 -1246
5893 -542
-4148 428
-1303 3349
-3804 5886
2786 -2976
423 -2848
-5639 -5159
4237 5729
-2014 286
-5464 1412
-3806 400
2134 -4024
1866 -2514
-881 4563
5537 4110
-4962 -2566
352 5881
1901 5552
3862 -2908
2041 -1144
-1620 -5817
4900 1896
-5885 1500
3113 -4020
-967 -1546
2474 -12
-4853 -1732
-2459 -5780
2196 2176
-5691 5494
5172 -5760
-4907 4373
2636 3576
-49 -6024
4965 -5919
5715 5634
-592 -1398
-781 -4686
5160 -302
-5205 5428
-2540 -257
-402 1731
2344 -5377
-4261 5945
4043 1848
3278 3124
116 4878
-4973 4519
-5779 -2895
-1290 5114
4922 -3169
-202 -3937
-557 -1475
4440 4979
-1076 5198
-4457 -1844
-491 3981
312 5733
3550 1773
700 -3613
5843 -2325
-81 -4349
-1595 -3956
-4642 2595
-1816 1529
-219 -2199
-391 -909
1382 -364
1976 -1420
-4714 -3939
-4589 -988
4977 -3831
-4893 4724
-5938 3150
-1457 -4837
-4787 -4385
-1330 -789
4908 -4202
715 4303
-2503 5373
3937 -2205
5154 -5510
-4475 -2704
552 -172
643 1987
-4174 -474
5857 1960
5182 -3809
-4704 1544
-4366 -4046
-4448 -1700
-5423 -1951
4835 -2995
777 -3870
-2262 -1622
3240 5739
-645 -763
5615 -801
324 -4309
-4929 5461
5018 -5315
5360 -1471
-1574 -3729
1025 1921
5808 5277
3177 5318
-1098 325
-2612 93
2932 421
3849 537
-3066 2546
-2576 -3937
-3877 -846
3025 -3506
2393 -4425
4207 -376
-5282 1400
2836 -1118
-5534 -4787
-1154 -4444
4536 966
-4425 1533
2227 -2903
-4478 2822
1381 -4665
1009 4209
451 -1350
-2156 4046
100 -3267
-5236 -711
552 -280
2557 -284
4534 3526
-30 -5315
-1827 3861
634 -1797
4188 5593
-5216 5770
5757 -5923
-5256 1425
-805 -3321
-4283 -804
-827 -3625
4824 -3285
4219 5116
-541 -4522
-3307 3603
3884 -4581
-1853 4669
-5795 4102
-529 2267
4472 4412
4095 -792
-1817 -157
4022 436
4017 -2191
-5830 -4103
2377 4944
3376 -1572
-3007 -3861
4803 4353
-3492 -4328
4164 -3637
2944 -1438
4012 -4945
-758 5745
-3204 2355
-5316 -2600
325 -2295
4369 4283
-3516 4482
-3214 3867
-5019 2097
4417 -3968
936 925
-47 -1086
-4447 -2526
-4167 5107
1945 868
-578 -1748
3923 -5839
-19 4531
233 5490
-3190 -3962
3156 -3762
1442 -3193
-5686 28
6013 5891
3841 4610
-16 -1120
-622 1839
-3313 -1501
-3335 3633
1151 -1252
-2951 -4877
1576 -209
4124 1559
4554 2815
5784 1772
-2969 -3592
-3443 5516
4638 2233
171 3797
-3496 2333
305 3522
5147 -6043
-3760 -3355
-1732 4483
2286 1411
-1103 5893
-2042 1548
5124 1628
3116 629
4388 -3575
-5138 -4748
4438 2083
4566 3223
-503 -4537
5197 5954
-2618 -2340
-5222 -2109
4614 -5247
2055 787
5469 -4266
5284 2732
4949 1700
5413 5313
2518 3050
1510 -4257
-3392 3973
4816 5342
5467 5563
-621 -1789
3430 -4573
-4717 3766
-4916 -3019
-737 2522
-3084 554
1820 -3890
-2761 -3889
-4288 2816
1581 300
826 -407
2208 2571
-2833 2408
-2782 -3417
3808 -1473
-3973 5747
5287 5924
-3846 5251
-5920 -1979
5740 -3045
293 1372
2347 1107
-1679 5162
78 -6045
-5914 2195
3646 2065
-727 -2027
-5976 3252
-1813 294
4622 -5277
5699 1898
3321 4287
4151 3150
1289 -2918
-4902 3140
-2964 2051
4047 2459
-1683 240
-2133 -647
-2204 4806
-6023 1528
2892 3143
3351 3675
-5647 4440
509 -4756
-824 -82
1758 -3597
-743 -5355
-729 -3116
151 -5987
2340 4038
5456 -3103
898 1324
-3777 -1099
1391 -3758
-193 -1045
-3235 2181
-2598 -766
-5338 2895
-1920 -4244
-3766 5581
19 699
-5357 5935
1759 2215
2905 2700
4903 -1154
1378 -4640
-5862 -216
1761 5411
-1115 4950
2719 -4666
2466 3847
4087 -2868
-3666 -265
-2117 -1533
-2600 2660
-779 543
5748 4605
-1720 881
2896 -278
5044 3785
-4482 -5005
1527 2981
3664 4366
5201 -620
2722 5895
3169 -2709
2449 1870
-3285 -4253
138 -552
5691 5198
-5187 -2317
-798 2548
-2961 875
287 -1714
-4049 -4975
5530 2846
5152 -2514
-2871 169
-2571 2116
4725 -558
316 5821
5975 2517
1489 243
668 -1700
1331 -3429
-2680 -703
-2061 -4850
2615 -5855
3784 -906
1918 4953
-960 2385
4399 -3424
-3631 1317
-4357 -5887
718 1473
3698 -3661
-3147 -3605
3239 -2090
-5915 5163
-1105 460
4076 -2125
-6009 -5454
702 4137
2709 -1862
-317 3219
4167 -1625
-4153 1182
2904 -5021
5973 4491
1137 -5376
4573 4023
5292 3721
-5806 -4411
2419 -2043
-1135 5738
1991 3720
-3589 -3948
2717 5429
-989 -136
2467 -5229
3747 -1226
-32 -5173
-5367 5996
-5255 3836
1071 980
-3697 1403
-856 794
2246 2602
4822 1727
-3039 5683
1113 4195
1929 -4318
1762 3698
5548 -1124
5285 -1618
-62 3136
-3219 -1324
4651 4313
-1079 5486
4661 -259
-924 4276
4345 -2427
3571 1312
-1756 3688
4551 5517
1428 5302
2178 2827
-1000 303
-5850 -5694
-1254 -898
-4727 -2497
-935 789
293 -3872
-370 870
5132 -616
3696 -3333
3896 4576
-3565 -1934
-4480 3515
-3669 -5927
5223 2851
5423 1954
4623 -2219
-2791 1987
-1973 1718
-4534 -20
4305 353
1459
-58 -67
-42 40
-52 -20
24 -5
59 70
60 54
-16 50
-47 24
25 63
-48 -72
9 -23
49 -63
73 61
32 0
-72 25
4 -22
44 -5
14 -68
44 36
-21 29
-61 -67
15 32
66 -54
57 -68
-45 68
69 -31
2 45
-66 55
-8 -71
-35 -23
-60 40
-9 -28
-2 67
57 7
-24 -11
-70 49
-9 -69
8 -34
61 56
64 -59
-19 -49
64 -30
69 11
10 -64
-62 -66
62 -29
-9 17
70 -2
-54 32
-18 -56
51 -23
51 52
59 -48
50 42
-50 55
17 -48
-15 -53
-26 67
42 47
-24 -24
54 -44
14 31
61 18
9 -17
-45 -21
39 10
14 6
17 68
35 52
-43 17
-70 -26
-48 53
-37 -30
-49 28
65 53
-10 -71
72 -42
6 -61
-18 70
-31 47
50 20
-68 -46
-59 -21
16 -59
48 -14
-14 31
-24 52
-51 -54
-47 25
-62 -47
41 70
19 -50
4 57
-70 3
-35 65
12 55
45 -46
2 49
-40 68
28 -74
33 -22
-35 47
-34 -38
60 -67
-55 -20
52 -3
-49 40
15 -20
25 45
64 -36
64 23
42 54
-12 -55
-21 -39
-51 -37
63 -30
-19 55
-22 45
41 10
64 6
31 61
-29 -7
32 -7
-13 8
-27 69
-33 49
-48 43
-61 -65
45 19
-17 69
-56 -4
-33 26
-14 -74
-65 -52
4 60
-37 -6
-59 -4
45 13
32 10
-31 56
17 30
50 -56
52 -42
31 -73
-13 64
15 -21
-6 -55
6 59
54 44
4 -9
-32 -15
52 -5
37 -59
-38 66
5 -57
-29 0
35 70
-42 33
44 3
23 -11
5 14
39 -34
-52 -44
3 0
44 6
-20 52
13 -65
-12 -25
50 -71
2 19
-27 -66
0 -11
-47 13
14 66
-61 22
31 20
-49 -48
48 68
-45 34
-27 -33
10 10
5 70
-65 -9
14 43
-27 -2
49 -7
15 -52
52 24
57 -1
-27 -22
-31 34
41 -38
66 -40
70 -29
-59 -30
49 48
-52 58
-6 56
43 -65
10 42
19 26
-49 -16
68 -53
-36 -68
-71 54
23 8
-66 -2
-34 -44
65 27
73 6
-41 67
-39 -74
-3 -41
-1 52
-54 40
-35 -13
33 30
-14 -72
28 51
14 72
40 -71
-72 59
24 63
-65 14
-62 0
-16 -64
-14 55
54 73
-8 17
-27 -40
-68 -37
-55 35
33 -60
-25 13
35 16
-2 12
20 72
-36 28
55 7
0 9
-61 44
-40 65
-2 54
55 54
-27 33
-39 7
61 15
47 49
-12 40
-22 66
10 46
-27 39
60 -34
-41 -37
-62 12
-40 -16
-47 -71
16 -16
40 -12
-27 -44
-24 -58
-23 42
-28 43
35 -50
15 -45
48 53
-60 -27
24 -71
-73 11
-46 -40
18 23
-63 34
21 50
28 50
56 -31
48 -45
-6 -72
-45 -31
-7 -49
-59 -68
40 52
-60 -9
58 -67
-60 10
51 28
48 58
38 20
-43 -39
-11 -64
-28 55
45 -28
-12 -53
-35 -52
30 -52
41 -74
-55 -71
68 -33
-22 27
-17 -6
-20 66
-45 -72
-67 65
47 -29
-15 -28
22 46
-31 -18
7 27
13 36
-26 26
51 22
-24 2
38 35
44 -7
14 -1
-36 55
55 69
-33 4
-62 43
-32 -68
-3 36
-71 -47
-70 -64
-73 -27
-54 47
-67 69
72 -37
57 49
37 60
-22 21
45 24
53 62
44 72
19 -73
38 18
2 23
20 11
20 -4
31 13
-31 -67
-40 -74
-69 5
-13 -71
65 -40
30 -49
-36 -60
-51 33
-64 -39
50 73
-71 -45
53 -4
-16 -69
-15 63
13 -56
-28 36
-25 35
46 -61
-8 -2
61 -4
32 -71
73 -33
-20 -19
43 -30
-26 -53
27 13
68 -26
-37 31
-2 59
-69 -26
-19 39
-37 -67
60 22
-31 -29
-40 27
58 -36
56 56
-73 -30
-65 39
-52 18
-46 60
-23 -43
-25 -49
-62 42
-51 -5
-55 70
-9 68
-65 -60
47 -30
36 -13
15 66
-48 -11
34 -42
-46 -34
37 25
21 45
6 45
18 -57
-53 38
48 -22
-47 40
35 -74
-17 -44
-36 48
29 -52
-8 -33
13 73
-24 -31
-12 47
8 -10
43 -48
28 -72
6 -27
-6 18
-36 38
-9 -41
-23 65
0 67
-25 -38
-32 35
14 -37
-27 44
18 -49
29 -47
-63 -50
-3 44
42 -19
-6 -60
54 11
1 72
-43 -45
-29 58
-67 -12
51 -63
9 -24
70 -24
-56 -2
16 70
49 -65
28 -57
-33 -36
26 48
10 58
-62 11
25 54
58 -52
31 -72
-64 -73
-29 -67
29 48
5 -10
40 -47
25 -55
-45 49
47 34
-24 -74
59 -62
18 -66
-41 70
15 -38
29 26
45 52
9 -41
12 -23
-31 -47
-3 -31
7 -7
-63 -64
-39 -65
-14 17
13 -12
24 72
-45 -39
4 12
-57 51
16 -52
-49 58
-62 -27
-30 57
48 38
53 68
50 -21
-4 10
-25 -21
-50 -36
-67 48
19 -8
-55 7
-13 -40
21 -12
-70 16
24 26
-40 64
60 53
18 9
-32 22
4 -8
48 -32
-36 64
18 40
-11 55
-63 -52
-6 -47
-43 12
-41 57
-59 -63
-10 -52
9 -61
47 56
-60 3
0 30
-17 -34
44 -48
17 -26
-40 -21
-34 31
72 -12
43 32
61 14
39 -48
15 -67
-64 56
-42 22
-70 -51
-73 8
29 11
44 9
55 4
-2 33
7 -73
-14 -47
37 -16
70 20
-21 38
-33 -20
-55 0
-28 56
-45 -55
-65 -23
-69 22
-73 -48
10 70
-14 -73
-57 2
-27 52
59 -32
39 -45
-71 35
55 -50
-14 68
53 -44
45 26
-68 -13
-47 -37
-45 16
-67 -68
15 -48
57 -40
12 -58
-13 -32
44 8
10 -51
27 -28
-1 -34
-37 2
58 -64
32 -32
-56 17
-62 -29
10 2
-57 33
20 -50
-35 -63
1 -16
-2 -69
31 -11
31 7
34 -25
-54 -51
-46 -2
-49 49
38 -11
-40 70
42 -4
33 36
35 -41
-32 -1
62 -56
-57 -57
-68 17
65 52
6 9
39 -72
-48 -27
-60 18
23 -74
27 -17
14 -26
-63 -41
-10 -44
4 -73
-13 -54
25 -47
41 38
7 -23
64 -3
-51 -72
-2 -16
-66 -70
-45 -28
25 -2
3 22
-57 53
-19 -72
-24 -51
39 -36
-33 -44
-53 67
-29 -38
52 30
60 -59
23 57
-24 -13
-49 68
-60 -26
-71 -52
45 -49
71 -39
-28 -41
22 35
-69 31
-33 19
2 -38
70 58
-38 -63
71 -54
-31 11
23 -28
-64 -38
19 65
-73 58
24 -32
53 -35
6 -26
-22 -30
-36 -53
20 -40
33 -19
27 -11
-23 39
-69 -4
-33 -3
-31 -60
-20 49
41 -49
3 -60
2 11
-4 -32
32 31
8 -38
55 -43
29 41
69 -41
40 17
-48 7
-43 -10
33 -59
-35 -74
-30 -33
-34 -68
-14 9
35 -36
21 55
42 42
-73 2
-37 -25
-71 -67
58 32
39 70
38 28
59 66
-8 30
-35 -18
27 9
53 25
57 -11
50 35
-32 -56
0 31
24 65
24 41
-56 40
68 -70
8 39
-46 -71
-19 65
-65 12
-27 -23
21 44
-61 -6
-2 -46
-13 -2
72 -32
-47 -28
-59 9
-32 23
32 -27
-25 25
51 15
-60 37
5 -70
-45 -8
64 -49
-27 -12
25 -12
-32 -9
-32 -57
-61 26
33 -50
-27 45
-62 -51
61 -27
-67 -39
-10 50
-58 24
51 51
63 -45
8 -63
-5 -44
25 23
-69 8
67 -36
17 15
62 -31
-9 -65
-30 24
40 -19
-38 -47
-30 -41
-58 46
56 63
-31 72
-32 5
49 73
50 -18
-69 32
7 -51
-72 -11
-12 62
-9 -46
-5 -63
-18 63
8 -71
-18 -12
-14 23
-42 -44
30 27
-52 6
-35 -7
32 -33
61 -3
15 -70
-47 -43
-8 -50
70 -54
-58 -60
-23 15
51 -48
23 26
-18 52
59 65
-25 71
9 -63
54 52
17 21
-11 -39
-62 -2
-64 -59
-49 27
36 27
-12 -8
3 -12
-36 56
17 58
-16 -28
5 -60
24 51
-64 -1
-46 19
8 -46
-65 -14
2 50
14 -25
-28 24
-12 -7
10 -3
30 -35
34 30
14 15
73 -67
51 -28
30 39
49 -17
56 -34
-43 -22
34 -10
-37 64
-48 -51
-39 43
-5 64
51 -36
22 51
-53 -26
-72 8
-11 3
73 62
-19 15
-64 61
-58 27
-48 18
63 21
11 32
53 -52
-15 41
-24 -2
-47 -32
-13 18
-26 -71
39 -5
49 -44
36 -41
-6 -54
-66 -49
-13 57
51 64
-60 -22
50 15
38 14
17 44
-61 30
-20 28
-42 16
37 -74
-8 24
-3 22
-2 -8
-31 42
-41 45
50 -43
-37 -10
67 -64
-18 -58
12 -65
26 62
-68 26
-45 73
-67 -35
-23 -8
-30 59
-1 13
16 71
56 36
69 -32
-17 -47
-68 -69
35 42
-24 25
-43 65
6 -15
-68 0
19 -59
-54 -35
6 -13
-49 65
39 28
-65 20
9 -50
12 -35
15 59
-53 -50
8 -40
-46 12
31 67
71 -27
22 30
-44 57
15 17
-19 -9
30 -26
-60 -47
-66 -17
-32 -39
70 44
-62 -40
-12 35
-37 7
32 -66
-42 -20
72 24
5 18
-67 61
-43 54
-54 29
-61 20
-64 7
-21 -58
41 51
41 40
39 37
-5 16
-18 -28
66 -24
-30 52
29 35
66 48
48 -72
-59 49
39 -25
7 -4
-15 51
-66 -13
13 -48
-16 -4
-33 54
48 61
60 -10
16 -64
49 10
49 54
-27 -68
-26 -57
-68 -12
72 -13
67 -65
-22 -48
67 -23
36 6
58 -54
33 12
17 13
-12 34
-6 53
60 -73
1 -59
18 -8
67 49
-72 -27
32 38
72 47
70 -72
-36 -1
-42 -18
50 -11
-1 56
-70 -43
54 -32
15 71
65 -12
-25 -59
-43 -55
-66 -9
14 50
54 -37
35 -17
-34 15
-70 -21
25 -4
-43 -27
-38 -67
-51 -4
73 25
-21 67
-7 -66
61 -55
6 27
-25 -52
51 9
-17 -67
36 -20
50 -57
-9 -29
-33 -10
49 -55
5 37
55 48
73 -31
-57 -61
60 -27
22 -12
52 -15
65 -72
27 42
-26 72
-54 65
36 -50
-50 37
-68 22
-6 -42
49 26
12 -26
66 71
-40 -51
-46 57
42 55
-66 -7
-18 32
40 -7
3 48
-16 -52
64 -11
24 -47
0 -24
-27 20
-11 -8
67 -1
-49 71
-56 53
-25 -1
12 -19
34 70
27 17
-59 -18
-9 58
14 -42
16 58
51 41
-21 15
-53 32
2 -46
28 56
-30 -32
-28 68
0 -38
-39 -68
38 44
-68 43
-67 -31
68 13
32 -67
55 -10
72 72
37 -60
72 -61
64 59
-26 -35
67 68
-57 -72
13 -61
50 2
-45 38
31 14
67 0
11 72
-48 -5
58 -74
-35 -73
6 -46
-19 -29
-65 45
-67 53
19 -35
62 -23
55 51
-61 31
61 -13
-66 7
-45 -33
58 -34
61 -48
57 -48
-74 45
30 23
24 -26
60 37
-63 -35
4 -15
19 59
-2 -15
24 -55
-66 -15
38 61
58 -8
-40 45
-51 18
17 64
-67 -27
-58 0
45 -52
54 -64
64 39
-22 -26
69 30
47 -26
-65 57
10 -43
2 -1
22 -24
-24 1
49 7
57 -73
-34 42
52 63
-38 64
3 -36
-54 62
-61 42
-65 32
42 51
-30 -12
-17 14
-19 -17
-21 -62
3 -11
-30 37
25 -40
11 -38
-8 43
-57 -66
14 -58
6 6
-42 6
44 -43
-6 3
-9 0
-1 -54
61 31
-41 -35
8 -17
59 -43
7 12
12 -48
12 -60
-73 21
58 -56
-12 -32
30 -11
-64 68
-36 18
-60 -31
58 23
-25 37
8 1
-37 11
-23 -58
49 64
-49 -61
26 43
15 20
35 28
-6 42
69 -42
-9 -39
46 -21
59 -18
48 57
49 52
-49 6
43 -49
-29 36
62 16
4 53
-15 53
-71 42
-36 -3
45 -18
-32 3
73 -64
71 43
41 -25
19 -43
0 53
-37 50
-16 73
3 -74
53 65
-12 26
21 -41
70 62
13 42
12 70
55 -1
38 10
-73 6
16 -53
-64 42
-52 -7
37 -23
-12 45
14 -14
-23 -19
36 -27
9 30
46 33
47 -57
-10 39
-48 -50
19 -71
64 73
62 17
-35 32
-59 70
-39 -4
-58 53
21 53
-28 -9
-23 71
-74 29
1 3
36 -71
31 50
3 -27
-74 9
-18 -5
-40 -36
-23 69
39 62
-53 -30
-62 -50
-47 -73
-18 -10
72 -67
-59 -55
-56 -17
-48 -37
-25 12
60 69
34 -50
39 9
-68 66
-15 65
4 -39
48 -33
-40 46
-3 59
70 -6
55 -69
-71 51
-7 41
-24 -4
-3 33
-69 67
33 -35
-23 -13
54 -55
-57 -37
31 -29
-10 -58
52 23
48 21
59 62
-12 -49
-4 -47
-49 18
-11 66
-69 12
69 -35
-17 7
-9 -63
-30 -71
68 38
13 71
-32 -69
68 -6
-54 26
29 18
-62 -61
36 -60
24 27
27 -30
41 1
33 57
-23 35
34 34
65 -60
-2 25
10 17
-1 40
-33 -26
-5 41
-55 40
27 25
11 -3
-15 28
54 -20
12 -15
-1 34
41 30
53 22
72 -20
-46 58
53 15
57 18
-43 -11
30 67
-46 -42
33 60
-14 -36
18 -48
44 68
31 -54
-13 -67
53 -46
44 -16
-17 9
36 -42
12 -1
-32 51
60 -43
-65 -21
-29 27
-7 42
67 44
-11 68
27 24
66 -25
5 48
57 56
-44 -65
60 58
42 60
26 0
-59 40
-48 12
24 -3
-5 -26
-63 26
-25 51
-24 -60
43 48
56 -55
45 25
27 66
16 15
-66 10
64 53
23 -30
6 58
-29 -15
43 14
-32 28
10 -19
-31 -9
-29 7
20 6
-72 68
-25 44
-7 11
13 -70
-58 -63
-26 17
47 63
-11 69
-21 3
-74 -5
11 10
7 -8
-52 -47
44 -68
22 45
50 71
-33 -62
-51 -18
56 59
-46 33
-2 -57
-48 8
-57 45
-69 -68
28 21
31 53
11 -15
-29 -17
30 22
5 -37
-33 -8
-72 4
-45 -67
-62 -35
-53 13
20 -44
22 -35
25 -68
-47 59
-12 52
-8 -42
-43 -7
-3 -40
53 50
-43 -46
7 61
9 -21
65 -68
-54 3
-17 -54
73 32
-20 61
-8 -74
-69 -13
69 70
55 -65
5 2
-28 54
33 51
-6 -20
21 63
-58 37
-67 63
-32 -11
72 -54
-34 -16
-39 24
-42 14
-66 -51
-66 -41
65 -32
-73 -13
34 40
37 -54
46 -4
2 34
70 22
-17 -7
73 60
-35 45
33 -5
44 62
-68 51
-21 -22
46 -3
39 -18
43 -10
-9 -59
20 9
12 34
-13 46
66 -53
22 73
30 73
32 -47
-60 -70
-38 8
14 -57
-25 -72
-42 73
49 -47
-28 -31
11 54
14 -52
-49 -28
70 10
16 11
-74 -67
-63 -18
-22 67
-2 37
68 -1
-66 -28
-5 47
-63 -36
-64 -49
30 -32
1933
-2616 2306
2419 -1233
-2182 -1783
-1033 -2421
-2666 2615
-130 -2378
-2429 1216
-1309 -2589
2123 -2565
-2647 -1353
1558 -425
1047 111
254 2236
1360 -1358
1477 1000
511 1267
178 914
-280 -762
2235 -2650
1298 2564
1756 -2395
168 -2419
-1154 769
191 384
-581 -54
-2031 2626
2286 -168
-640 -2663
-553 1701
1670 -1165
308 -338
1473 -488
-965 1430
1516 552
2419 -2201
864 2595
411 -2370
2059 -1452
2210 -2479
1343 425
1222 -1408
178 -2311
-1296 -1794
1405 2602
1220 522
2278 30
1366 254
-1943 -7
-2424 291
1867 -2550
-2104 -1769
2630 -981
14 -908
-975 -673
2516 1950
-1457 1584
-2634 1569
-2600 -1166
-2072 989
-76 -169
-2033 591
1243 -969
-2113 2037
2418 -1677
-2444 -531
-543 -1138
-2107 -589
1416 -374
-2614 1541
1494 -333
-1746 -1084
-820 -2583
-1001 1049
-2026 1639
-1638 -1190
305 -117
-1900 2048
1227 2402
-2604 -1298
-1157 -1383
2364 560
1585 2026
1117 2517
2608 -1375
-510 -2197
2312 986
-67 -2026
-1592 1018
934 -1756
593 -258
1475 312
-1794 -61
2160 -127
184 1443
-2537 -1858
-2515 2513
683 216
-2104 -2631
2174 2652
-1740 1999
-2413 2251
1754 -2278
1686 464
-446 877
-65 1326
2101 -334
2133 -1540
-95 -2261
1007 -779
-1138 -2234
-2179 -2368
2502 -1116
30 1737
898 2271
-1541 -2590
-385 -1954
576 1482
-977 -602
699 207
1747 -1666
-1883 -589
-2226 663
1829 -2319
949 1014
-1964 -646
1403 -2512
-469 -2096
-2151 2185
-1560 -1321
-1805 408
2576 2211
-91 -469
-1986 698
156 -2062
-2543 -962
2089 1307
-852 110
872 -1855
-1777 -1661
-1121 -279
1235 75
945 -1556
683 1107
2659 994
-202 -939
-2034 -215
2545 435
-1285 361
1200 -1705
-915 411
-899 -1846
-2489 6
2657 2029
-1602 -1419
1160 1783
489 -1608
-998 -773
1478 501
-2589 -2611
1334 -1228
-1117 2041
1272 -2308
665 1695
-1205 -1475
-53 -305
893 555
-847 2054
-2423 -797
-760 -2310
-2483 1077
1194 -600
-647 1287
314 -2633
1780 650
757 296
1248 -286
2076 -2395
-643 1895
2414 2451
252 915
963 -1747
2001 -712
-1829 -1034
2548 247
1252 1451
2169 -17
826 275
1243 -2599
2401 -2069
2063 2300
1727 -2558
1612 -1215
-1363 -1002
57 -1707
-2501 1626
-361 374
-509 1877
2318 2012
85 -1425
-1837 -1498
-2518 2018
78 -2466
2053 -509
-1759 1002
2315 -1652
-2627 -408
219 -17
135 1109
329 -1872
1144 -2502
1436 -944
-2278 -1781
-121 -1934
1221 -691
1893 1076
-2070 -1884
-1691 -676
-2425 838
125 -748
-2335 416
27 -1564
136 1026
2143 946
1340 1281
1396 832
1245 -2558
1485 1138
-936 -1018
-148 -2470
-1611 2494
830 1970
-1227 868
306 2013
561 -237
-1440 -653
974 581
-1466 -25
781 1639
1045 2335
-689 962
651 456
165 641
-662 2403
2045 1706
1062 2231
-431 1396
1571 908
-703 331
1508 -1879
1264 1218
-1216 -2261
181 -1027
-1201 1547
192 290
-2261 3
-1444 -516
818 405
2524 2196
-1161 2319
942 1940
208 -1122
2308 1889
-2662 -666
-1687 -299
1952 2644
1400 -147
-1205 1401
928 -930
-1837 1443
2469 -2489
-892 1065
-1600 2515
2412 1458
2142 2445
-2232 -1533
-2019 504
-1098 -1324
-493 1250
-282 -243
649 1581
1969 -398
-2003 946
1379 816
-1859 -2382
-402 515
-1185 666
1100 -1811
382 2618
-2211 -1091
1982 2562
2233 2474
-2088 1609
-2355 -2413
2290 2108
-1862 -1524
2102 768
-708 -1657
730 820
1982 -2588
-1840 -1219
2634 1750
1995 -105
-1970 -2228
754 557
-2061 1865
1929 134
-1330 1881
83 2196
-1231 624
1780 1786
1868 -280
2115 2345
-2499 -1442
1924 2543
-2297 -222
755 -107
1150 1354
2549 -1949
-568 -1246
-472 -382
-785 -359
-2540 1269
468 2563
1953 1293
-1395 -2193
199 1592
1439 -756
940 93
591 2413
-2161 1183
-2495 1645
2076 -180
-2068 1217
-839 1640
-2163 1329
-715 -1165
-1393 -85
400 2651
-939 2196
-2346 2159
-930 1459
5 -1414
-1433 -1555
85 1104
-1114 -2378
1319 -2120
-246 938
-66 2302
1216 2000
1458 1956
1457 968
-2564 1300
-385 -1375
2524 -2307
2342 -199
-898 2215
-1753 1818
-2117 -20
1992 -1619
787 38
-1577 -114
-1216 -289
-795 -308
21 -111
-689 -1501
246 1914
-2200 2096
1793 -1309
-469 -1048
2386 -11
859 1926
813 1313
-59 -873
-2332 -2221
-691 -2589
433 482
110 674
-931 1238
878 560
1334 -34
-307 1631
-2441 1734
-1810 2655
-2423 642
-651 517
1007 833
2001 877
2160 -1760
-2437 -1515
582 2505
772 -2576
371 1737
566 2380
1051 -341
1816 -2455
-1244 -620
141 -1331
-2078 2084
2102 2313
-889 1021
-700 -822
983 1380
-1574 1612
1354 1577
2102 922
1043 1388
2624 1234
-2362 -210
987 1081
-690 513
1745 -2013
-2237 1589
-316 372
58 1216
-506 -2448
1799 -2518
2338 1988
1566 1114
1795 -1
-1153 88
-1134 -2520
2256 1639
-507 2557
980 1294
1907 1957
-1159 -364
-404 -1669
-2184 2638
949 -1449
-1723 423
337 1099
-1658 1490
1691 1583
2288 -1497
969 -487
-1980 2168
-798 -468
-2175 -1586
575 -620
-1885 1285
-1377 1676
10 -287
949 1588
-563 -557
1388 -814
541 836
315 -709
-2266 1380
-1388 -1138
-2112 1943
-2034 1326
620 2366
1442 -1926
-222 -378
1066 827
-33 -2330
333 -807
755 1498
-448 2130
-1360 247
839 -200
2407 -2350
185 -1274
669 802
-712 -1529
-1757 -425
-2049 -1653
-957 949
-2097 -2058
646 -1007
298 -2185
130 2598
-1415 -2006
2401 2293
1097 -246
-2499 -441
1047 -1209
-113 583
213 400
-1161 -1367
-1844 733
677 730
-1271 -2197
46 -1206
-2395 -108
-62 221
-1332 1683
-470 -791
-346 -1278
1824 1772
-268 -496
510 2422
195 1257
-480 2423
-2652 -2261
1350 1821
188 -477
-2278 -2221
2510 -245
-936 1289
119 2040
-2198 -1540
1714 -509
331 -2229
1585 -1636
1435 1077
-1827 -354
177 1602
2069 -116
-872 2468
-2494 -2034
-1224 2593
2227 -41
-1355 -2136
516 -1187
-715 918
-423 -610
394 -1764
2097 -2036
559 -153
-1306 1397
1087 339
1448 -2574
2658 1188
2657 -102
-2439 307
-2325 1106
1664 -2286
2406 1531
-965 -1436
1862 -184
-647 2404
296 -1494
1317 -168
-379 330
900 1137
-793 1250
1561 -2510
-911 -2592
-501 -2621
-2148 1952
696 -1975
-1749 -571
1571 -997
1072 -1588
1280 2108
-1401 -2442
-632 1200
-2368 47
-1647 -604
946 2439
1749 1311
1227 -491
1762 847
-2324 2259
762 2537
1033 -918
192 1849
-2569 -2109
2115 754
-1547 2110
-664 426
-515 -149
-41 765
1572 -453
-648 445
1973 1154
646 1795
-2620 -333
2625 -1284
-411 343
-1534 195
-739 -1732
-1281 -1985
-1519 -338
2334 2664
-1725 2149
-498 -132
1466 611
994 2072
-223 -1040
2527 -1819
848 2452
-2228 1457
-2386 -720
1577 -721
-2591 -1783
967 -836
1852 -158
-41 311
-34 -907
-1737 -324
-1893 2461
-72 -372
-1444 2499
-2645 2125
1378 -220
2361 -1462
736 -2445
698 1815
646 880
-2259 -1877
2138 -1860
-546 -1007
657 1048
1277 -1971
-1150 -663
851 1760
-2532 466
-1904 -1504
438 -1937
816 40
-1340 2257
-308 -2169
-2126 2354
-372 -1889
-2464 2423
2378 492
1701 -851
-862 -2146
-184 -1879
-1931 -1715
1890 744
1837 -2079
1079 72
-1573 -1549
884 841
52 2140
2146 404
2298 232
1400 -2498
1486 -2499
-257 -416
-1332 -786
-282 943
-1873 -1729
1918 -797
-533 -2372
-1664 1894
-455 -1150
-565 -1741
-2404 1466
2361 312
1683 -1171
1145 9
-1904 -151
-665 -166
1581 199
167 1177
1478 885
2354 438
-127 -1441
2471 2408
-2110 -2211
-822 -586
-1573 -1991
2545 1590
1089 -425
1123 149
-1886 -2615
2588 1532
2426 -682
-2060 1763
-1444 -2057
-1779 2157
205 2174
-1501 -433
-691 802
2390 294
1111 -2597
-1678 -220
272 -1777
1400 -817
-964 2631
1357 -2354
-1405 -830
888 -1335
-981 987
2289 884
951 -87
573 1543
1822 -509
982 -1347
2558 -1466
-121 -1153
2382 748
-1434 -2123
283 2539
-38 -816
2618 1751
1835 -2657
229 -1891
-2608 1587
2641 1925
-1556 -1511
331 -302
-1430 -52
354 578
1520 -1875
-336 -2595
776 -2280
-733 -2220
-48 -668
1728 -1697
-2437 2342
-1817 -6
729 699
-279 1381
1793 1184
-602 -233
-889 2023
2291 -1826
-1983 -1791
2320 2326
1355 2258
-2648 -1564
-1046 1445
2593 -1907
-1114 -611
-996 -1320
2472 430
-722 1652
-2637 -2034
-1331 -2657
1527 195
-1721 -707
-480 -2215
2019 -767
-827 -792
2619 67
-995 584
-1207 -1754
-356 2562
262 628
-998 669
-2079 681
517 674
173 -599
-515 1476
1348 -745
2493 1783
-1617 -421
-2095 44
607 486
3 2558
-2090 1797
1896 -1764
719 2128
-969 843
-2332 -2298
1450 2128
2662 1743
261 -1001
1054 -347
-1445 -30
242 -1120
-217 1010
1556 -1443
240 -501
-948 1522
94 -625
-1074 -839
1754 2609
-2418 -2394
-350 212
-2128 -2042
-423 1344
804 2638
-348 -2031
-2146 -2475
-527 -2524
-1436 335
-2325 -2026
976 2407
2632 354
541 -2415
1371 1927
1343 1841
-523 44
2611 1099
-593 -1375
-2107 2488
1722 -869
-719 2433
1871 -1572
1513 1124
1419 -91
-2628 2504
114 952
-1304 974
-875 998
-2442 -986
149 2666
-2396 2035
-2241 2448
-1031 2388
-286 -1666
1249 96
1739 -2083
1503 53
2018 -1509
1642 565
2237 401
-2104 -2554
-1094 1876
-1312 -2619
1162 154
372 -570
2665 -2501
1115 2106
-1734 -2558
1660 837
2376 -1114
2358 658
1159 -239
-1715 -362
1880 -628
750 1198
1507 -1603
-2180 734
-1601 -2634
-2509 -545
2637 -2237
1234 2140
-1861 912
2198 122
1716 -884
393 -991
1356 -609
-1015 2251
1330 -285
-700 -2609
-1586 1649
-2247 1778
-191 1468
307 -468
740 -1438
-1825 -2038
2425 2452
188 853
-210 1699
-846 -1465
720 -555
1618 -875
-1805 -701
2558 -2507
2087 1952
-350 477
-1897 2592
1823 1518
-1757 1306
2105 179
-1466 -2188
774 1162
490 378
1702 2157
30 -2502
1530 557
1753 -1714
229 -2643
-2135 -425
2264 -2306
-1844 -373
-1246 -1292
-2320 1723
-932 1636
-1866 -2636
-1398 -1368
752 392
-1755 1697
131 -649
1565 -2584
-1504 1719
652 2553
2325 1622
-2482 -2356
473 -529
1956 609
108 -1551
-768 743
1844 760
2235 1570
988 -1115
1322 -2057
447 1777
503 -2204
482 -1222
836 1545
-1040 95
650 -2555
-1841 -762
1480 2455
983 591
-1410 -2654
363 2413
2561 1963
-1984 1
2129 -318
-1582 2122
-2330 611
1094 -539
1698 1952
-1310 1740
287 981
-2527 -1634
-1495 -481
-1285 460
-1098 1273
120 2123
-1414 -1739
-243 -1909
-624 844
1631 -2661
706 -1366
117 -2490
1585 2417
-2390 -762
-1072 -1912
-745 923
1451 -1025
-1241 -2216
-2091 -702
-2428 859
735 512
2168 2015
612 382
1390 944
-2103 813
38 -1838
-2326 -531
-2465 -1066
664 1572
-10 257
2222 1808
1933 1123
2147 1428
-2616 2393
386 1386
-152 -1872
92 2230
-1158 -9
55 2522
338 -2545
-2328 1019
-191 -374
-1451 135
-1243 -635
1949 -1094
-2593 955
-1880 -908
560 927
-485 1800
-1715 -2067
2659 859
-1534 -394
-1341 -1057
283 2071
-1159 -2524
237 861
1850 -70
2 -593
206 525
2396 383
-1778 -1299
1385 22
-2534 2104
-1532 -357
-681 -1650
525 -1248
2397 -1638
2126 2290
-1585 1720
2118 -646
-868 1687
-2293 -1291
-974 -2379
2616 -1404
2554 -1863
1782 -1703
1166 -1671
2527 -1105
-1217 2104
2357 -1940
-380 -2636
-55 -1906
1548 1329
1904 503
-1156 -2131
-576 2118
1036 -239
328 19
76 1569
-2587 2623
165 -2383
-1775 -970
2346 -2093
989 -502
-2612 1897
2535 -1963
1613 3
-1368 1282
252 1006
892 -2159
1263 -1366
-1004 373
879 -1994
888 -2628
-1035 -1335
-907 -142
-1094 1360
-1265 58
-1811 943
-576 1307
1469 86
-1033 1450
1518 1610
-301 530
-311 68
2022 -1019
2619 -2662
-401 637
375 400
1863 -1629
-2096 -1461
-2090 -2157
743 -38
-274 -2246
2595 -1671
-1716 -810
-1026 1283
2343 -240
-2157 1531
-1119 624
614 -2209
682 -26
1972 1530
2540 -392
-1870 2660
1282 -1283
33 -1568
-927 -604
-1354 -213
736 -2174
-1192 -1748
-1252 606
-509 -980
-380 283
1489 -1958
-756 1353
1056 491
1788 -2448
2455 -171
896 -1949
-1735 -1905
1467 -1355
1340 -649
92 -1230
-732 2575
-757 1348
1193 85
1557 -447
255 1069
1706 -1171
-2581 261
912 -982
-77 1748
1160 -432
-2114 536
-1834 -2182
2499 -1316
1407 1871
998 -414
851 2618
1021 -2086
1505 -1665
-632 423
2122 1657
919 -334
-395 1965
-1011 -2210
-2534 -1067
-2470 999
-1517 -2014
-2217 -1737
2259 2393
427 783
658 -344
-854 -1834
-583 -1242
-756 1377
464 -1500
1132 -1113
-2000 1580
1815 1944
-1726 -604
2052 721
1821 -1001
515 -1633
1023 360
2358 -98
-909 1700
-28 84
-1111 -1469
1788 -2113
2163 -13
1487 -1425
-733 1729
-474 1185
-678 -228
1610 -1191
-1741 1768
-1869 -428
2518 -1076
1424 -2585
-431 -2359
85 -2056
-2439 1103
1123 567
-394 -2227
2425 1176
692 -548
1848 2008
-394 -2023
2468 -80
1997 -1554
30 -1749
389 -1860
-122 2249
-471 1855
1574 -2315
725 1350
10 2242
1681 -891
-1964 -692
-250 1433
-60 -1586
1105 2191
-1020 -384
348 1577
1633 -430
100 222
637 673
2461 -683
-1566 1404
1145 1670
-2495 1605
-2609 1309
-552 15
272 -2076
1594 -16
598 1011
-543 2220
293 -1097
1846 1235
-2565 -1740
-1439 544
2644 1320
-1988 -2281
93 -482
865 347
-1670 2220
-1988 1409
1836 2066
1540 -1708
2322 -394
2275 -1762
-2376 -408
-588 391
1213 551
1340 301
-1938 1287
-2623 2049
-768 -776
551 -1047
1155 132
1081 -1296
-2006 2012
-1451 438
1166 2327
2008 2621
1402 -2047
-1159 -2279
2354 -1180
962 2379
-780 -1699
1000 -2101
1465 -2619
1588 71
2597 -1342
81 -660
-799 -2406
-1642 -257
1034 852
-1786 -1343
-2366 643
-2254 -2499
453 -1329
-1983 -433
1598 2001
1366 -1589
703 1627
-2417 1423
-2464 -654
-2274 1927
1998 18
1136 -1653
973 1332
906 1214
1288 -2082
348 1877
445 535
2630 -415
734 -507
-1169 2308
2266 1845
1052 -2508
1434 871
2525 -233
1183 1139
2211 -1412
2608 -748
806 -1679
-455 1175
379 -593
-1608 1135
2354 1886
-967 97
-666 -2331
1554 1007
-1802 786
648 -564
-1576 -1286
-992 -2037
117 2038
-406 -156
-320 2483
463 -1149
232 1356
2659 2174
-2580 -2138
2213 628
918 -840
-2108 -1611
216 2580
436 785
1179 -938
1942 -2383
-81 -2359
341 -2396
-283 2128
2372 -1201
2112 168
2462 1189
257 759
1813 1318
842 1720
-628 -1161
-2430 -1057
400 509
1055 -357
1377 1999
-1334 -115
1598 -2632
1124 -1940
1462 -1634
-225 -86
139 -2630
319 1814
-263 -172
-2625 -1634
1877 1434
2023 1825
-1056 1157
-1693 319
-1581 -2312
2296 -1874
1076 -1347
-441 -542
-442 -698
-2412 -2129
-2081 -2171
1424 1662
1115 -559
-1790 1354
2077 -2115
-380 678
1014 342
961 1829
-1762 961
1765 1117
-1537 -825
949 -2480
1282 -217
2574 1689
-999 -1442
1617 1464
-501 2533
-741 -2070
-66 -1450
-549 528
-1186 2348
293 2137
-893 -2393
1796 -1185
-1838 1225
-980 -1957
730 1360
-1348 1662
-890 -888
74 2622
-270 2173
705 -1983
2207 -1623
-562 -415
-1559 2432
-31 1163
2111 966
-794 1493
1658 792
1474 1812
494 272
-1149 -481
935 -193
1057 132
-2307 -1842
-1744 1885
-2353 -1723
-889 735
1006 543
-1037 -250
-1696 1720
-1563 1360
485 -1059
2650 861
1238 846
-1391 -2633
49 1442
-73 -924
1681 -369
1806 2421
-1205 347
-236 -2317
643 237
-720 661
-2380 -174
-809 1192
455 756
-2499 -1437
507 2597
855 -1499
2667 -1444
1476 1262
301 2250
-652 2351
-1826 1676
-135 -2002
1987 -1899
418 2346
2338 151
1711 2320
407 509
-1266 328
-1854 2112
-1716 2095
-1258 836
-241 -2567
2429 2599
160 -966
-306 325
1694 -246
-2511 -2301
757 -1941
457 -1906
-914 -808
-1304 1063
936 -1172
-2288 661
-2516 2211
-483 295
550 2361
2313 -1067
-1065 -1339
1991 2161
-1673 -222
73 1976
1744 -2598
-1619 -1297
-634 2055
-838 -781
-349 -2264
-616 -527
-2065 844
-866 831
-860 -2306
-475 -1899
-2313 405
-2311 -1884
-429 870
-1497 -2343
-1073 -584
450 -1387
1696 -716
664 -2420
457 -2337
-166 520
-2346 2006
-2464 506
2649 69
-2206 -1699
-1821 -1093
-2164 1471
1148 -1426
1233 580
-466 -794
1408 0
820 -1895
-196 -159
-152 -341
-1971 -617
2057 -401
-1036 -2615
-933 270
-1269 62
1136 1282
1603 -2268
-1091 -1088
-777 -2376
1240 1097
174 1403
477 539
-282 1932
1792 2496
-1012 2384
1996 1627
-2472 -1228
1898 2018
-1308 2378
382 588
1477 1415
-2237 -2191
907 -1072
494 1448
-1013 -2252
2040 873
675 2347
1572 -2464
2373 409
-2375 2082
989 -1226
-1486 -2320
2277 -19
1425 -1987
-897 2535
1730 -1139
-214 2572
459 -1156
-2002 -1027
969 -32
466 1176
2246 2187
-91 1449
1967 601
1009 -758
-1566 -229
2091 2143
1933 2430
1711 648
1248 2507
-383 -1124
-2228 2252
-2266 1158
974 2223
-1199 -2273
2564 1434
-2415 -816
120 -2157
-816 -839
-1470 -733
-418 -549
-2521 311
-172 63
-2248 1089
1300 -319
1974 -1822
709 -1612
-848 1564
1637 -781
-865 360
-1840 -519
-895 -1941
1909 -1658
2161 245
1559 719
-1008 -536
880 2553
165 -415
-2167 -2599
1536 1470
-2433 -1421
-1292 -1604
-832 2405
-1822 -1901
-2021 -2249
2098 -544
1566 -719
1861 1160
-384 -1207
-1258 -1796
1822 -1609
-2306 -1987
-2389 439
1511 1573
2385 -205
-768 -2256
-524 -998
-1745 -835
-2107 2601
-42 -1843
117 460
-2428 -1506
-1529 1634
563 1604
1464 274
2402 -1411
-2142 -459
-1704 -2121
-1332 657
-439 -2287
-1291 983
-1106 -77
-2225 2667
-452 282
-991 -1274
-2241 -932
-203 -935
2064 -484
-2176 1687
-1127 1931
647 -2665
-2279 -2269
159 -803
658 -887
-299 932
2416 1719
-2548 579
956 1331
-1948 -47
-1449 -2009
1744 1262
-1510 -851
-976 -2417
-254 -745
-819 101
1481 1521
1635 1851
-1441 2076
-1080 899
1552 303
-2245 -2484
2278 -540
464 361
-1649 -2644
2199 1289
1738 592
-596 38
2627 -147
546 -1604
-1418 491
481 -2487
1400 2090
39 467
-479 153
-1126 -1718
1109 -931
2042 -2293
-863 -597
2493 -2354
-2133 -1574
-1339 -778
1363 1776
1124 2250
-1970 -2641
1519 -276
2633 755
-1024 2469
-1518 2467
-2330 -838
-1223 -2615
-536 2480
-442 -480
1382 2176
-1411 1249
1120 94
-1348 10
-1520 844
1533 -2188
10 2398
-2426 -273
2068 -2222
686 -1244
1696 710
2562 1230
-2482 1621
-1074 -930
2086 1599
2343 -614
476 548
820 210
-1180 1357
-2027 198
317 -1112
1412 -417
322 2086
-40 1473
115 1234
697 385
-46 -920
-2650 -2223
-982 695
729 -2043
-1542 684
-252 1473
638 -1811
420 -1831
590 -1833
131 324
-304 749
2557 -1338
-1631 -242
1017 -735
-1351 784
-1721 1551
2509 -2129
1664 -2113
-747 -60
232 -2383
-2611 -684
-840 568
-671 -474
-1312 491
1010 1176
1506 247
-2067 -945
-1293 701
2203 2497
1538 -2269
-925 -966
-2550 -302
-1686 -1346
2277 -2508
237 225
550 1031
1574 -1207
-1744 -1341
-2046 -1876
765 1012
-1749 1412
-1690 2459
2161 611
834 -241
595 1533
2042 -2308
1619 -2063
-2320 -498
-504 2155
-2576 -1476
-347 -719
1695 -2373
-362 -2592
1272 1622
1995 -646
2574 2271
621 -370
2267 1309
1670 -2443
-1138 1929
-2507 -1948
-165 -161
527 1211
53 126
113 -2199
-2033 2067
-1647 -311
1944 1577
-404 637
1756 -267
-1470 2645
1727 1689
-210 -2260
1644 1935
2521 2016
-1580 1239
-250 -1940
-1438 -2481
1193 2083
-2252 1543
-1727 667
-2388 902
-1332 -420
2164 -2388
-1582 -1924
-1593 -2060
-567 -1208
2236 2533
-1401 -2032
-2658 -2129
-2241 496
495 -707
1186 -1601
291 306
-377 1798
-1480 -1356
53 1630
-1636 -1280
1004 -1138
-2569 2576
-2332 -2464
-361 -1648
-2290 655
274 1953
2654 -2536
-1003 -753
-2094 25
-1229 -1466
1756 -830
-1718 -236
1851 2567
2616 650
1384 1815
2387 2052
-1628 1524
973 1811
2391 103
286 -2404
2427 -2465
-2005 -2209
-1529 1982
-1211 -1675
-1585 -1071
2333 -2546
-79 -895
323 -2657
2555 826
1781 -835
-2425 -1504
396 -496
104 769
-869 1495
-1969 -1236
2193 1548
-802 -2365
166 -853
2341 527
-1599 2084
-1973 865
40 547
-1004 208
-615 -1080
529 52
-723 -896
-546 -746
-1067 2208
372 -2638
-420 -1711
1543 58
1611 -1564
-1367 2192
-484 -1406
-507 -1553
-2545 2361
-768 1311
48 -25
-2398 19
-2463 1012
35 -335
2107 1408
-1776 1165
-2520 -474
-2548 1474
-772 1796
-1965 -2306
-2662 248
1874 1009
2259 -968
642 138
-695 1254
-2588 2414
777 1766
998 -850
1391 -138
315 -2293
883 785
1425 -2655
1146 -2001
1156 2365
2016 -115
1416 -1675
144 -2188
1404 1266
-1922 -2015
1305 -2260
-565 1433
1849 -605
-1856 -1386
2037 1557
-1434 1762
1879 289
834 -2034
1598 998
1398 -1104
-1272 2280
418 -1376
-550 2161
-2206 1757
1890 -104
761 1200
478 -1863
547 -980
-811 1105
-1320 -1239
-2517 -365
844 684
-1246 -1212
-1573 -1252
-181 1664
-2302 2508
516 -1825
-271 184
1924 -257
52 2030
42 -2298
-2511 2122
-1916 -955
683 -819
2579 340
-2427 -517
-494 2278
-2381 2480
152 282
-1758 415
-2053 -2334
1664 -25
1869 -1484
-2618 1106
803 -405
-1174 834
1167 -1607
1896 -2654
-1977 -1933
-1943 1823
-1226 -119
396 650
497 1744
-1264 1059
2324 -946
-1180 -798
635 -2110
-2155 -347
-2547 605
-1617 -982
-766 -695
2519 -945
-1035 1108
1580 -1378
-2252 2409
-1538 894
-148 -1045
1951 2240
434 399
-361 2471
2068 -2219
-1061 -1982
-634 2586
197 970
2065 1846
2231 2139
1910 -43
-264 1393
-848 324
1801 -2081
-330 -911
-1055 479
640 -1697
604 -2087
1121 29
747 -814
-925 -870
-2643 -357
-831 -1112
-1740 -2286
-2411 -1558
-1630 1010
922 -2430
-1463 322
-141 -525
2546 1964
218 -824
957 2244
-1259 -2096
-721 -109
-821 1255
-1030 -1721
605 1698
1182 632
2471 -2186
1021 -1150
1597 -2179
-588 578
995 -354
2174 2575
532 168
859 -1513
-2636 -165
-2251 -757
2561 843
1939 -2136
820 -263
2318 706
-1450 1696
576 1598
29 -1183
-827 -827
-810 -212
378 -1271
2412 -2405
-2574 1757
-1954 436
1904 1941
1175 164
-2282 -242
-2601 2075
283 340
2023 -1073
6
5 6
6 5
7 6
6 7
7 8
8 7
1424
-1225 -264
67 3758
2156 3574
-259 4170
-762 -2262
-3355 1756
-248 -3505
-2398 4489
689 -3868
-3269 -884
3913 1891
-2582 2293
3576 -2594
-2125 -2680
-1182 -2386
354 -3569
2463 1464
-4135 4627
3216 1937
157 1592
4091 -805
-2529 -1816
1293 2064
-1552 4408
-1373 2751
2686 -4077
-4567 -3474
6 3078
-3819 3659
-1248 -4546
4129 -2651
1271 2412
965 1155
-2738 -3294
-1567 146
-271 3519
4387 4370
3109 1417
1438 1761
147 -1281
4275 665
3267 2861
-1329 -796
-3201 1924
-1138 4558
4491 -4599
1095 531
3557 4556
2099 -1138
-1244 -3649
-523 3121
-3451 -2197
-1049 3021
2553 86
43 -4183
-852 1712
-3750 -509
-763 705
-871 -1548
0 3841
1779 3973
3523 4322
1583 -2083
-3717 -304
2460 2888
430 -191
3268 -1928
-1700 -1160
-2948 -1692
-851 -2732
1780 -1720
-2228 2047
239 -2904
-1498 -1680
4384 -3368
968 4283
-3314 4086
-1570 -4625
-2785 -2952
2574 571
2744 2068
4246 -3412
1873 1113
-3686 -2242
-418 -4194
-2976 -233
385 4117
-23 -3626
2256 3225
-2737 -4052
-2923 753
-4296 -33
3928 4186
-335 -4235
-1998 -2271
-1013 -2097
-2991 -1496
-2677 -2293
-339 542
4210 746
-3659 1495
4524 -2246
-1739 -3991
-134 696
-4598 -1105
2954 2665
3790 -1686
-1333 1317
286 -1410
-1506 -1984
-1868 -3938
-155 -2973
1748 -400
194 2238
2318 2697
-2784 -580
4439 -3926
-2404 2421
-3291 -792
2806 3449
-4259 3794
-2981 -4618
-879 -3685
399 3962
-2480 -218
-1088 -1730
2154 1125
4456 -4531
3163 3794
3663 -999
1940 -2524
1515 -219
2557 -3831
1893 4067
2829 3781
806 3459
-2837 -544
2218 2295
3411 -3421
1930 -4105
-3944 -4156
-3009 4082
169 687
990 3942
1895 -2833
2446 -2583
-3429 -3581
2348 1902
4048 -2822
-281 2398
-459 -405
460 -785
927 -2198
-2679 283
1145 2957
-911 -946
263 1278
2592 -4490
-3917 4566
4136 -3040
1674 -357
2345 -2778
-1039 -2203
-1212 4512
516 -4181
-1647 385
2861 1167
1482 -224
-2711 2670
-4426 -3841
4617 3800
-1145 -3237
1495 -186
3087 -3779
-2036 1566
-2466 -4360
-4390 1506
3806 -3564
-3898 4136
-728 -410
3187 3546
4480 1661
-3149 -3979
-3339 1996
3112 3167
-3579 -4519
-2486 -910
-3519 -591
-2827 -703
-1010 -313
-1623 3473
2288 -2903
-3786 -2273
3893 -2388
-3825 -2112
-831 -964
-2764 574
948 2614
4235 -34
3539 4090
3347 -4255
2952 3680
3476 1406
-1757 3158
-2567 -1495
1867 1884
181 -2947
609 4251
-3529 -362
-142 -1333
-3259 3404
-4602 -4207
1578 -416
-1879 -309
-624 2351
2848 -1558
4386 4410
3309 1769
-2295 3136
-1124 -3640
-2297 1386
2442 1816
-2986 -2038
3717 -3090
671 -3767
604 367
3135 -909
3196 3511
-2781 -3940
349 323
1317 -4128
-636 2831
-3451 3977
885 -1229
2457 1359
-782 -2231
1936 -2801
1109 -4198
-4103 3214
-4347 3116
-2692 -1639
4444 -1606
3556 -611
-4552 2544
3217 -2988
1058 -2829
-3584 3992
-1205 3997
2580 4338
1623 1397
-126 4
2814 9
2346 2599
-2868 600
-386 -402
-3088 2535
-177 -4338
2964 -4111
1551 193
1293 -3552
-2414 1160
-1818 -3702
-1921 -1580
-3894 -1145
3814 -1345
1567 -882
2850 -2837
4332 100
4364 -795
-2059 3533
1850 3659
305 4206
1794 -2006
-2199 -3076
-415 2910
-2048 -3326
-1261 1772
1331 -1092
-508 1188
3615 2036
587 4542
-3836 -3681
4052 1908
3253 391
439 -1885
1968 2774
-420 4006
-4484 4403
-203 2692
897 -3839
3140 3997
470 -720
649 371
-3614 460
201 -2735
1914 -942
2042 -1775
-254 2356
3623 983
280 3774
-1361 3726
3334 4018
3046 -3486
-1259 2440
-2525 -3500
-557 -2331
173 2141
-1502 -4454
2612 -1465
3542 4337
3478 -3680
994 2653
2000 -2245
4506 -3478
-3516 958
2242 -263
3606 4055
-389 -1755
-1357 1211
-4479 1825
-2245 3422
-3249 -3284
1159 -1458
3960 4158
-456 -2931
-3335 -1082
4486 1633
1817 1412
3034 65
2042 -902
3019 -1427
2378 2034
4252 -378
-4260 -2242
-3915 -87
-507 -4581
-1699 520
-4056 1735
-414 1900
-2509 278
4132 4549
-2646 3182
-3029 2159
1186 242
3915 4005
-2119 -3247
3792 -3488
-1345 -2333
-1084 3263
3347 -4352
-1046 68
3878 -2888
2901 -3301
-1912 2500
-1540 642
2703 3031
1898 -401
-2721 -3970
630 -4501
-561 3109
478 4119
1545 56
-754 3085
2154 1139
-519 2322
3163 -1440
275 -1088
-597 -3668
-790 3383
-2871 2750
-2349 2769
3318 2885
-2976 4248
1081 1169
3192 3049
-627 4418
-2095 -29
2258 -1861
-534 3262
624 -2336
933 1331
-2944 -2431
-2233 1636
-2635 -199
-3181 -4610
2197 4444
-329 -3372
-4209 -1118
-1065 -3305
3590 141
1117 912
-1438 -3399
-778 167
3380 -2915
-2248 2399
-3112 1228
3648 -881
2893 1506
4585 2805
805 -3881
-1700 1649
2738 1064
1688 1504
3142 -1904
-2732 -653
407 2673
-600 -1467
-2977 -2319
-1964 3124
3849 3521
580 4577
500 3207
-4300 -1660
3917 722
-3789 3249
-2405 -3421
4545 -1534
-1612 -3683
4363 -1419
4063 1187
247 -2693
2740 -2774
430 -1879
4035 192
-4450 -3192
-4453 -346
649 2003
-1715 -1217
990 -4413
-12 -1273
-2639 1387
-2243 570
-440 -2525
1215 2500
1502 1536
-4469 -327
282 2614
-2519 -534
4191 1507
-4537 1551
-546 3243
294 -1563
4070 1383
-3537 -1544
-1711 2320
-3085 796
3318 -409
254 -1770
-4420 -463
2575 3112
-2772 -3668
-1991 346
-2776 2423
3656 3130
3107 -1
-420 2101
2866 -3966
-1312 -360
2891 3704
-2741 783
-3037 -3915
2941 -2394
-1521 -1934
3994 -3920
-3846 -3606
-634 2596
2692 521
292 -1511
744 -735
-3811 3101
-1087 -1593
4053 930
-1192 3673
4291 1778
-153 -1198
4455 -1882
-1537 911
2604 4059
-1591 3457
52 211
-568 1816
3748 1363
-3258 2599
-1517 2028
-2092 3935
-3046 246
-355 -3798
-1229 -1528
2349 -63
-3879 210
-1449 2272
-1438 -695
-4145 3624
-3478 2926
28 -2333
2518 3601
862 -1420
-1129 -3380
1717 761
-1437 -2541
-3832 -3783
2945 2608
-3808 3009
-2873 -2938
980 -766
3999 549
-1981 3215
-3326 -3566
-3723 -2898
4179 -1415
1784 601
-275 -17
-4462 4218
557 -327
2783 -2607
4357 -4069
3439 1105
622 -900
1983 -3787
-1196 -3236
-1909 1808
-3375 -2532
4535 1118
-3338 2363
-2076 613
4563 1944
4132 2583
-657 -3911
-2015 -3294
1911 -2729
2522 4181
-103 -763
4563 17
697 -1613
2150 -1820
1439 -1266
794 2870
-3550 603
-546 -2359
-3380 -1237
1304 3171
-2741 1062
148 -1797
-389 304
930 -2122
-233 -3997
-932 -4397
-893 -527
190 -4335
1314 -2861
792 -707
3609 3702
-2456 2189
-482 3661
359 3435
2783 1244
-2792 -3127
3470 3948
4277 -3178
2540 2511
1487 509
-1226 -107
2707 -3035
952 2260
-255 -415
-53 -2965
-3771 613
-2384 3132
2431 2872
-2306 2205
-3116 41
1066 1946
-2100 4002
186 2238
4286 3741
-609 2361
-2542 4234
2611 4296
-3023 -3093
546 4266
2880 -1055
-1801 -4152
-4544 556
-2019 -958
-15 -1862
204 1128
-1912 3841
4424 3025
942 2794
3616 -2540
-4411 -2355
-1543 -648
1398 -2322
3110 4260
-2871 -139
599 -2370
-4327 -2124
1660 931
636 903
338 3404
1380 -1128
-3233 539
-4467 -3858
-2750 3613
-79 2999
4338 4226
4103 -2305
-1241 3397
-1236 -2801
1410 2752
-2642 -4219
2490 3124
2400 -726
-259 -3335
1427 -199
-1444 -549
992 -2563
-2196 4386
2470 -3959
-343 -3931
-4012 -341
1733 893
-1446 2653
-2724 1602
-3998 535
-3022 -22
-715 -763
-4093 371
1949 -3699
-1947 2814
837 -1503
-3237 -697
-3563 -1885
1049 3988
3288 1332
-4086 -2523
-4375 -3330
1113 1482
-1399 -628
-913 -4325
-3888 -3096
1308 -2586
2808 173
4301 3376
-4084 640
2802 -2265
-3237 -3505
1998 2656
1275 436
-3218 2818
3195 -148
-2709 -4277
-4038 -81
-4523 1313
2463 2537
49 816
-4350 -4179
3064 -4299
4277 -773
4505 75
-984 -3073
2339 -4107
2320 -4494
-1164 3079
2859 -2451
1167 -4237
-4494 -2766
510 3007
-2954 3694
4339 -4330
-1098 -1200
-3334 -2763
-2177 -543
3868 -1847
1589 4369
-3140 -3706
-4233 -2646
-1237 4601
1744 2355
4432 -498
1804 1250
-3532 -1108
-4059 -3562
-2410 2061
-1683 -1093
-1021 -411
-1200 -3409
-217 2043
-2464 -1027
-1642 -2888
4524 938
-4343 3262
2967 -248
-378 -34
-2850 -3392
3989 -3940
-59 -3050
-175 -3346
3478 1033
3111 -4198
1256 2367
1491 -3163
-776 -1477
-2452 -4626
4395 -3660
776 4565
4111 83
3369 -3643
-3429 3535
605 -4586
3297 957
3364 -4211
3625 -2537
-222 2664
-2924 -30
3541 -2240
3763 1820
3671 4477
4133 -1804
290 4602
4286 1743
-2698 -2753
4547 -2820
-2017 -1198
-1985 -607
2255 -2652
4041 -2815
-2444 1370
-503 1209
2663 706
-362 -3462
-159 263
2774 -1281
-3543 -2031
1855 1150
-2387 -331
3634 4389
327 394
-860 -2198
-1504 -4085
817 -3605
2813 3885
2904 3034
-1322 -3378
-4601 -3165
4574 -4179
1706 2047
-263 -1777
3142 1384
1105 249
-1121 275
754 -3379
-2942 -2987
-2828 4542
-2047 -179
2663 180
-529 -945
-2690 -4038
3705 -2002
4089 1795
-2971 -3507
692 -2826
-1129 -408
-3864 1526
1380 -2581
-519 -3800
3063 -4503
-4429 -3603
-2248 -3852
4433 2438
-538 2492
-763 4363
4569 -2625
-736 3138
4195 2501
-3776 -1368
-4230 -861
3368 -1555
50 -1286
4275 -2366
3942 2833
1347 3612
-3252 -4456
-521 4069
196 2520
-3689 -3972
668 -4366
4489 -3677
1153 1544
-3731 -3032
4542 -2921
908 -674
1649 2593
3706 2569
-4295 4233
-3779 1001
3104 -4449
-253 818
-2125 -2290
-2774 -3775
3844 -1557
-261 3140
-237 -3940
-2922 -4451
4459 666
381 1510
-391 -1708
-2118 2027
-1482 1197
4141 3436
-1353 3800
1417 -1118
-3023 -96
-1611 -1955
-3634 -4301
2817 -1647
-1159 -3532
-1331 -4557
-1864 -2315
-475 3041
-2445 -4307
933 -1639
-1486 4490
4629 3359
-3735 -2896
-3063 -826
-1210 3462
-2730 2485
-3339 3585
-4039 -2929
2622 2515
4283 3219
-4048 4299
-4124 -2773
-3328 3849
-1206 -3151
3747 -2903
3044 424
4376 281
1397 2891
-3847 -2839
4094 2630
3274 -2077
915 96
1508 -265
-522 1813
-3021 3532
1049 -917
-3681 581
-3006 479
991 -4326
374 -3001
1595 -2883
3374 1653
886 -2924
1403 -2135
2716 1232
-1504 -3123
-2127 -1592
-751 4540
-1089 4097
2230 4078
2639 150
3838 3542
1758 836
-1873 229
-3462 -753
-590 -2317
873 -3051
2064 -2352
628 -2443
3291 1492
-4424 1983
1288 667
-2397 -932
291 -1221
-3457 2615
1786 2223
-3531 -1190
3095 -3564
1936 -808
1401 -3866
-4153 -3783
213 -1132
3796 3259
-4004 2456
-1329 3576
-17 -226
1316 3888
-2582 -613
110 -3021
908 1705
1678 -1469
-4471 -1847
-1152 -284
3583 -4617
-3501 86
-4542 3019
98 -35
4395 -2206
1026 108
897 819
4507 1466
2622 1993
-2641 -1871
1695 -3196
-3383 -2844
-3983 -3050
-4250 4600
-2287 -229
-2285 2940
-3958 4027
-2257 19
-1472 -1548
-4538 2814
1241 -3805
-625 -902
-649 2664
-2202 210
-4578 2105
3257 1273
-1739 -2515
637 -1172
445 738
-3154 -617
2775 3683
-240 -127
769 -3906
3410 56
-3653 3026
1244 -3480
-2879 -4467
-2734 2352
-2827 -832
-657 -2964
-3697 4083
-3686 -3980
-2464 611
909 -3413
1285 3279
-1050 -4294
-464 3310
-4493 3764
-122 1465
4014 -4188
307 1374
-3045 482
2752 442
-766 -1020
-3567 -4467
-2487 -2377
3704 -4609
3607 2326
-220 -3519
437 1436
-1239 -4121
-1052 854
-1600 1852
-365 -2577
-2952 -3488
-1253 4284
3796 -263
-4285 4200
-3739 923
2459 554
-2839 -2764
926 2708
-454 -2824
3490 2852
-1635 -1149
4035 -1048
1698 -659
521 3492
4071 -3483
-4071 -3975
1241 2159
-3883 -4501
-2228 -3562
2180 -1123
-1965 -362
-4021 4340
-785 -3525
2327 2984
-2598 3343
-1940 -1868
-1110 3790
-4486 -3828
202 3863
-1674 4503
-993 -603
3784 4399
-2772 1068
-794 3591
-2575 1880
-3611 888
2889 -251
-981 970
1213 -3892
-2053 3320
549 3857
-3161 -73
3905 2885
-1368 -482
-2932 3001
3895 -3365
-3032 -273
3188 2706
887 1383
-390 4280
-3185 -4600
-1609 -1841
1496 2408
-1061 -4525
3299 -1660
8 1618
-2118 -3114
2769 501
-2955 905
3781 2246
2968 -3699
86 2912
1418 8
-2459 -2841
-2003 4547
4073 -4613
-732 480
-2329 -4608
311 81
2221 247
-4043 -738
-1175 -1258
3050 -1845
-3209 2094
3584 4287
2215 -4442
3505 -711
1926 770
-3027 -2647
-3562 4266
2766 -2150
-4149 1207
3371 -3637
-1191 -1015
2680 -3871
100 4161
-1031 -1538
-4024 4137
-3803 -1752
2340 -1480
2366 -4278
4499 -3905
3278 -394
3369 -2254
-351 -4437
2947 3983
-2059 -1096
-787 4308
214 244
-1797 810
-2300 -3722
-1159 -785
-772 -4364
17 -2068
-4050 803
228 1787
-2476 3640
2207 -2229
-1162 -3480
896 230
-856 -3705
-3617 -1299
-3261 -2727
-1183 -2885
1926 -1190
-2502 3588
-779 -3368
3786 -213
3688 -1252
-3200 -1554
4481 -1090
3129 892
2728 182
-3467 -1086
-2798 -329
-4172 3948
-2867 2272
1495 423
-879 -3911
-4409 1805
-3658 -3633
3979 724
-3534 2665
-4295 -2924
276 690
-607 -1012
3125 3185
734 600
-3845 3451
-3489 -107
-1285 3567
2720 -1767
508 -2334
-4459 -472
3304 641
1184 -2885
-3966 1434
594 -4183
-2902 687
3523 -1056
2642 4520
-48 2552
-1036 539
-161 -253
-744 -839
-3042 531
-4234 2912
-421 -793
-4176 3608
-3686 659
2317 -1943
-41 469
393 2165
3069 -1334
-1315 2600
882 1279
-970 431
-2168 1816
-2435 3266
-1826 -2209
403 -4022
-1965 -871
4030 -3217
-838 -3368
4517 -447
-938 -4194
-3007 -3316
1416 -2395
1920 -3188
1537 -1801
4538 4325
-1131 1783
-2069 -1181
-2166 3387
1148 -396
2700 -3546
1860 -1545
-4233 706
2584 -1814
-2918 4086
-4590 3304
3508 -4590
-569 -4597
-513 -3941
4097 -73
-1643 -912
-4257 -1164
-3702 -2321
-1711 3893
1664 2939
-2426 -2031
2416 1666
1223 2534
-1004 982
-2749 -4432
-1480 -1464
2073 -3392
-533 -3656
-4432 1799
-2176 578
-1954 2201
1203 -167
-4538 3311
3655 -2277
-827 -2930
-932 4270
-3209 2525
-3190 486
1324 1252
692 -314
1588 -602
3039 3787
-4570 -2097
-4229 2480
-1814 367
-4392 2666
735 -1824
708 1162
798 3396
457 -4215
-3250 1769
-3596 2668
-4484 -1095
524 2990
749 240
1561 961
-844 -171
-357 4580
-1577 -506
-1144 -2851
3615 1031
2636 1459
242 969
-3847 4273
-2314 -3143
1731 -62
-3236 -3141
-2852 -2970
-1686 2859
4359 -3933
-3458 -1450
3021 -1307
2756 -3519
-4043 4079
-3517 -1784
1113 2998
-3916 992
-3928 -1832
3121 -4466
2376 -1474
-3213 -2853
-3423 -1326
-2271 -3381
1004 -3847
-3228 -3117
-967 3215
-3101 -3627
2512 -1408
410 2391
3679 -812
3360 3106
-1413 -315
2023 684
-740 -4181
-1584 927
597 3810
-1040 -2728
1605 1161
4301 -2289
-4351 1874
1075 3717
1580 360
3574 3043
3973 -4011
385 -2241
977 3133
-3481 1791
-1670 -4604
1520 1561
-1431 -1562
-664 2767
-3709 2383
2014 -4392
2738 94
354 542
-2880 2829
-3372 -245
483 4581
4275 3430
1610 1236
1610 -3204
-2722 -3261
556 -1740
-2715 -3076
719 -1080
2414 4344
-3690 1716
-4399 1247
3790 -3449
-552 -2921
298 -981
-1011 2709
-610 -1299
1165 -1584
-4230 -3030
-1046 -1373
2292 -471
-685 -4371
-2288 -239
-2712 -3279
-3521 -970
-369 2887
2242 -765
-2391 4437
-115 1099
1854 4602
2775 474
1966 -1853
2550 2759
3308 -4375
4050 -1421
1196 -2532
4025 2890
3384 -3868
-4509 -2353
-876 2705
-1638 1579
2538 105
193 -4272
-478 -4560
2312 3890
-1318 -4294
4073 1049
515 -3809
1965 -3682
762 -3986
103 -2448
-3488 3584
-1142 4398
3 3750
1076 2891
-2608 -1672
2116 -4406
4207 1835
-3958 1315
1593 -3761
2493 121
-1194 -1441
2702 335
1336 4096
-193 2006
-1438 4281
1666 2437
-2306 -3896
-2171 290
-477 1327
1143 3053
-1174 656
-1718 3699
-3697 1629
-2467 -3430
-1558 -4356
1329 -4416
695 137
773 -4232
-629 1057
-63 -1077
-1283 -1079
3667 -2589
-2919 329
3661 -3630
1144 3609
3840 -3559
869 -1272
4493 2993
1103 -99
4237 -1662
3651 -1202
-1208 -3131
2393 -1868
-3303 -4337
1935 739
-3815 -1718
-569 -3557
4267 3315
1746 -4177
-775 -1400
1890 -3898
897 -2308
-881 -496
-458 1588
-4229 -1343
-2486 -2401
-1997 -366
443 2611
2147 3157
2324 -769
-4148 -210
744 3097
-3692 -2691
116 -3454
4512 1857
3906 3653
2324 713
-2185 -3840
-566 -1834
1554 -2493
-3241 -4324
-2706 2566
-4057 -3270
-3762 -2407
-974 -1988
-2435 4504
-391 1802
2386 1356
993 3071
2954 -973
-1829 1922
1549 4174
4157 -3855
4574 4530
-4017 4271
-138 -1455
-2170 742
-3475 -1782
-3279 -1297
984 -713
620 -551
-3342 -3987
-4579 -1989
3598 2623
-3200 -3171
-1877 4002
-2449 -4561
-4612 1497
-2587 -1216
-1699 2909
4103 -1988
3037 -3322
1620 -563
-507 -1858
-1486 2914
2089 3634
1355 2729
-3487 3167
-3366 -2417
-3029 3992
2305 -3519
-49 -1182
-4281 1606
3219 -451
322 -234
-1683 -1145
-2219 -2429
-2051 3908
392
1003 1566
1259 156
1212 -306
-515 -544
241 535
-1299 1088
1496 -750
-458 -348
824 449
311 -646
-81 -1484
-1003 6
-1007 -1643
642 -1690
-824 1424
-1594 -1635
917 -1117
-1554 845
-449 -126
984 -986
1245 1165
-966 -1407
-1380 -886
-845 -669
1688 -1334
1291 1185
1339 -852
543 -1609
-676 25
-952 -362
506 -844
1330 1544
-489 950
1044 1273
156 1237
-969 -525
-1551 436
39 -251
1543 -119
1436 -206
166 -670
-656 -1106
-324 1072
-1121 554
-530 1317
-1107 1580
581 -914
739 -1511
-104 -1274
717 -1643
-122 -1047
-1173 -423
-1636 -109
-896 949
104 -113
286 -573
384 -595
-80 -640
-124 778
-1223 -1340
-25 478
1500 661
-954 415
-387 946
718 1081
627 1405
-327 -1668
-773 1121
974 -49
1452 -1315
1406 1660
-1026 -521
725 -298
-66 772
1214 774
476 -651
-1477 961
92 47
307 1383
-569 -381
-316 186
-537 -730
931 -384
265 949
1421 -711
-1130 -288
95 -1042
280 -187
-849 -1662
97 -1687
-183 1168
217 987
1452 -1652
1200 1262
1699 -1463
1034 1582
425 483
748 -101
-1105 1625
-298 -1419
131 -1125
1131 1593
1711 721
936 1275
1197 1647
-749 241
-1550 849
12 -1327
-674 266
254 1451
-1128 1615
-493 -1630
-687 -164
-1120 -379
-1709 -120
482 -808
1168 1322
-1555 -1010
1079 106
-1675 81
-767 -266
368 -1388
270 -759
-1587 -693
-1327 -1023
-1512 -641
-1051 -62
507 1104
1206 -1496
-1435 -1064
239 -497
263 -1438
-1527 -647
-426 -1568
744 341
-439 -741
-895 995
-795 -1550
826 -222
-628 -917
1421 -1050
1020 410
-1066 993
-123 1357
-1506 978
-970 1181
860 -988
-1528 323
-1628 936
643 -1158
1233 13
115 163
495 -1304
1424 -1616
1631 1273
260 441
290 -1545
-155 -825
-204 -1612
391 -851
-611 1280
1678 -617
914 -656
1139 -1632
652 346
-1219 -995
205 -1081
932 600
1175 -374
1494 64
-1592 -221
-674 -26
-1483 1219
-1678 471
-571 1455
-95 -620
303 975
-835 960
-346 247
-1539 491
771 0
-115 373
16 -790
101 -1158
-647 -932
-776 380
-896 886
1686 1674
-924 -1427
1204 -635
-1436 1173
1513 -230
-398 1292
-1310 -585
-531 -1434
483 -752
1611 -1543
1017 -1045
-62 -1668
701 836
701 154
70 263
-223 925
214 -119
1602 -955
112 1077
-5 -426
283 1042
1085 1052
634 853
-1594 -690
-1121 235
657 -1566
-483 -38
-176 -999
1661 532
-1522 -1415
-153 1224
-1477 1400
603 -406
-443 1036
170 -136
1221 1114
-1303 1016
1001 1288
-365 1236
-1498 1133
555 691
-79 -1472
480 -946
-577 -396
89 -316
-1132 22
-503 -1430
1469 273
1346 1059
-1692 983
-1106 -187
-381 689
-1267 -666
-1098 -195
-828 1085
-1350 1675
-201 1203
72 626
-113 374
58 -458
-1561 -1077
702 -1066
-493 900
595 1683
671 1172
1437 -651
1138 -624
1384 213
-1394 -209
-1215 1611
611 -1417
-69 -605
1118 -606
-1331 -1504
-1636 1111
-1395 -1528
1087 895
-1592 718
-106 -1030
1053 518
934 -1246
-999 -771
-1341 -742
-107 1696
488 905
-1689 -1673
676 -932
250 -1703
-242 -1314
1178 -1291
1119 -1027
-465 -735
-1391 56
-1073 -1575
488 -137
-1412 543
-649 1101
901 1275
782 1218
865 -360
-1103 1396
582 -610
1059 1665
94 -1303
1033 -311
-920 668
375 613
-1618 699
1229 -20
275 1117
-1333 -1248
1340 1271
1263 -1435
491 1274
528 1297
-431 -676
-1042 -1335
-989 -97
714 -1027
-652 1089
443 -347
-298 372
-1203 1420
400 -775
-1227 -1554
1451 -213
516 -1089
1266 -1222
1353 233
-1473 1165
771 1373
140 316
1547 1084
1316 -1235
-1527 1353
1397 1555
-492 1557
-934 918
125 -912
686 -493
1662 -1476
1314 -1150
604 -338
-955 -1482
-659 1541
-1301 -853
1271 -484
-1435 1012
-586 133
-305 756
1047 -685
90 193
-744 -684
202 1102
1362 532
936 -311
374 826
-776 173
-911 -1030
576 984
597 -463
1595 1335
1193 -1161
-828 589
-1561 -385
-1246 -875
-413 -1618
1234 -1076
-1306 1455
-456 713
1631 -749
1280 -1098
-915 -399
620 -63
1392 -505
-1556 -960
1519 -1689
1163 -1278
270 165
-1462 1512
482 -708
1407 529
171 -1331
-293 618
-1582 1669
-1514 -872
-698 1008
71 -1454
1639 1435
-1383 1378
-36 295
432 1480
1182 -1424
325 -1067
163 -191
-845 999
-1013 1266
1712 995
377 -624
-626 -247
-1244 47
315 -1094
-1557 997
-886 313
73 856
660
-499 -868
-639 -1325
-1705 2179
-1224 300
1570 -2429
-1088 -1
-1907 -2461
304 -1027
833 1413
662 -2050
1029 1909
664 -1745
2240 -1197
-304 -2092
-1512 -2439
188 2271
2377 1885
-1903 -1669
-2227 -2141
2511 -2228
-2193 630
2122 -2320
590 977
1865 1055
535 592
-2412 1124
-2485 -355
-418 837
1139 958
-367 -382
-909 1725
-1988 -1059
2434 696
-2118 -2247
-2008 1666
1093 2244
134 -2241
923 -1773
-406 1548
-1914 1243
1895 599
279 -2054
-1980 -210
1372 1497
2154 -1142
-458 -1760
-1411 -2153
-678 -906
-1061 1295
-1766 1900
-1408 -1498
157 437
2158 -1474
2103 -1391
-1895 387
86 1915
1991 -2012
333 1360
1473 -1988
1683 -610
-951 -327
-739 438
-404 1581
-38 2286
-2446 336
-1276 1432
-2270 577
171 -407
-1012 -1453
-890 -163
2309 1771
454 -2420
-1335 473
-57 712
-424 -987
250 958
1839 1233
29 1877
968 -1464
2171 2350
-2507 2234
-336 538
1165 -433
-1668 -1443
244 410
-64 67
-880 648
-1299 -994
-338 941
546 180
2192 1395
934 275
1742 276
786 1868
-1293 -1217
-1715 60
-1855 -1487
-1155 273
329 141
1540 -1636
-1311 -817
1597 -1732
-2127 -2035
796 1961
-1035 1156
-1296 -1196
1770 2070
338 399
264 444
1708 -105
-753 1820
-1142 2469
1553 -1923
1077 1058
895 599
-1026 352
-1419 -993
-1823 1935
-1347 2207
814 505
1576 -2286
1942 -833
-2512 1931
-2093 -1440
1914 -1836
-1593 -2045
-1869 916
2395 792
-1069 162
2431 -552
-83 1981
1643 -2348
-658 -996
1708 1293
-1530 2249
1448 -386
701 -909
2113 541
765 2118
-431 -2437
-1677 -1559
-377 439
659 818
406 2079
-315 -1312
-2301 1372
2257 1526
-1614 -1776
-2435 -1236
-1902 -1303
-509 -1431
318 503
-2227 732
-829 -313
-79 907
1463 560
233 -931
384 -2028
-2412 1807
-873 -2251
164 -316
-199 1289
-865 -481
2468 1991
-62 1490
-1841 1603
-2307 -2471
703 -2030
-2088 -1637
1434 -2248
-356 721
-799 1567
-1490 -2318
-1814 -2455
501 1859
-2371 705
819 -1159
-1031 847
2277 -1505
-460 1503
2108 -1394
-1165 -884
-47 -2283
-989 418
-1126 -1590
2280 1140
-453 2205
-1572 2504
1447 -278
1006 -1509
-558 -887
-1427 961
36 -965
1063 2351
1149 -1940
1927 1766
-471 2313
2226 -553
1744 2098
-705 -1354
-1994 -2300
-2173 -164
1925 1282
-764 1483
1027 -2197
-10 -915
-252 -1106
1939 -405
-2031 434
927 916
1495 715
-520 -2339
1475 1885
-2216 1553
2073 1224
1583 471
2453 1661
1449 2432
1230 -707
1052 -977
452 2272
-1593 -1965
310 338
-519 2393
-793 -2290
2017 -2142
-2399 -1193
-664 -1996
-1941 788
2014 -151
1265 851
2466 -1270
1767 -578
-992 -1149
-1697 -1886
621 -574
2260 -630
-2091 2402
1700 2008
-2286 -1739
1178 -173
69 1838
-135 -1802
1006 -2513
1165 2376
1882 47
-970 2318
2301 -1375
-340 -1615
-270 1121
-1641 633
-1646 -326
296 -1809
-632 -2167
1562 1978
2260 -1756
-846 -1586
1231 1540
-942 1489
-1489 -350
-2204 -1989
1573 -860
-126 -2250
1923 325
1384 1504
549 -2366
-810 653
1863 -779
-2008 1088
897 -808
1505 577
-309 -1310
-1426 37
2420 943
40 -1613
403 -2507
1613 -708
1367 -2509
785 802
73 -1658
-2194 -1519
-616 1707
944 1835
-542 2265
-2076 -150
-138 -1568
675 1476
2468 -2417
-1576 2102
-1226 1575
480 1385
-2451 1616
-248 -1192
1457 -659
757 -1193
-202 0
-1981 -2394
866 1236
-1894 -2062
916 755
-1841 -1140
620 -363
547 -828
-1481 -1941
2330 -2256
-2286 2396
1777 -745
-1787 -958
-999 -2255
1501 -127
1432 1385
1423 2166
59 474
2373 -41
-393 1631
-296 456
-1358 2242
1396 -1331
242 1768
1455 2057
424 2395
-596 -73
-2209 -1235
-2436 -1079
-1988 133
1149 1796
-251 2440
51 2158
-1358 -370
-904 -2289
1556 -1178
-2276 486
-423 1028
-1544 883
-786 -1242
400 -829
2316 2300
-1619 -1712
802 -702
-1482 -1440
-2344 1862
1031 1649
-515 215
2431 287
1403 -1332
823 701
487 1542
332 -2075
-792 2422
-1042 -904
1978 -117
2507 1519
240 -467
51 -630
-2021 -1721
746 1726
-1370 1294
-1763 -1512
598 -689
-402 -1244
-401 -991
-1174 1611
1566 -1767
-1527 -909
1311 -79
-1240 1154
-2014 -1401
-1008 -1597
-1235 -620
1883 585
2137 -2153
-2479 2244
838 -384
261 1006
-1654 -1093
1149 1967
-594 -2026
2393 1525
-748 240
2394 2383
-367 1195
2064 -1711
-2301 1865
2286 -1919
983 431
398 -71
2256 1531
1350 -1134
1540 920
1517 -326
656 1420
444 -166
2068 -702
2435 -2195
1154 1098
1860 -679
1047 -474
-244 1355
2336 226
-362 -2365
-1774 -456
2486 -1725
2093 -2329
862 1457
-2029 2035
-2445 288
2069 1106
270 2214
-1839 -2287
6 -2138
1250 -263
-1069 -1108
-1307 -863
-2114 -1065
2061 1578
1151 1771
-1467 978
1617 -785
-2461 -630
1204 -1065
1705 -2261
-1787 2425
-672 -936
191 -717
-1712 -937
2113 -2027
162 1617
-486 1806
-2249 332
-768 -674
-1942 -2200
-2214 -1286
354 1630
633 -1232
2210 -1235
-1971 2256
1588 -1522
-519 -2388
-1331 -2457
-2064 497
2182 -1248
-696 -1644
-655 -1744
833 973
-492 -1981
100 2358
-1100 1565
-2454 -1336
-617 -1778
1548 1286
-1258 -316
-1372 334
-591 2015
785 -1234
628 1179
933 -784
2127 1405
-2157 1003
-1460 -2252
697 -922
-123 -1965
1713 75
1458 112
-312 -2063
96 1051
-1280 -2254
-180 402
42 -120
1731 -1782
-136 -1746
810 163
-2191 -636
2023 1484
503 -1139
882 -1503
-2346 1158
1223 -798
758 1307
-1212 -165
-765 -1980
-2313 466
-925 111
-2329 424
1278 -1990
-1832 1747
-27 -1091
-2014 1157
1836 -911
1257 -193
-30 1866
-1245 -559
-385 63
2271 2374
-1895 -55
-1425 1452
200 -285
1994 -58
743 781
-677 1378
-1479 883
-2450 182
2350 1790
-1016 1426
1076 678
999 -919
-1079 -1869
-1877 -2442
337 -390
2508 -586
225 2278
1074 -1413
527 -1075
1967 1603
2022 -599
609 2351
2350 -2091
1718 -1953
-234 2117
1324 -555
1806 -1243
-1317 -506
440 803
-2477 -340
-2253 443
-852 1554
-202 -1368
-1971 1237
-345 -2243
-116 2445
1551 -2398
675 2384
2170 -1474
1720 -45
-2319 -1569
-465 -2176
1109 -1988
-982 -1758
-913 1374
-1830 -1855
-1510 2301
56 106
2224 267
-336 -2190
2072 149
-851 -1103
745 -395
-1837 677
237 -2337
963 -859
-2049 155
-1784 1607
-1994 -267
1019 2082
1710 -1395
356 1535
-755 634
1184 1158
-22 1390
1616 286
-597 -301
-240 -1779
-210 865
2393 -2015
-1494 -88
736 1821
-1613 -75
-2081 -1152
2400 -1070
104 -264
-1894 -1909
210 866
-1943 2305
1524 1159
1766 -399
-1408 2224
-68 2020
1999 727
1493 -294
-2137 469
-454 -1314
-1820 1339
-1105 2258
-1583 -1375
-2332 -324
-345 -1158
1581 -1595
575 919
441 -1367
-580 -1341
1795 -2371
60 -220
2406 -2096
391 -251
-998 -2059
-1689 -640
1888 1990
1932 591
2470 -1962
1385 -1558
1917 219
-239 1695
1252 2018
-2073 -1422
-1266 -136
-501 2256
2097 825
-1992 992
2130 1463
-1372 29
-2371 -2190
1689 -560
912 -1897
191 -1907
1788 1896
-2029 1640
-2295 1631
453 2099
-672 -1701
2126 251
1527 -284
90 437
988 981
2161 1074
-957 325
-686 -1090
-2499 1823
-2249 883
-745 656
288 -122
2049 -2184
1908 -1205
352 -1664
1061 -1518
-2053 2043
513 41
273 2014
2189 1002
-916 -2118
-1506 -1393
1725 94
832 369
-2068 -833
2271 -2003
-347 241
1734 1520
-759 2062
1266 1535
-825 -2446
-1897 2097
-2010 1698
-201 549
1060 2474
1539 115
1917 1563
2164 -2446
1406 -190
1827 460
2189 -333
-1080 783
-639 1625
1578
2419 -295
-247 -3688
1713 -4487
-1180 -3480
4008 990
-2780 -2280
-2630 -3872
1722 -488
-4680 5529
-2387 -4292
-1585 -3639
1602 -3162
-373 -1985
-4000 -5247
1458 1459
5296 2789
2235 2503
-4165 -2833
30 -4765
3065 1768
-2459 -4713
80 3964
-2740 4621
-4670 2146
-4144 4438
813 -337
-3769 -947
4594 686
-4412 -4018
-4870 149
2492 -2135
184 812
2246 -409
-1943 -2235
2635 -2293
2559 1299
3770 2988
-543 -884
338 2801
775 -1224
3943 -2382
287 1281
4484 4000
2418 -4669
2139 1382
-2007 5010
1628 -3836
-4554 1078
-5997 4402
-4316 -4964
-5743 3115
4463 -4480
397 -2186
5597 2265
4718 -1144
-502 694
-5221 -2481
859 -4304
-2743 4397
395 5306
2237 -4561
3819 -198
-5224 -4038
1313 4093
5376 3070
-968 5544
-5063 4329
-1186 4403
-5284 5098
3989 1657
-5290 -4226
4086 -4806
-5192 -3737
-4806 3392
-925 1645
3421 -1363
-3554 4245
-3155 -2670
-4947 5543
5305 -989
2098 3763
4317 -5589
-3265 -4021
5109 -844
-3709 -3814
1313 -805
2463 -1961
-5992 -5953
-4425 1808
-106 548
3634 -5943
5711 -4844
47 -203
1286 -1421
-4112 5870
4949 1179
-3003 -5066
5508 -4185
3157 3215
-4963 4076
-3540 5388
4819 1813
2354 3019
3283 -1027
-4276 -4673
2605 -360
-3361 -2018
2877 -410
2323 -3719
2882 -5603
1189 5599
4953 -2967
-1859 -5473
-1223 -3307
4863 -3991
-2823 1446
-5389 -466
578 3585
-2366 2467
3702 2988
4108 -4747
187 5753
1326 -4280
-1504 -163
-480 -5713
4774 -2647
2054 -2606
-704 -3811
1327 -5172
-4699 555
-5460 397
-2930 -4876
175 4352
-3352 -5111
205 -2609
-5968 2212
-3774 -3209
-2424 -202
-2739 -3375
-5184 4243
2062 3856
-4290 -5613
1520 720
-1456 2973
-1120 1431
-820 -5546
2598 5139
-1729 5679
5759 -1903
-3574 -5405
5037 5833
1020 1575
-1112 3463
4254 -4771
2977 848
139 2912
-4129 -1802
2306 2107
3512 -5378
-5022 -2847
-272 -4819
3984 1847
5507 -3395
4691 5441
-448 -5335
-4299 -598
3851 -2496
-5901 488
-116 845
921 2089
1995 1232
2676 4246
-3090 1505
942 313
2887 1742
-1527 -409
261 4679
151 -1987
3675 1967
-1401 -5649
-2823 -4431
1371 4524
4918 -5647
-1563 -256
1134 143
-5339 -2183
5362 5452
5477 -5685
-2520 5064
-4304 4991
5801 -4409
3078 5772
1500 -433
1019 -1529
-4493 2002
-3071 -2839
-4173 3061
-3724 5678
-724 -602
4835 -2723
4175 4183
-5206 -2562
2710 5425
3668 2554
3167 -3521
-4082 3684
-5442 -4096
2162 5622
-3929 -4628
-4236 6023
-2339 896
-324 5764
-1894 1323
-3658 -1857
-4581 4376
2941 5170
-1268 -538
-2950 59
-1043 -2539
-2606 -1955
-257 -6002
4794 -4684
-4153 1284
2956 3449
-1691 3889
1747 1274
-2272 1903
-608 1097
3302 3770
-5339 2112
-2168 -2676
-3148 -1107
3799 -1669
-3471 -3291
-3256 4331
1740 3547
-754 1896
1004 -118
-4969 -1336
3751 -530
-1562 -1907
-5152 -4271
3974 -4330
4148 2764
-2896 -5852
-5289 -4412
-2620 -3115
-2714 4191
2340 5484
2041 5761
352 2548
-3678 3119
-5579 -1711
5644 -2845
-4962 -2432
-3386 -1052
-3900 397
-4324 -4481
3366 3888
4744 -1215
4773 1085
-5928 -5647
3536 640
520 -3360
-4003 -893
2832 3775
2798 5400
4714 -3764
1855 2993
4408 3598
-1694 -1182
-3078 -5783
3714 -2070
1459 -5967
1999 1383
-833 -3025
-5955 2867
-3710 -4452
2548 4103
5657 1195
-4013 886
-1555 2140
-3628 918
-2085 -1114
-1178 -2161
778 -2928
-2100 -5615
3154 -2110
-3073 -3007
5711 1697
4313 -4708
4478 -2784
2876 -1264
563 382
-1180 3036
-530 2445
5527 -5243
-3790 107
626 -3911
3873 4097
-4070 4035
-2456 -629
-4751 1480
-2615 5167
-4163 1178
-1587 5472
-2131 504
-3590 -2366
4449 -2473
-3978 4027
-5695 -4230
-5775 3387
-2973 -2527
3182 -3484
4495 4313
2256 117
-2256 -4619
630 -2350
-1471 -2506
2557 822
-908 4107
513 2326
2059 1118
-4178 487
-408 -3973
2524 4252
4004 104
-1784 -778
5363 -1106
5486 -3874
3474 -5831
2497 1468
-2549 -1585
1528 -4860
-43 3622
-4495 2194
1817 5624
2710 3799
-1561 817
-2285 3641
1497 -2576
-4123 3357
-5005 -4831
-4072 4852
-880 5190
4898 4731
4219 1406
2328 -2908
-5077 -2681
1059 -805
-5888 3810
-2451 5091
-3292 -5099
2715 2077
5158 1437
-5582 4438
5697 4230
338 763
2572 -744
-1074 2548
-2999 2478
4209 -2705
-950 -5660
-692 -4083
-92 5373
3431 -4946
-3236 -2264
1054 5696
5496 -429
-4902 3008
-1417 -4588
3928 -3144
449 -5329
3959 3824
-2953 3311
826 -2640
1004 -3192
-4234 5173
-1240 1066
2419 -2781
-1164 -1621
4083 -103
1163 -1417
-722 -2744
1503 171
-2565 1005
5147 -4277
-3236 -3090
4343 2641
3611 -2
726 -5957
424 2806
4309 -4421
-2783 5274
-4078 3969
-3302 -1385
2770 6
3677 2827
4732 -2441
4070 -4927
-817 138
4710 2486
1586 -5426
4009 4732
-619 -2615
5108 -3846
-495 -767
185 3420
4811 -4771
-4808 1554
-814 -1185
4717 -5777
393 -2609
-4512 -204
-2624 3500
-4197 5161
4871 3092
-798 1304
50 -2227
518 2586
-1978 201
-1441 -5520
-309 -495
-1564 -1150
5648 2018
-3437 3711
-5697 3675
-3827 -2679
-4535 4725
4466 -3570
-787 -4078
-5834 -5505
1057 2689
-5234 -1062
1989 2316
2379 -1125
-5016 2245
696 1861
1433 1496
-492 1261
4152 1854
-5412 1777
3456 1592
4839 2744
5172 -2124
509 2835
2100 3288
-2524 -4395
956 -3989
-2011 1440
5253 -3598
-3847 2552
157 -2798
-2601 3791
-2637 450
1125 -1351
868 -3117
3229 -5651
2631 2766
4094 -700
1785 162
631 -3102
-5160 61
-2896 -2083
5725 1995
-5756 5889
4698 -730
-2170 -4803
-5518 -1804
-1068 -3492
923 -132
-2228 4910
-436 -5708
5150 -1954
-3520 5010
1897 -3651
915 -4781
-5374 1727
-4081 4606
983 -2997
2073 1626
-1275 428
-519 -1249
17 -3731
-5734 484
-3857 5411
105 -1799
121 -2978
5711 879
2759 -1252
3906 503
4245 -5883
-2948 -5647
1042 4297
5807 2825
3144 -1699
-2823 775
5848 2732
-396 -4463
686 5234
-2911 2648
1888 -1814
-4477 -4247
4905 5707
2526 3513
3314 4841
3518 -2790
-4683 -574
3126 -2443
4473 1673
5587 5303
5510 -4231
-3056 3338
3647 -3590
-4622 -2757
5908 -1939
1879 -5268
1123 -5324
5287 4700
3196 2320
2477 -2080
-5400 5995
-4260 5229
5472 -4728
-1049 1068
5505 2286
-5276 5233
-840 -334
414 5415
369 5031
-2172 2790
313 2162
-1701 935
4036 1565
-2222 -5654
-1839 2783
4486 2170
-4933 909
1237 5337
4491 3529
6036 -1011
5870 -2394
-1836 -1421
-3513 -3302
3041 4556
-3516 -4010
-1750 1496
4769 578
-5330 4702
2711 5206
2897 859
3405 -5540
5011 -1096
-5848 -138
-3218 -3689
-3488 -4032
-2548 -4176
2689 -4832
-3070 4210
3204 1855
6007 -3614
4535 -2967
5049 -4448
5755 -5816
-3216 -350
336 -2246
5078 1205
1869 -3255
-5769 4028
2689 -3548
-3453 -2285
-610 -4969
5325 -3989
-707 999
-5437 743
-3296 -3121
5718 -2835
2320 5189
-6019 5957
-100 -2682
495 -4062
-2006 -4677
-1837 -4501
4134 -1966
5513 3164
3611 -1313
934 1774
-4485 -3814
-2743 4212
-2178 -4686
-5009 579
-3853 2390
-2350 891
3208 2057
-4522 -373
2451 -1838
-31 2419
5681 -2040
-3133 -4091
5685 4221
1269 -690
3234 -42
3110 4071
1668 1239
2461 808
-525 1942
-1970 -556
3630 -4125
-2807 3699
-3167 662
-52 755
-747 2032
-4177 1834
5178 -544
-5935 -2927
5381 -3519
-4929 -633
3824 -3899
-2856 1740
-5313 -3430
5621 5742
-3341 -856
2933 4534
98 -5402
-2580 5377
1189 277
1517 -3164
-111 5588
-3422 -3573
705 -5762
-5308 -3962
-2079 4514
5786 -4979
-4639 -3017
74 4354
-3819 -5986
-4963 5531
4056 3570
-2289 4297
-3934 -4923
-4829 -621
1706 -4996
2735 3574
-4310 3233
976 -1686
3007 1791
-5744 2019
-2980 -4388
3240 -4422
4619 -2941
3711 2206
4752 -3111
-5296 5635
-1771 -615
-3328 -3399
5592 -1918
-2610 -4801
2936 -210
1293 -2476
5464 3847
-2835 5110
-4908 2854
-5435 4790
2687 3749
4295 -5847
3258 249
-1815 5700
-4828 3299
-1759 642
2290 5053
1376 -4203
2437 -1705
-838 -5020
885 2912
5202 5057
-635 2698
-1391 5460
4269 644
1500 226
-2753 -4319
4813 -5280
-3420 -1350
-323 -439
-1688 -2448
-2582 -856
5439 -822
-1070 3694
-3353 -4831
426 -691
-2547 -2340
-4442 -5111
4712 -5647
-4137 2896
-1179 -409
-2194 1210
-2502 4395
-2886 1056
5565 -1383
-2762 4398
-4992 1037
-5489 -2911
3400 -3308
-4269 -3148
1839 -288
-4252 -1049
1648 3447
-4627 5741
2052 5530
-6008 -2871
-3500 1608
2101 -453
-581 2141
-5640 4335
-3683 689
4962 -4746
-1832 2520
-2011 -1880
-511 -506
76 -5364
8 -3667
5178 910
-924 -1177
-1125 -634
-1186 -150
-484 882
2812 -5704
5677 -1603
-594 -4339
1255 5701
-4770 -2413
1386 -5153
4061 -4400
-4912 804
-2348 -3115
-2359 -4348
-4427 -2157
3296 -2760
3625 -2837
-5210 -3592
-1266 5292
-1660 706
2129 2437
-4485 4617
3474 -2961
2977 5018
5264 492
4128 -4136
4144 -5220
-805 -813
-1291 3812
1748 -1299
-1747 1477
-757 2455
-4553 -3175
-2986 4358
1965 -2688
-1738 4231
5511 -4606
-3142 1348
-253 5679
2948 -3324
603 5791
-2502 -5604
3289 -2238
-2107 -5221
-1320 5934
4246 -532
-2807 3790
-2870 -1930
160 -3024
5132 2039
-4214 -490
3266 -3475
-3694 -443
-5289 680
2862 4500
-724 872
3387 -1592
-891 1727
3890 2136
-38 -3660
4361 -3452
2544 -1954
-5028 1120
3861 -4596
-1507 -3415
-2147 -2858
-620 1569
-885 -62
-4582 -1996
2776 924
-5065 -274
-1461 -2988
4811 -1428
-4688 -1066
-3616 7
2062 5740
-5636 5485
4104 5754
3570 -3908
-3858 374
-4436 -5672
1231 3666
785 -4291
4791 3655
-1166 -4788
-2123 -2151
-570 -2119
2086 -5039
-449 3394
-215 5116
-1787 3461
5463 -2642
2337 -5845
-4786 3002
-2150 -48
4808 -2026
20 3360
-1640 2125
3 -2469
-3371 1262
3715 4390
1815 5447
3268 1029
-4753 -4281
1798 -784
1331 2675
-5561 1012
162 -3374
-1254 1341
-2114 5750
1464 5908
3891 2254
1417 2226
-840 4597
-4251 -3494
73 -971
5953 -474
-3589 -2195
-4594 5944
-3232 2846
4920 -2145
-209 5518
-1485 -3018
3427 5982
-834 -5654
-1222 -5299
-783 -2889
-1627 -1902
-2742 -1523
1147 5319
5308 -5411
-5677 -661
-3409 5052
1673 -3458
-2185 -4597
1258 -3627
-1634 -723
3643 -1796
-3727 -5463
4124 -5071
5397 -3139
4460 -4339
6007 -5059
2438 -3182
-2711 4264
-957 2458
4463 4961
-1342 -3796
1584 -2432
-4383 3706
64 3475
-1688 -1168
-1898 -843
2640 2153
5102 -1903
-4855 -1757
-2334 2353
2953 1046
5563 3329
-3398 3931
-5122 2051
-1413 -3691
-271 -4234
781 -5150
2822 5599
2185 2030
3912 -5844
-5292 4589
5970 -1489
3724 722
-6004 -3001
-3830 5479
1209 -4316
2102 3744
5597 2296
4645 -2216
1393 5889
-4150 -513
-2896 5815
2072 -1763
-3468 400
-5913 5983
-3736 3495
3214 -2486
-3546 989
3953 5396
-3005 -2329
1759 -2587
1177 4985
-1016 2428
-4788 891
5267 5910
-1247 5461
-3614 -5586
5894 -2016
-2285 -764
-4692 1421
755 -1602
-3496 -5341
3376 2857
4034 -3610
573 -2109
2940 815
-1997 4643
2428 569
2591 -5935
-300 135
974 955
3295 -2608
-5249 3192
-3710 3991
3677 126
-3534 -1218
546 3049
-2684 -1922
-3969 1911
1522 -1432
1658 692
-3935 1149
-5216 5267
3173 1949
4165 -534
3172 -3656
3064 -145
2055 4857
-4180 -5892
-1867 -1872
-1662 1518
2118 -493
-4729 -2343
5257 1365
2480 -3479
368 -2307
5980 -5620
-3964 87
-5670 -4441
-4707 -3582
2608 -2771
-2125 2411
4159 1608
-4149 2683
-358 1682
204 -3159
1849 788
-3332 -1709
2436 -1513
5294 3535
-235 -5191
5508 -22
-5256 5799
-4218 -994
1511 -5018
-4652 -3564
3069 -3751
-78 5290
277 3757
-1892 -1523
4544 -3164
4139 -2829
-4278 -4444
3954 737
-5411 11
2316 4112
-1170 -3167
2104 -4214
-3715 1802
4926 -5258
-444 4223
3244 1276
5075 1383
-2898 -1947
-2701 2993
685 2193
492 5626
247 -1922
-5823 450
212 -5305
2470 854
3659 5682
-838 1853
-1620 4343
-2085 1556
1867 -559
5114 -1874
1689 1003
3851 63
-4642 4014
-2327 -1775
830 4226
4862 3469
-3798 5552
1475 -4141
-622 1999
-4593 17
1760 3592
-3366 -4849
-4580 4257
5166 3164
-2192 4827
4185 3743
-1645 968
2927 5418
-5825 3159
-1771 -3799
4788 -2415
1349 708
2663 5575
-5510 1830
5086 -4288
-32 1770
-1770 1173
-1886 -1570
3553 3587
2832 -1278
1731 -5626
4230 1010
126 4686
2943 -427
3416 3885
1906 -3963
-3476 3626
2060 -1514
-102 -5464
4889 3176
5918 -4986
-5364 -2236
-2450 4993
1560 5105
3511 -491
1045 -657
4620 4063
827 1999
1522 -2393
1135 2144
-2626 4972
583 -5891
5092 -5640
-1897 2343
3708 455
5991 -2065
-500 1431
-590 1760
-3554 671
100 -1201
1131 3849
-219 3088
-4462 2328
5238 4277
-2700 -3988
5815 -3062
-205 -2076
-5390 2888
5005 3255
-2272 1536
2454 5239
-2346 4373
5800 837
-5120 1780
-1854 -1767
-2663 -134
-5477 1992
2749 -1023
3875 -1015
-4560 -1716
3487 -3001
1763 2878
4512 -5021
5793 -2118
-4125 1725
5204 2320
-6023 -483
-432 -1914
-3964 39
-6 4279
3883 5940
-3634 4266
-854 1212
1198 -2911
2561 -3688
-4602 5081
-5335 -1266
-3880 -648
2903 4029
-2003 -3257
-999 1561
5712 2025
-240 2076
-4717 -3476
-2145 2631
-2889 -4252
1974 1204
-3761 147
-4534 2266
-4968 2661
-1153 3185
-1010 -3398
-2987 1813
4325 4093
37 1281
2268 4878
2537 -5706
-5296 2608
-2790 -2973
76 -820
-1653 1004
4270 1465
5996 2224
-5998 2708
3223 5000
1659 2825
-5661 3237
-2584 -5603
385 4636
4082 958
-3364 3313
2662 2339
3410 2676
599 -120
-4294 4664
-3022 2729
-5191 -5265
4260 -3247
4032 -1881
2330 -2496
5201 -4201
-3388 -2100
2922 725
-29 -774
3356 3446
4201 4379
5473 2799
-4496 -1982
-5950 2156
-5840 2689
-2899 -3766
-2763 1525
3523 2189
-1891 5077
2156 175
-3505 5754
4554 3312
-3650 4563
-1067 21
4459 -4257
3658 2243
3861 3607
-2041 3639
1999 -5781
-5005 -1597
-2093 2418
-5542 -5967
-4335 5226
-1124 -1901
-2041 327
-3804 -5856
3441 282
4102 3171
-4006 4374
1421 -730
-4610 -4234
-4176 -5710
-3153 2267
2165 -4007
4403 -2445
-5139 4568
835 5352
177 -4373
-455 -3370
-5764 -2399
-3149 -1492
-3017 -3543
-579 -1290
-2801 -915
5902 -1598
2910 4775
-5971 -3557
-3194 -4538
-4098 3222
-3787 -2946
5842 4379
-5384 -2650
-1878 -2908
1081 -3104
735 -1869
-5409 -4410
-1926 -2597
-132 3944
4392 2144
-2581 -1337
5540 -1092
-3344 -4010
5335 -25
3168 -5457
2254 -2132
3385 -1334
-791 -2326
1792 -6022
-1092 2146
-3650 745
-867 2146
-5529 -5903
5578 -4273
3808 -250
3386 3778
-3368 -902
721 3771
2236 -442
-5442 907
-3372 -2060
2205 5502
-2166 1056
524 -4676
-5061 -706
-3697 -2644
2415 694
1048 647
-1849 4573
3289 -3713
-1731 -1700
-2693 -3165
700 4205
1752 1431
-1631 2084
-2248 -2467
5732 3415
-1428 -2887
3727 -5977
-1696 4299
2575 1289
-4255 5212
2100 -3529
-4139 -5682
5130 5171
-5926 917
-4680 931
2090 3348
1709 -3331
-1021 -3231
-408 4426
-1800 -583
4812 -1060
-3278 -3643
-5137 -3678
-4501 -1703
-101 2652
5606 2647
3858 -3428
-5298 3582
662 -2353
-3490 2095
864 -3100
1854 81
-709 -4905
-3528 3192
-2400 3020
-4820 -5750
-2440 5020
1909 31
1011 5655
5463 -5439
-1197 988
-4155 -5383
5093 -5605
2877 5203
4435 -2324
3922 5744
-2014 4145
-3447 2522
-5886 4513
4302 1756
5673 -4872
-4954 4881
-3088 3524
1099 -1704
4611 -841
-1867 -2874
-566 -2660
2652 -5340
4580 1241
5401 -5283
3508 -2503
-4564 -5141
-4642 2193
1213 4039
4341 4742
-3132 4329
4155 3966
-5531 3928
-1734 -2888
-4503 536
-4123 -5428
4967 -4701
3556 -3885
5332 5521
5479 -553
-1846 -2017
-748 -1829
1396 -4583
5787 -1132
-289 5178
-5536 2495
-5621 4988
953 -1933
2840 -4436
-316 4083
1712 -3592
652 1717
-3318 -4132
4500 2055
-2522 -2197
2527 -3691
-931 -5069
-285 -2449
-2351 1139
-1837 2584
-4923 2292
140 -5166
-4661 3755
-2398 -2947
371 4400
5157 5208
-3870 743
-275 -973
539 5007
5854 -291
1452 -3381
-1971 5098
2596 -6007
-2512 -4218
494 5671
891 -5775
-4691 5315
679 -2872
-4644 2352
-2705 5504
-3048 -4289
5711 -2346
2154 -197
-3653 5714
3098 3138
2099 3772
1167 4886
-3720 -264
695 4076
1706 -312
3785 -2219
-3806 -5317
1664 -371
210 -593
-4455 -4557
5428 -816
5724 3519
645 2694
3033 -33
-640 -2793
2237 4317
-3110 -2884
1304 -1012
3237 -1886
2971 -2364
-5433 -4220
-912 -3352
921 -2681
-5343 -2543
5973 3074
5607 5774
-5940 5676
-1405 -3996
-2031 703
1339 2540
-1891 -4959
3626 2443
487 2045
-4671 -533
-2923 -5628
-1817 5319
-210 347
-2429 -5087
4961 4233
136 -1681
2264 4595
4205 -1004
-4473 -408
808 1614
318 -2663
-3718 -2361
-5859 3196
-5200 -3149
2493 -3346
3326 -5884
2435 2753
2607 3912
-2605 -3198
-1688 -1123
3310 -687
3755 3551
-4275 4128
-3025 -4987
1589 -320
-2227 -768
1770 1595
2739 3784
-2649 1258
322 3924
4507 5039
-5530 -4714
-4272 -4434
5835 5159
-2466 -3548
-3601 781
-3594 -5393
2588 -1096
4809 3102
-21 -5139
-4949 -3634
-3214 1544
38 390
-1767 3212
1315 -5493
-1104 590
5123 -1667
96 4844
-5067 -320
-4112 252
4412 567
2955 1125
3358 -1779
-648 115
1019 4545
-1197 -2183
-5933 2380
214 -140
2509 -4313
-3062 -2057
679 1245
-3394 -5011
4255 -3085
-4232 -3659
3244 -1204
-3192 -5490
-3701 3298
3963 -2668
850 4058
-3616 2399
1600 3565
5966 -5014
5165 -55
3276 -2201
1743 -3225
-1211 4128
-5338 2995
-2419 2305
-3973 -1901
2475 2011
-2622 -3784
-752 -3075
948 1858
5895 -4103
-1704 1518
-5422 -5878
2749 -1593
-1291 2234
3592 -5556
512 -5857
4626 -531
5219 1844
1536 435
-1911 -2893
3787 1270
-1813 4547
1819 5989
-1024 3281
-1765 -4362
1121 1586
479 1451
-4152 2865
3286 -2016
-3087 -2268
1001 -1539
-4138 -690
2438 1219
294 -5781
-3747 5469
-5706 -880
-4254 -5320
240 2414
-2756 -5155
-1738 -5480
-2220 727
497 226
-2881 -1261
-1523 4124
5459 -3290
-4569 -1953
1245 -5563
3019 -4751
-3613 -1380
-2128 4187
807 -2121
-1195 1881
4725 -1073
1248 -5630
-4343 402
-4989 4325
-965 -1285
5951 -3842
5255 -5698
4298 -4736
-5648 6037
315 5771
-4191 5088
-5259 5194
-913 1197
3878 1986
-4606 -5096
3555 -3804
820 237
2167 4667
1793 -4554
-2866 -3382
442 -3073
-1817 3868
-1400 2807
-4797 1393
2522 3764
-527 -927
5727 -5673
44 -3057
-1350 4046
-3709 -2222
-5615 -1708
-220 433
-5120 5340
-3869 -1226
5207 -2825
-1461 -205
4293 5115
-5968 1429
2335 1434
3462 -3963
-5746 2425
1743 3862
2787 514
-1515 2121
3652 4077
-385 -4267
5440 1424
-4190 5044
-4692 -1171
-1458 3895
2356 4494
744 -4989
-4375 -2933
751 882
3616 1727
-3673 -2147
380 -2762
1130
2069 2953
-907 -2182
-414 2114
-1735 -275
-1581 -640
33 2197
1126 3269
1992 1293
-2987 2576
3152 1947
-1384 2078
2564 -1945
2017 860
-2006 -956
-1146 -488
548 -548
428 2244
-2299 220
-1970 2645
3473 -1655
1069 -2194
-2179 621
-2559 -1260
1509 -2846
1326 -2146
1420 1050
370 -68
-2834 -1335
314 1408
1138 1279
2053 1277
-2597 470
384 -3462
-2467 2260
3456 -3437
909 -483
3278 -3043
2050 281
-2516 -2364
-729 -2531
-2394 643
-942 -2663
3172 -3026
-1042 -1875
60 -1793
-539 -1079
2452 -2372
3226 -1713
-923 -1646
-2142 3207
2459 176
-542 -2673
1240 354
900 2813
-231 263
2547 3155
897 2418
-3306 -3331
2001 -2694
-2454 889
3305 1326
-121 1508
119 2617
-2316 -2611
-1842 2877
919 -1688
3555 2863
-2011 194
1473 -1985
231 -2996
-2788 2227
1885 3286
-3422 3247
-1507 457
3070 1875
3044 2800
2886 -2112
653 2196
3364 -88
-417 -2189
-3311 1297
-416 3517
701 198
-1464 1930
3404 -1749
2288 3403
-1670 -3542
3497 2795
-225 1007
-791 978
-1522 -1700
1025 391
3111 -1910
2794 270
1436 -2451
-195 -3387
-2943 626
-3199 1063
2316 871
-97 -1444
-2324 2759
3394 1822
-2233 -3342
2379 -1961
-2117 2709
-3424 2300
-1579 -2918
228 2768
-160 1407
1122 2102
-2346 -69
131 1208
370 -3277
1743 -2275
-2747 -616
1408 -1686
1719 -1047
-3230 2072
582 2541
2246 2461
-3046 -2859
-1098 3114
-279 1346
3443 -1375
-2266 -1069
-2854 -2512
3443 -1224
-2555 -1698
1544 1832
2445 1377
1420 2683
-2195 218
3312 -3099
-14 1982
-1573 912
-609 -1967
2688 196
3421 1889
396 1958
2512 -964
955 -773
1444 -657
1898 -217
-1770 1165
1431 1398
-1073 2296
1924 -1531
-1749 -2817
203 -1218
1016 -2829
-1253 -1457
-2534 2519
-431 902
-389 260
-510 2779
-160 -2393
2884 -3158
-1642 -1128
589 -1301
-2917 2664
755 2640
-2342 -859
1762 -1190
-450 652
-2436 -1096
-3529 2621
2218 702
-485 2820
3185 -146
-2701 1177
-2336 2085
710 3109
1861 2500
-1228 2367
-2336 1145
-1160 3506
-2064 -6
-2143 1533
1097 2238
3530 1992
-746 3496
-1548 -3075
1995 304
1365 -1894
-2140 -896
-2054 -3486
1481 3384
-1112 -1590
-2861 974
2800 3191
-952 3510
337 866
674 2185
1576 -3180
1501 117
3122 -92
-1441 -2735
-2606 -1526
1667 -21
-2867 -2961
-866 -2816
-2157 755
-3310 680
-3448 -709
-1552 -1061
2560 -939
2232 2276
3370 889
-2387 -2656
1379 -498
2100 -653
-3493 2629
154 24
-3323 230
1525 2770
-2233 -826
-2269 -509
-2350 2386
-2865 1512
-1285 474
626 1600
-2920 1116
-2603 2936
-474 3276
1077 -700
3303 942
-865 2075
1001 2080
827 -33
3233 1014
806 -2408
919 -733
2807 -3267
219 1328
-3245 1262
-2747 -3283
1243 -2672
186 -446
1027 198
2458 1360
-2866 136
1495 1384
453 -2637
2800 1864
1078 -147
-1557 2014
-2183 -2141
1601 -486
2286 3105
2338 -2300
1042 2908
1882 2295
-1551 1792
1020 -631
3525 -1326
1274 2615
-2052 -3375
-921 306
-56 -323
1235 -640
655 -1948
870 2673
-3085 -2555
-1288 2143
-884 -813
-2052 1792
2129 -1736
-947 -2324
2422 -1821
-2687 2805
991 -257
442 -313
2371 -2398
-1589 -2866
2332 -1249
-1992 -1202
2698 -1464
-2634 324
1863 -2461
-1279 -825
2213 3383
-3540 841
-1004 692
-2045 -1456
2032 -1923
-2467 2219
-2042 1155
2174 3475
-1785 -497
-40 -207
-2666 987
1873 -2378
1643 -3187
-33 -1862
2890 -2799
-1024 -1420
-2882 3362
-1497 2899
206 -2507
-864 1079
1329 -461
3413 703
3550 -2511
-2999 -1568
1101 2365
1969 -578
2953 -1146
-2333 -2934
3094 1912
2758 1320
-385 -1245
2297 -2964
1321 -2584
-80 1889
-1084 880
216 -1899
2303 -104
-852 -2156
-1574 3212
-2400 3552
-2297 1103
2538 2586
2842 -1036
161 -816
2272 365
3534 -302
139 -1923
1343 -3070
3099 -852
-2262 -2328
-2775 903
-753 -2193
2157 1793
-346 3072
1391 -806
-1337 -1560
-2134 -2279
1400 1177
3372 585
-3151 -3142
1899 -690
-2629 1724
3426 -253
-2441 266
1992 2386
-436 2107
-1934 -1649
2856 2920
2926 -703
3079 -108
-1280 573
-2094 -2947
-1030 304
2462 -18
2100 2361
-2347 -2274
-916 -430
-1518 -1351
-345 -1703
1014 -3016
-395 -577
-1577 -3025
-3054 -2709
2824 -1180
760 2508
548 -3321
1810 -1926
996 -1070
-1268 -1432
-3488 2222
3478 -1288
226 751
-1689 906
-2538 2381
-2498 211
-2355 2289
-2508 2198
2529 1672
2398 -1647
-2397 3415
-50 -297
-3040 3163
3320 -1243
1266 2667
-510 2515
-2173 -563
3093 1706
2652 -239
-2927 604
2139 2190
-164 692
3 -2345
-966 -581
1277 2586
2969 -2716
541 565
1508 -2043
847 -731
3415 -2094
-432 2764
-590 872
-55 2958
-2202 2034
198 3544
2908 2524
2133 2766
3045 -3374
2218 -2832
-2228 -1757
2048 -1192
344 -2600
-2631 -3230
-659 2043
-1194 1448
-2894 341
386 -2039
174 -1320
1976 -2058
-2036 -1082
-1562 -535
3549 1020
41 -974
-2820 495
-1417 -1
-884 2977
-2788 -2473
-1314 3216
668 -1517
-833 -1044
-1512 -1511
2126 -2862
-661 2663
1596 -3223
1172 -1496
-2485 328
1294 2102
-487 2003
-3190 3229
1062 2496
-2370 -2984
-1776 -3446
855 154
-2144 3313
-982 2586
-2995 1020
-2615 -1844
-2673 3277
-1391 -1528
-2434 -1233
-2401 1498
2697 -2242
483 693
2386 1874
-980 276
-1130 -1398
-221 287
-550 2897
1460 1478
-2751 -3536
-2729 -1763
683 3536
3373 -1564
-536 857
2982 2914
-1094 -2532
2159 1230
903 -518
-424 -2759
-1555 -769
-844 -2517
-303 -3057
3354 -2920
3296 1067
3288 1647
2422 -129
-2473 1407
-2227 -645
-2887 -490
493 -2532
-1633 -2056
770 2199
-1001 -968
-2805 1857
-1613 214
2655 -866
965 -27
-678 -1324
-3210 1432
2069 1179
166 -3336
-2941 -653
-707 196
1223 3298
2080 -154
1795 888
2751 -994
3436 -1935
364 749
-2007 2135
-3178 -1360
-326 -3183
3395 -2505
2870 -2115
-3252 817
-2564 2229
-2574 2902
603 -2656
-2690 577
-563 -2696
-314 -2761
1118 -2413
-1876 3416
-822 -240
352 129
-1627 -2496
134 -3236
3556 911
2226 629
-2472 2333
1216 -2343
779 686
1680 -2131
1971 2570
2766 -296
-3357 -1567
-128 -2658
-959 1631
568 3355
-3534 856
-807 152
-1663 -272
-905 2268
1151 2489
1767 3154
-2907 410
2757 2147
2117 937
1781 -2592
462 -2315
-1551 -2593
3165 -2414
-319 -433
320 -2879
-1832 -247
-521 1531
-725 -2187
-316 -1413
-2243 2390
2529 -1211
3349 2579
-112 -2329
545 2355
-931 922
1412 -1596
2896 2485
730 -2327
975 62
1101 -1667
-287 -387
256 1208
108 -1552
1224 -2099
624 -1035
-3397 -1603
3405 3479
416 1964
1534 3223
422 -2259
-871 -2490
2529 1693
3262 1069
1263 1769
-1011 -1078
-1320 941
-3371 -89
-1900 -1221
1783 -1000
582 -1388
2953 -559
278 -2347
-2938 578
3549 2352
-2974 -640
-2487 -650
-2740 2481
-1024 -2225
-532 -637
-1470 486
1388 -567
1751 179
-2254 -1805
-3049 -2634
-1925 -2455
2056 3069
-2380 1813
1890 1058
3090 -3142
-3153 2244
1889 868
-386 -960
570 -803
-170 2253
2637 -983
935 3281
-1138 2239
1245 -1582
1340 -2987
2990 525
-1156 -73
2243 1037
-828 -1197
835 -2264
-3004 -556
2954 1180
-1617 -3176
1912 -223
2742 624
-986 -2885
3366 3077
-1468 -993
1048 2753
-2962 -1137
2614 1905
-1811 -716
-1074 -3003
-1687 -2841
-1089 1296
-980 -356
-2785 67
-1086 1243
1727 -959
669 1452
70 1662
-1260 2062
-2102 -807
667 -2091
1150 2931
-1633 -818
2853 -486
792 1840
-2907 -3145
-496 272
870 -1343
306 -2752
-135 -821
-3460 262
-1370 -1823
31 837
-1859 -3510
-3243 2394
2654 2346
-270 -2667
2196 1671
-670 482
317 -1354
530 2819
-2635 2434
667 1548
-1217 1112
-886 2058
245 -2911
1915 993
-1289 -1587
1027 -2352
-305 -1320
2764 -3469
3253 2092
1371 1893
319 1075
-3155 48
-3184 615
-2480 -3485
-2399 -951
-3041 1710
1918 1898
1461 -371
2839 -2968
-2637 1791
1126 -615
2140 -3150
1760 -19
-2899 -2052
-3308 2179
714 -1448
1361 -2117
2484 -756
101 1507
2983 -2941
431 -608
1311 -3044
246 -2453
-1158 189
675 -2459
-1912 2709
3448 1368
-48 2269
788 -1316
-2899 -70
1055 1379
-875 1315
-2928 2098
-2183 649
1758 956
3064 2887
3426 -3012
3535 439
588 2607
-1557 -2993
-947 -3077
3295 934
-879 -640
3361 -1017
-2961 -2294
2366 -2671
1737 -1216
-2002 -824
3102 812
1218 -1908
-1617 -2265
1882 3011
-1713 272
3411 2934
1347 -1271
-2 -811
-2696 191
1355 3480
1844 2580
2980 947
2757 -1510
-3034 2180
486 -1635
-1398 1244
-1280 3438
755 -2280
-403 -1192
1919 -484
-888 -31
2208 -3205
1712 -593
-2059 -2763
1418 1764
-1471 1644
2310 -2937
-259 -1339
3226 960
697 -3064
-3429 -1248
-787 2100
-2117 -1637
-1458 755
-1556 2595
-1347 2484
-3022 290
-279 -3205
-2714 -2764
3044 1201
-1834 3486
1315 889
234 671
-2385 2033
1586 -527
-3479 209
1948 -756
-1525 -221
481 -776
2073 1390
-161 -3028
1621 2993
385 2968
1410 489
-54 1259
2097 2655
-3216 -2350
1735 -1583
-2043 750
-2496 1163
-94 1616
-1268 -3070
-2148 1636
1351 -2835
1192 -489
663 2432
-278 -2057
-3298 -3322
361 3446
-160 1674
-3505 2121
-3074 -414
-2532 1571
1680 1753
2522 -983
2690 -1592
3228 1202
757 2384
-1761 -1107
822 134
450 2911
-500 -3029
1074 -2841
3115 3255
-1570 1424
-11 -574
-550 -3181
-1904 2798
2239 38
1123 500
1918 -1036
2842 -2566
-875 -2710
697 -1138
75 3436
-52 3138
1653 130
2685 -2636
-2565 1778
-2689 3160
1604 -3269
-3225 532
-802 3131
-1557 -1384
2635 2478
-2173 -1368
-3099 2627
-3413 2039
-2351 268
2538 -2927
833 -157
-2179 3110
68 -2636
2733 -962
-1416 -773
-2849 1773
3008 2282
-2822 -2939
-656 -2890
1875 1538
-1723 -1681
-332 -1866
-142 -454
-2981 -1950
-2140 -563
3278 1389
535 1991
3469 -284
-1310 -3271
3424 366
2542 1893
543 -1653
2724 561
-864 3225
-1116 1448
3355 946
2849 1326
618 1381
1993 -1875
3484 -961
-573 -2207
-3031 -3306
-1119 1916
2143 -2718
-75 -1242
1834 3000
1520 -427
-2717 -2923
-3051 1717
3375 563
1341 -43
2056 1403
-1933 718
377 -3017
1199 2816
2115 3010
1584 -2454
-2643 -1729
-2462 1750
2872 -733
-800 -2801
2240 -3104
99 959
2414 -3186
1336 3370
-118 -616
3039 -2543
1294 2113
-977 2531
2822 705
1544 -2633
3316 1568
801 -1378
-2688 -3043
-2641 -1448
2060 3499
-137 -1738
-2203 3209
-2758 3336
1205 -2260
-817 2930
3382 -1156
-785 -2401
561 1864
-2950 2418
-3243 -106
-1225 -3419
1539 -3173
2280 1377
-2059 -3277
-2725 -1832
-305 1646
-1203 2962
1981 3288
-1926 -2174
-1092 2178
1792 2724
-794 -62
-2255 501
261 -268
-1194 1583
-1992 987
-128 2640
3235 -1127
2954 -2890
-112 1750
-2933 -1223
-668 624
3176 -1260
-2771 944
-2474 -942
-1625 2805
-2499 -1199
1502 2751
1960 -1546
1277 -1734
3496 -2947
-2315 -844
872 -1846
-71 -1171
-356 401
2982 -102
-2749 -1826
1904 406
-3429 546
-2760 1302
307 1755
2314 -1225
3035 -17
-3166 -2345
904 -3259
1918 1692
-2923 -1328
815 -3196
1475 1896
697 795
3392 -1961
1274 -269
1190 -1683
-3193 -205
-2454 -1216
-1086 -114
-203 3555
-1464 1070
-2113 -270
-617 3197
-1945 -1241
-3012 1104
2895 -1316
2362 -1391
-1628 -674
999 -3465
1740 203
-2240 772
-1912 552
861 3146
-2679 -1487
847 1467
735 -3443
-2410 -883
1516 -3492
-3345 -2474
-1274 2913
-2757 -3175
1628 -362
-2245 -3556
2032 -2511
-762 -1883
-1806 -703
-659 2161
-3426 1940
342 2657
684 2217
-3100 1138
3397 -1380
-280 2807
-1451 1860
-2879 213
2908 -3323
-1426 -3013
-1442 3090
1636 2060
2810 -2925
2988 3450
-360 2734
1331 3328
3387 2533
-1243 1580
-2537 764
-2012 2999
1260 -2090
1058 -3134
-144 1099
-2258 1776
-1414 776
-854 3450
-2774 3315
891 -2125
503 -1703
-501 2056
2801 -2715
-679 -573
2645 -1409
559 1325
2558 -1889
-445 -755
760 -3123
-569 -2558
-1281 -777
-2612 -2952
2311 -834
-1789 -2149
-2091 2989
-1404 165
378 -1402
-2505 -3547
-2160 -2021
-3216 -2721
-1875 -650
184 3017
-2683 -2346
-282 553
140 -3498
-3316 425
-456 -820
2078 3364
-2908 2923
-2403 -3040
1970 1189
2658 -1432
-3288 80
-2170 2420
3147 259
974 -2409
-2999 2894
148 -587
-2832 -1596
2896 -145
2988 -3258
1349 957
798 2172
-2040 2934
2984 850
-1796 -2097
1060 3182
-1975 1022
-2348 -3478
3466 -2855
2597 -2110
-3323 240
-1107 1963
-2602 68
-2589 -2467
-2379 738
541 1663
2262 688
-620 -146
-257 -1069
-1371 -727
1731 3275
1585 -1844
1421 2139
1251 -3401
2521 344
913 331
-1924 2846
300 352
-2189 2506
1810 -346
1065 39
-2381 -2106
1139 -1032
2720 1139
-1787 1983
-417 -1437
1383 2760
3531 -2924
-2766 789
1881 1869
1573 838
-3163 2674
-2236 3428
-2021 -3005
-1232 3403
-367 -2958
-927 -2718
209 1839
943 -2120
-2523 -3487
2928 3293
-1797 2803
3372 138
-968 -2599
-1347 974
2393 -418
1730 3509
-284 -1140
2467 1655
-1075 1078
-1778 -2981
3044 3141
2928 -2266
-420 -1411
-1009 -1116
2295 1500
3524 -958
2605 -33
-3322 1173
3083 -832
721 -2326
2999 2831
-954 1307
2802 3324
3340 -2597
2000
8 -18
-16 13
-4 -21
7 13
26 7
-5 19
-19 20
9 -12
10 21
2 4
16 3
-18 -19
16 2
24 15
-11 21
11 26
-15 23
-2 12
5 -12
-20 -8
21 -12
-4 20
-14 5
-25 -15
-12 -24
7 4
-4 0
-17 22
-21 2
4 5
-10 -20
11 -6
14 24
-13 -20
24 22
5 14
-3 4
-22 16
6 -1
4 6
-23 17
-9 25
-23 -19
8 15
-1 15
-1 4
-3 8
5 -11
15 22
15 13
19 24
-10 8
15 -19
5 -20
-2 14
20 3
12 -9
11 12
23 7
21 24
9 -15
14 -13
-1 10
-22 11
-11 11
4 26
-25 -13
-6 10
10 -14
22 6
-25 19
2 9
-24 -13
-21 22
7 22
3 12
3 22
-13 -21
-25 -16
-27 -9
7 20
-6 -26
20 -8
2 -20
-10 21
4 -17
17 10
16 21
21 -3
21 -18
17 0
-11 23
-11 -10
-21 17
-9 3
22 -22
7 -26
-2 -21
20 -17
-3 5
5 -15
-7 0
24 -19
22 -18
-2 10
13 -10
9 -19
8 6
-14 -6
13 7
17 4
3 -2
-6 2
-20 -7
-18 -15
1 22
-13 21
12 15
-24 13
-10 19
23 -13
-22 20
10 19
19 -2
8 0
11 -11
11 -7
-13 5
24 20
10 24
-10 -17
-18 2
-27 15
-12 16
10 18
12 2
7 5
7 -18
25 17
-20 -9
15 1
-17 12
-21 8
26 9
15 -22
22 -25
13 -4
26 -22
4 0
-26 16
-11 3
-14 12
13 -2
14 -5
22 -9
5 24
22 16
24 -24
-14 -7
1 -18
-21 14
-17 13
20 15
-17 1
12 -11
9 3
-6 -4
18 18
25 3
-6 -2
25 -18
-10 7
14 13
-22 -26
16 -8
-12 -19
17 1
18 23
-20 -6
12 -24
25 19
21 18
26 -14
-15 14
-17 -3
3 25
6 12
21 -10
-22 18
-2 -18
3 18
3 -10
25 16
-8 -11
-20 25
-24 10
15 21
18 17
-12 -9
-17 -13
23 -2
-20 -27
20 21
-11 -19
-21 -13
-8 -10
6 9
-18 15
26 20
18 21
23 22
-24 1
-22 -1
-4 -2
24 -16
-12 -18
-18 -24
12 -3
26 -3
4 2
-27 24
10 12
20 7
23 -25
4 -1
20 9
15 3
-6 -6
11 8
19 -14
14 -27
14 -6
-5 23
25 26
-21 -15
9 10
21 25
-24 12
8 17
17 7
-1 -18
-6 0
-21 -3
-5 -23
-8 13
16 -6
-27 1
9 16
1 14
-25 -19
10 11
-16 -20
-18 9
-7 -4
-1 24
-23 -23
-1 22
23 11
16 14
14 0
-15 11
2 6
-19 22
-17 17
-11 0
15 7
15 -27
-12 -20
-20 22
20 13
-21 -7
-7 -5
25 -26
-24 -6
-13 3
2 11
8 2
11 -24
4 14
17 26
-1 2
-9 24
-19 10
-16 -19
23 19
-4 24
15 -7
5 -3
15 -12
11 -19
-16 -11
19 -27
12 14
-19 7
-16 7
-15 -1
18 0
7 -7
-11 -18
25 14
-20 -26
8 -2
-23 -12
-5 -6
-15 -8
-17 7
5 -26
-24 -9
-15 -25
16 -26
1 -16
-20 10
-8 -7
25 21
23 18
17 6
0 25
-2 17
12 11
-12 12
7 10
-24 3
-7 -23
14 -1
4 16
-11 6
-3 10
-24 8
18 11
-16 22
21 13
0 24
-4 -18
1 -5
-17 19
16 -22
-17 -16
16 5
-19 -15
19 -15
8 21
16 -9
-8 -25
19 10
-25 -10
-18 -11
-15 -9
22 8
15 15
-14 14
24 -13
6 -19
11 -12
-7 -27
-23 -7
15 18
21 -9
19 15
13 18
15 -13
-21 -27
-5 -4
2 -26
-21 1
5 -21
4 -13
-4 10
13 -23
0 8
-10 -9
15 -23
-17 2
-16 20
26 -2
-23 26
-26 -22
-3 -9
0 -4
17 -14
-18 16
-6 4
13 23
-24 16
-12 23
11 24
-1 23
-22 -2
19 -3
-22 -8
-10 22
18 22
13 17
2 21
15 -16
21 9
8 -27
7 9
-6 -11
25 6
-23 -13
18 -16
-25 -17
-3 -5
18 -14
-5 -10
6 24
18 -13
11 25
2 24
2 -13
3 -23
-6 19
-15 -5
-4 -11
8 3
-7 -9
-4 26
17 -25
10 9
-26 -23
0 -18
6 -7
4 7
-3 -13
17 25
21 6
11 22
15 -5
11 -25
-5 26
-4 -19
-15 4
19 -20
-18 14
-24 0
22 -6
-24 -18
-8 -19
-6 -18
15 20
21 20
4 19
-6 3
-4 -26
-1 13
-7 -3
26 -16
-23 6
21 12
-4 18
-1 12
-26 6
-7 7
12 -17
-19 23
24 -23
17 -7
26 -1
24 10
-25 -14
-27 23
-1 -6
24 -10
9 24
-26 14
9 -26
5 22
-9 12
-5 -11
14 3
20 25
24 -21
-14 16
4 25
20 -9
-10 6
-8 6
13 -3
-9 -18
12 9
22 -20
2 15
24 4
22 11
-2 -26
-2 16
-12 7
17 5
2 14
-8 5
-15 -27
-22 15
-20 -21
23 -9
-22 12
-8 -24
3 0
9 8
2 -17
-6 14
-23 -16
-2 -24
5 -14
-11 -24
0 -1
-24 6
-16 1
-8 -27
-13 19
-24 21
-17 23
-18 20
-21 15
-16 8
-24 -22
3 -5
6 -5
22 -2
-26 3
-17 -11
-8 9
-22 0
-9 -5
16 12
16 8
-20 14
-3 13
18 3
8 -25
-5 -24
-7 -25
1 11
-8 23
7 16
-19 -4
-6 -5
4 20
21 -16
8 -8
-7 -12
11 -4
9 -14
-21 24
-3 -16
-23 -6
17 -24
-4 -8
-22 -21
9 13
-2 5
16 -27
13 20
-13 -26
25 4
-13 -5
-20 -25
-18 -13
-22 22
18 -4
-24 -3
-17 -27
0 5
23 -17
-11 -20
25 7
-12 -8
8 20
-13 -23
-26 -10
13 -16
21 8
-15 1
-27 -15
-17 -24
-14 18
-26 4
15 -18
12 7
18 15
10 17
22 24
7 -9
12 -26
4 18
10 6
11 5
24 19
16 -5
5 -19
16 19
-10 -15
-20 -1
8 9
-14 21
23 -24
14 -3
-5 -22
7 3
3 16
23 -4
-18 -17
26 -12
-24 -15
0 16
10 22
-26 -8
-13 13
-8 -1
-5 24
-12 -21
25 -14
14 -16
-26 -1
-20 1
-23 -20
-16 -15
1 -12
-9 26
15 -15
8 8
0 -21
-5 -17
-27 -20
21 -22
-23 -2
-2 1
-15 7
-10 -1
-16 6
-1 1
-16 25
-8 -16
-13 -19
-3 1
22 -15
1 26
11 16
-19 -18
-3 7
19 -25
19 -24
1 -6
8 24
-21 -14
22 -23
-3 24
18 20
-4 23
2 23
-17 11
10 26
-23 -14
-25 17
20 -6
10 15
-15 25
-18 0
-21 -23
-2 9
-2 -2
20 18
8 -26
13 26
20 -19
-27 -16
-14 -3
-9 -19
-6 -17
-18 26
-19 5
9 2
4 -14
1 15
-11 13
19 4
15 -10
-26 24
-12 4
14 4
-22 26
5 3
9 4
26 -19
24 -18
19 26
-3 -19
24 -15
1 -7
-12 -1
5 -1
16 -17
-20 19
-8 0
-17 -18
10 -1
-3 26
13 12
14 -18
-2 -16
-21 6
1 2
-16 26
22 -27
-25 21
16 22
-26 23
-22 21
-16 0
12 -7
7 24
-16 -21
-3 -15
3 19
9 -23
-2 13
-5 -13
-15 13
-5 6
4 -7
3 15
-26 10
-24 -12
-23 24
18 19
-4 -16
-15 -19
17 -5
22 -3
-10 -5
-7 -17
15 16
6 14
26 -15
-12 0
-8 -23
22 7
9 -24
1 -1
6 17
3 1
6 -24
19 16
25 5
-22 -3
4 -27
13 -27
8 25
-22 7
-20 -15
1 -27
19 -22
16 -1
-9 -11
22 10
-8 -3
-16 -14
17 13
1 -13
-11 1
-24 -7
1 19
14 -11
19 14
7 -12
13 -21
-14 7
-21 0
-24 25
-18 -23
24 -6
23 -7
26 8
-20 17
-27 11
3 -9
20 10
-16 24
24 18
-24 -25
26 4
-6 17
18 9
-23 -25
1 4
20 6
-17 20
22 5
15 25
16 -7
2 16
1 21
13 0
0 -16
-3 9
-18 -12
-26 15
26 -24
3 7
18 -8
17 -4
-14 9
20 12
24 -1
-9 -27
-4 -6
-22 -17
-18 5
-2 2
17 -1
7 -8
19 -12
-10 -21
19 -18
-27 -23
23 -26
-4 6
-25 -18
-24 -16
-12 1
-20 15
5 -24
11 -27
23 -8
17 19
10 -12
10 3
-17 -4
0 -27
-19 15
2 -10
-7 15
8 12
19 -16
-14 -25
-12 -26
-5 20
-25 11
0 14
16 0
9 -3
7 -23
-2 11
-13 -13
23 13
4 -21
-2 -8
25 -3
-10 -13
3 -19
-8 21
11 -10
-17 24
19 -1
-15 -22
18 10
-9 -12
-10 -2
-4 25
19 23
5 16
-11 -17
-4 -20
-12 -14
1 -17
0 -17
-6 -19
6 20
-25 12
-21 -22
-3 23
0 23
-1 -23
-3 -17
-26 -19
-23 7
19 -4
16 -2
-7 -16
3 -13
7 -13
-27 -18
22 19
-21 -18
-4 2
-16 -25
16 23
15 -14
-3 -8
15 23
4 1
22 -7
-26 21
7 -10
-18 -25
9 -7
-15 19
24 8
5 11
8 11
-15 12
-14 25
12 -10
-14 -27
4 15
25 -21
-6 15
-17 18
12 21
26 18
-11 -13
-25 -22
19 12
-2 4
-22 -15
3 -4
18 -12
1 0
-19 3
16 -19
17 -2
-14 -2
-14 -11
21 -11
9 1
-16 12
26 0
4 21
-10 -19
4 -25
25 -15
-14 3
1 -19
-15 -21
-5 15
6 -22
-12 -5
-5 7
-15 -20
-3 18
-19 -8
-18 -3
21 19
16 13
16 1
12 26
17 16
23 -10
-3 12
22 3
-27 -11
-19 -7
8 10
23 10
-13 4
-25 -4
-2 8
-11 20
26 10
-18 10
1 13
10 4
1 -4
1 -21
-27 -17
11 4
-11 -11
11 -2
14 17
-2 25
24 -22
13 19
3 -26
22 9
26 -10
-7 -10
-2 22
-5 -2
14 -10
-4 -3
9 11
14 22
10 -20
0 -8
2 26
-12 9
11 17
-12 26
21 11
-27 18
13 -13
-26 11
-24 15
25 -17
19 8
1 -2
18 -2
20 -7
-3 -21
-6 6
10 -21
-17 10
-22 -13
16 -25
-22 9
19 -9
9 22
-10 24
5 -16
12 -19
26 13
-27 -27
-21 18
-14 20
-10 -26
20 -22
-15 -23
-21 -5
9 -5
6 -15
12 5
13 4
-15 -18
21 -23
20 -1
13 -22
-14 -4
13 -9
4 17
13 5
-21 -10
-5 10
24 -14
-1 18
-11 2
24 17
-8 15
-14 26
21 -2
7 -6
-8 -13
-22 1
20 8
18 -21
14 -20
-11 -27
-20 7
20 -16
25 1
-26 22
14 -19
-15 21
-20 16
-5 9
-10 -6
-27 9
-11 -22
6 -6
25 18
-3 11
18 25
22 23
-13 11
-7 6
-8 -12
2 -18
-14 -22
16 -21
-24 18
21 -6
-11 -2
-11 -23
-9 -23
4 -4
-4 14
-3 21
22 18
-20 -16
2 18
2 19
-25 -5
25 -19
16 15
-26 19
0 1
-18 7
-27 -4
-24 -23
-4 -14
6 -21
-11 -7
2 -11
-21 -8
24 14
12 25
25 25
3 23
10 8
22 -1
-13 -27
-8 4
24 -17
-8 -5
2 5
-14 15
20 -21
16 -10
19 -6
-11 -21
7 -22
-9 14
-17 0
18 16
-13 -12
-25 4
10 1
-25 26
-22 23
9 -4
23 25
-15 9
-20 9
-17 15
17 -13
-27 8
-18 -27
0 -22
-6 -3
3 5
5 -13
8 14
-3 -1
-13 25
-13 -14
-14 6
-20 12
18 -17
4 10
15 -4
2 0
19 -17
-26 9
10 -15
15 10
12 -25
-19 -3
-11 -12
0 0
-7 -14
12 1
-2 -4
-12 5
-9 -6
-1 -7
4 11
19 20
15 19
-13 2
-25 16
-21 -21
13 -8
-12 -4
-11 -5
0 21
-17 9
14 26
5 8
-22 -27
-23 9
-11 15
-25 10
14 25
6 -10
25 -1
7 -1
6 11
5 13
16 20
-9 -17
24 26
21 -13
-12 14
-16 4
18 2
-23 -4
-18 1
6 23
-6 -25
-1 -10
-10 -10
-20 24
-5 4
-1 9
21 -21
-3 -12
-25 -1
-18 -26
-26 -7
13 -12
-6 -24
1 -20
-21 -24
-25 -23
17 12
-15 0
-7 -26
-10 -22
-25 13
24 7
-2 0
-6 -14
-15 -2
-23 5
-25 20
-24 -14
7 -4
24 25
-26 -9
-9 15
6 22
20 19
-16 -2
-19 -23
18 -9
15 6
-12 2
-3 25
-27 -3
10 -17
8 -7
26 23
-6 18
18 14
-8 -22
8 4
14 -26
-4 -7
-16 -5
-27 -21
18 -1
0 10
-7 20
8 -20
-20 -10
26 -9
9 20
-22 17
11 6
22 -26
15 -2
-8 3
-19 19
11 15
23 1
2 13
-27 -6
8 1
-21 9
17 -21
-12 11
17 -10
12 -20
-26 -2
-19 17
-20 -12
13 2
3 20
-14 13
-9 18
8 13
13 15
-23 -9
16 17
-15 20
-8 24
-1 -14
17 -12
-25 -25
22 -16
-4 -23
-20 2
-22 -22
-12 19
22 2
-21 -20
22 26
-3 -14
4 -5
-18 17
-7 21
-8 18
7 -20
10 -26
26 12
8 -16
5 -2
-14 10
-2 -20
-12 15
6 19
0 -11
-26 18
10 20
-26 20
-18 13
-6 16
-9 -21
5 -7
-22 -18
-4 -10
4 23
-18 -21
24 5
19 5
8 -1
-3 22
20 24
-6 -1
-25 -24
-16 -1
25 9
-1 -16
22 -14
18 -26
-17 -8
3 26
-22 -23
15 -25
-3 16
25 12
13 14
23 9
5 -8
17 -26
-1 -19
5 9
11 -18
-4 -25
3 -7
-1 -22
13 -24
11 -13
-10 14
0 3
-2 -22
-11 -14
-24 -26
-1 -20
-23 -10
-13 23
25 24
-15 -26
-18 8
6 2
-1 16
-2 -6
7 21
0 -24
15 -21
19 18
-21 26
17 11
-24 22
1 -23
21 0
23 26
2 -5
-21 12
-10 26
-15 5
23 -27
2 22
20 -5
12 0
-21 -9
-16 23
9 -13
-13 -10
15 -26
2 -7
-20 11
6 6
-27 -14
-4 -27
-22 -25
-14 -15
12 -12
-16 -27
-19 -27
-6 26
-26 -15
10 -11
26 -13
-3 -6
-12 -3
-17 -15
18 6
-17 -5
13 11
-10 20
-27 25
13 -20
17 18
20 -12
11 -17
24 -4
-17 -7
-16 9
26 -5
24 -7
25 -20
22 1
-19 -14
-14 -1
-11 5
2 -2
-22 4
1 5
-20 18
25 11
26 5
17 3
-11 -16
1 -9
-1 3
-23 -5
9 19
-24 -5
5 20
-23 12
23 -18
-3 -23
1 -15
8 26
19 22
-7 10
9 14
11 -8
10 -7
6 13
21 22
-21 -16
-13 9
-16 -24
-9 -8
-6 -21
-26 0
-18 -8
-13 10
8 -4
-8 19
3 -8
-13 1
-7 -7
-5 17
11 9
22 25
-21 -2
20 -15
15 -8
25 -12
25 -24
10 -18
22 -11
-1 14
9 -8
3 -17
22 -17
14 19
-22 -9
24 -27
-11 24
10 16
-16 -10
-7 19
26 19
21 -8
-7 18
4 -11
-19 -5
-8 -17
5 26
15 14
12 4
11 1
-7 1
12 -4
12 13
17 8
-1 -26
26 -25
-15 2
26 15
-24 -11
6 25
-9 5
7 14
20 14
-7 24
-1 6
15 -6
20 17
17 -22
8 -13
13 6
6 -14
3 -14
-1 -8
-1 8
26 -23
-24 23
-17 -20
-9 -1
20 -2
9 12
6 -3
0 13
3 13
12 6
-12 -6
5 12
16 4
12 -1
-10 4
-23 14
-25 5
-25 25
-24 -2
-7 17
6 -13
-23 -8
-24 17
15 -24
0 12
-15 -16
20 4
15 24
-14 -24
13 8
25 -8
0 -2
5 -18
-5 -7
-26 7
-5 11
12 10
6 16
-2 -10
9 5
1 -14
4 3
20 0
-18 -1
-22 -19
-18 -18
-7 9
-19 14
-26 -3
-10 -16
-23 -22
20 -20
-10 -11
-20 0
-19 -21
-10 5
-1 -13
22 -21
-24 24
14 14
-1 25
-18 -22
-11 25
26 -18
-20 21
18 -6
17 15
12 -15
4 -22
20 -24
-17 26
15 -20
-15 8
-18 -20
19 -5
-24 7
19 9
-22 13
-2 6
18 -11
-5 8
21 -4
-6 12
-26 -16
-12 25
-27 21
-24 20
17 14
3 -6
-13 0
-6 -8
-19 2
-27 22
-26 17
26 11
-14 -14
-7 16
-19 -2
20 1
-9 -14
14 11
16 24
-5 -14
-5 14
16 -3
1 10
26 -26
-25 -20
-5 -12
-1 -25
22 17
25 -16
-1 -1
-20 20
12 -6
26 -20
15 5
25 -2
-3 -2
-10 25
-22 8
-18 11
19 -11
-3 -22
-1 -15
-5 -15
-18 -7
23 17
-19 16
2 -27
-26 -11
-7 13
-6 25
3 -16
14 -25
9 15
-19 -13
-10 -8
-17 -9
-27 -7
17 -15
-25 15
-22 -12
4 -10
10 -19
-19 -26
-15 22
20 22
25 0
14 10
-11 -6
-19 26
14 -8
7 1
5 -23
3 -27
20 26
-5 3
-21 11
0 22
0 -9
20 -10
-9 -9
14 -23
-12 21
13 -18
-25 -12
25 13
17 -18
11 18
-26 -14
8 19
-24 2
-10 2
20 -4
16 -14
5 6
10 13
-7 -1
2 1
0 9
-3 -26
25 -5
-20 6
-21 21
-7 11
25 -25
-22 -14
-3 20
12 -27
26 -27
23 -1
17 -20
10 2
-6 -9
-1 11
-27 13
19 -13
-15 -24
-24 -10
2 -14
25 2
1 -11
18 13
-4 21
3 6
-1 -27
-6 22
23 -19
11 14
21 16
0 17
25 -23
-14 4
19 -7
-24 14
-7 -18
26 -7
11 3
-16 -17
12 3
-18 19
13 22
-17 5
-22 2
-3 3
9 -17
-6 -20
-8 -21
-12 13
6 0
-11 -25
-9 0
-5 -27
-8 22
-2 -12
-4 -22
-3 17
-25 2
10 10
-8 1
0 4
-27 -24
3 -22
-23 -24
-1 -2
-14 -18
-15 -12
-13 -24
-19 6
6 18
-15 24
18 -23
6 -17
-17 -14
-8 26
-5 -3
-2 24
14 -21
-26 -27
8 -17
23 24
-26 -18
-15 17
-7 5
-22 10
-23 19
9 -9
-1 17
26 -6
-21 23
-24 -1
2 -25
-6 23
22 -13
-2 21
-6 5
7 -25
-24 -4
10 7
15 4
22 -24
-1 7
17 21
-21 -6
8 5
-16 15
14 20
7 -14
-16 21
-14 -19
-8 17
3 24
9 -27
-10 -23
23 3
-16 10
-17 -19
-12 24
-1 19
-16 -18
-16 -16
-20 -13
6 3
-7 23
15 0
21 21
1 -8
3 -1
1 9
-15 16
2 17
8 -24
24 13
-5 -19
-13 -17
18 -25
-16 17
-27 0
-15 -17
13 21
-12 3
-16 -3
-10 18
24 24
20 -27
10 -3
20 2
1 12
-14 -20
-25 7
10 14
19 17
-26 12
-6 -13
-6 1
8 23
13 25
-20 -5
5 -5
-6 21
-23 16
24 -5
-11 12
1 17
19 25
0 2
-26 -25
7 -3
-23 10
-11 -1
-27 26
-11 -15
2 -24
9 9
7 -2
17 22
-4 13
24 23
8 7
12 -14
24 1
-3 14
7 -5
-13 -15
8 -22
9 23
1 -26
-22 -11
-22 5
-3 -11
-3 6
23 -6
-15 -13
21 26
-5 -26
-2 -9
-25 18
-9 22
11 21
-8 14
6 -20
-13 24
10 -6
2 -4
18 -19
26 16
3 21
24 -8
-4 -17
23 6
3 11
-23 -18
16 -24
-1 -3
-19 13
-7 -13
-19 -6
14 1
-26 -4
19 -21
-9 10
-19 24
22 -10
-2 15
-8 2
-23 18
1 6
-9 16
-4 -4
-12 -10
17 -17
11 0
16 -13
-13 -9
-12 -22
-12 18
18 -27
-23 3
23 -21
16 16
-19 -19
-9 -16
-14 8
18 12
14 -14
3 -12
23 -16
-26 -6
23 -20
-13 -7
-10 11
11 10
8 -23
-20 3
-6 -10
-13 22
7 11
17 -23
-19 -12
-24 26
25 -6
13 -11
8 -3
-3 -20
-22 -6
-17 -17
22 4
1 7
7 15
1 8
-14 0
24 -26
-17 -26
7 -24
-17 4
-17 -2
15 2
-1 -12
9 -18
18 5
-22 -5
11 -1
-23 0
-10 -27
8 -6
-20 -18
20 23
1 -3
-21 -1
4 8
13 -7
-19 -9
-18 4
-13 20
-4 8
21 3
-9 17
24 -9
20 -23
-4 5
-25 23
-3 19
-7 -2
9 -16
-5 25
5 7
-21 20
12 22
3 -15
-23 21
-22 -10
1049
-2406 2984
185 -167
-1146 -1403
-600 -1953
122 1202
319 -2839
1394 439
-1030 -2577
-763 -882
1901 -2367
2184 -2296
2412 -3181
2051 -140
-2010 -2212
-2967 389
2695 -3030
-931 2327
-3188 604
-1881 -1202
-1270 -516
-1034 -1685
-296 1654
1432 1604
2387 -2111
389 207
1255 1816
-574 -1125
-1662 -2347
-55 163
2757 212
-1811 535
597 -1936
-2501 -2920
-1226 292
-1444 1336
2798 1792
-721 -748
3375 -1899
2611 -32
-906 -1497
-1990 3197
-1127 1414
577 -1151
-2634 -2007
1325 1523
606 1992
-377 3305
-3160 -804
-3168 1888
2602 -2923
2504 367
-2334 -1713
-3089 2576
1066 394
1558 1429
2930 -331
504 523
200 -3217
1899 3341
-2310 1793
2395 3216
1652 -1533
-1187 1694
-1003 -735
2544 -1766
-484 1914
-977 -3313
3400 3158
2300 -604
-1476 -2479
-1226 464
-1271 -145
1963 470
-506 -2778
-3279 -2091
339 1307
-17 -3393
-2829 2826
2344 3268
3056 -419
3223 2226
2944 -3368
2342 -2333
-139 -1473
2136 -1885
-110 3533
2071 -931
369 -1118
135 545
-2343 3063
1018 -2772
-1195 857
1853 155
1648 1872
-3553 -251
1500 1908
1689 -2547
1554 2403
697 73
492 -3232
2993 -1366
-1153 2115
-2020 2272
3084 1249
-1343 3185
2844 -624
1895 301
1691 505
-2975 -2415
886 2459
-3389 774
2975 456
922 -3266
1231 2070
1827 235
1795 2332
-855 1444
-2729 -2122
2690 -1548
1478 -1792
-3013 -3512
2460 1987
783 1373
3 -3538
2639 -3260
-1447 948
2931 2388
-2333 -1778
710 -2118
-2110 -3362
-3232 -3362
-1380 719
3366 3189
-1186 -3301
-1060 2791
229 1147
-950 45
-1500 301
148 633
1887 1597
-1229 -3071
2454 -2774
-3087 -487
1781 1811
1578 -948
248 1150
-3059 -1945
-500 1805
1914 -1390
273 -2634
-410 -436
-213 -2706
-302 -46
-160 1129
-1406 3291
-260 928
3345 1123
-2241 -161
-1151 1874
2208 1786
-1352 -432
260 -2693
1814 -48
-497 211
-2765 2014
2034 3131
2902 3214
-3235 1477
2935 811
-1908 -2772
-850 -352
1413 644
-2619 1998
2530 632
1520 -1349
3050 -1937
-3555 -3213
42 -1055
446 3470
3192 1107
2588 1878
1880 -2147
805 -533
887 2293
-1442 -1420
-1427 -942
2395 -1716
1688 -2322
43 -649
-2477 1912
689 2416
845 526
1349 -1856
2694 -28
-726 2069
-1412 -3445
-568 1701
1508 2249
1865 2637
-2083 -824
2241 -3430
822 2502
-2850 3395
2815 -1167
-649 -2295
-3492 1428
2929 2212
678 1003
-2027 3484
1204 -2625
-2787 -1711
2440 -1650
2789 3095
1572 -2310
-290 2089
2234 12
2173 1297
-3205 -2347
1707 1713
-1913 1865
1430 433
587 3520
2108 -131
-15 -102
-193 3170
-39 431
484 -1339
-2931 1992
-3138 1273
931 -1363
3471 1531
-1461 1348
-2953 -125
3544 -309
3253 665
-76 954
-430 -478
-3429 184
-3419 2174
-2998 2984
833 2727
2656 335
1586 -857
-2462 3213
-754 -802
3397 3102
-1935 -2049
340 -2748
-1007 262
-2630 -773
1089 -1863
-2679 2648
-3520 -528
-3223 -3481
-991 -3086
1780 2344
2597 -2691
334 -108
-2004 -2606
-1478 3250
-1421 3051
-2561 2856
-280 -2855
-2431 -2688
777 -2802
-2540 522
-1470 -3484
-1388 -1904
-1180 600
2911 -2238
1515 -993
-3212 -3395
3408 3195
-3491 -3502
2326 1929
2984 1921
-3016 -1261
-980 753
-1001 1773
3550 -1179
-783 1174
-3022 -2452
788 2789
2207 -2204
-605 1437
2443 -1644
23 1479
-1330 2629
-2705 -1870
-29 1045
738 2770
49 1616
2993 -790
1624 274
-1526 -2033
2598 2965
-2697 2034
2849 308
1732 97
959 1082
-2841 -3044
-839 890
1851 919
710 -1212
-1971 1665
-397 1368
1247 -1441
-3423 -3070
2762 -2419
2719 -550
2822 2402
1702 2814
1557 -2425
2172 807
1782 2901
3215 -395
334 1040
2955 56
-2768 435
1599 1660
-1539 -2215
-1046 2831
127 637
3267 3123
2511 767
3534 1315
-2754 -2172
266 -1525
-703 1520
919 3104
-1371 1067
1957 -2087
-3350 3205
727 2825
2997 3519
1223 2442
1469 3112
363 576
2822 -1480
-3339 2303
564 197
-3264 49
-1273 -865
-994 704
-1955 -2102
-2234 -2003
-1986 -2720
1419 -1870
3321 2040
1160 -430
1291 879
-392 -2821
-1337 -1039
914 2965
161 1948
-391 306
2701 2066
-271 -3278
-843 -2591
341 3041
3271 3096
2894 583
-2676 -1704
902 2149
-795 -572
1019 511
2329 -1153
686 -142
-3423 457
2699 2931
-340 973
-964 2505
-426 -1974
3374 -2944
2083 -1724
-156 3019
-3294 1062
426 1373
3508 -2249
2402 -516
252 990
1354 2323
-2192 -813
2215 2819
-2858 -781
3219 2493
-3494 2015
1401 -2658
2291 -3206
3337 -609
3038 2989
1647 2976
-2479 -2735
2558 -2895
-1526 3505
-614 3133
904 -711
-2293 -1309
-3209 -906
206 -3366
-1495 508
-1883 -3320
2984 1366
-338 -2417
1248 -1411
1145 -291
97 -2328
-3006 -2050
338 3421
-2745 -136
3129 2689
2276 -1741
-2193 697
-3142 -3149
1368 -3554
-3474 -3277
640 1695
-2883 1096
1945 -2955
549 1599
2537 184
-2057 3500
1096 1321
-183 1816
-1936 2972
688 -2994
-1955 2557
-3454 810
-1748 2139
-2735 446
-1769 -2971
1428 -1261
3374 -760
-177 1872
890 1058
-1613 -1110
2458 1782
-639 -168
-495 -580
-3065 -1494
-609 1580
2645 2822
-2189 1127
-887 -498
-2702 1787
614 -599
2113 -2087
1803 -492
-3065 1324
-1800 -2811
1590 -865
-1676 1964
2768 1564
1402 -889
2773 -2115
-151 784
-358 -39
1050 1245
1590 2549
3197 -3173
15 -349
-1452 1512
298 1308
3201 1196
743 -674
-1909 -1205
-182 -230
1555 -1478
269 2540
-890 139
-2517 240
-2325 1030
3303 2614
-1844 -2706
3331 -3303
857 -1042
2086 -759
-2185 374
-2899 619
-2448 2790
2473 2762
2493 -1235
-967 -2931
1750 2054
-3042 -1251
2209 -1280
28 -2400
1193 -3479
1873 1975
2286 -2218
-2018 -456
-1822 2729
1106 2289
-2756 -3464
814 3514
1485 2366
-605 181
-1768 -2744
328 -3211
1087 -2586
-1057 2088
1032 795
-465 315
494 -2597
-1748 -344
-1620 -407
210 -458
2580 -798
89 -1986
-2802 -2671
-854 -1331
-3188 -2064
776 771
594 1424
1954 1110
2035 3005
3453 580
46 -1296
-986 -2949
1288 -1526
-3420 -1865
-2053 -2094
-1844 -1561
2179 -3292
-1114 3260
-2719 -2129
1053 1704
777 -328
308 -1850
1206 -800
2244 2740
-2818 2607
-222 -1766
-1928 2483
797 2086
-1839 -999
1941 2813
13 -2377
-3281 -2297
-1141 -2301
1005 1752
1786 2316
-1214 -1329
2063 -1453
2443 621
-2591 -99
-943 2515
-3021 -1624
-1325 424
1056 -2553
129 -1050
-3210 4
2355 -312
1352 2561
-168 2770
2303 -2765
-1182 -3427
3083 -252
2262 -3354
-1348 -1180
-2215 -2151
117 1346
-74 2663
-1904 -2972
1669 -3295
-1804 1377
3237 -2984
-1734 2863
1250 1187
2288 559
2658 -2364
2508 1649
-679 3159
-1301 -2244
948 -2792
-1774 -3362
-902 -1432
-3512 -1523
-2537 204
-793 -2776
786 2586
-1897 -1731
1270 -3456
-1893 1015
1310 -2469
1575 -229
1009 -1751
1246 -881
374 -701
1779 2312
-903 -181
277 -3449
-2918 -1218
-2250 -1312
3559 2133
-2412 1598
-2616 -1818
230 22
2200 2690
3027 -490
1787 2203
1299 1874
-2189 -1740
-751 2299
541 3125
3064 -484
3232 -1839
-2037 3243
-1851 -1603
-3087 -2145
-446 -224
-1115 -492
1329 3026
1180 -271
-42 1050
-2353 -2822
-2915 1744
-1312 -241
2218 283
-2399 -2072
-2550 -361
-2465 1643
-578 3031
-1506 84
-1200 -1732
3151 -2657
-531 -2617
3124 -1019
3331 2417
3005 1625
3516 3548
2218 -1978
-111 2052
1600 2391
-3502 2880
193 2938
-855 1168
3172 -2158
1406 2546
1707 -3225
-2571 908
3059 -1468
-332 -3272
-2017 -3507
280 823
1941 1043
1048 1411
-2078 -1298
33 3150
-751 -178
1288 -1392
-1898 -2163
1198 -119
2185 220
-2955 3340
1894 -2927
-1015 -3221
-814 3290
3194 -2451
2928 3505
-2482 1881
1889 -1141
-1541 2149
2185 -1098
2370 -232
1934 1311
-289 1648
372 -1730
-3003 -2952
-860 1710
2638 3162
-1869 -3211
-744 2941
-3170 1844
2420 -3061
1411 -685
-2616 3546
-949 2181
739 2125
-108 59
-2800 3062
2947 127
68 1546
-3353 -2073
2914 2768
944 -1764
-2642 488
-1243 295
-25 957
-2571 1463
901 -746
-1778 1657
-871 -546
2578 1308
948 -410
-1921 1639
1192 2620
-1587 370
-1822 -2173
-3126 3094
-3151 534
-143 3042
-7 282
2666 -29
3200 -3345
-789 2342
498 -2774
-501 477
575 1786
2223 -1715
2705 517
1270 -560
-2196 87
-3201 963
-2690 2103
-494 3294
1335 -3251
1948 2771
-1510 -845
3252 693
-2296 -256
1258 3399
-34 443
-89 3285
1421 2586
-3248 2795
3007 -3218
2780 241
849 691
-1147 2679
-956 -3303
-2045 -693
-2522 -1166
3516 348
2405 3513
264 -1839
644 931
-184 -765
2782 1965
3190 -1444
-3378 -2199
3024 -1509
-1767 -74
1006 262
548 1754
-3077 -3534
-753 3335
-895 -423
1851 3232
-1891 1584
1999 -2017
-127 1068
1566 1756
1056 -2687
-1779 2187
-3244 1591
3288 -925
1891 -2759
-1596 2695
2392 -1389
2231 2066
-74 -633
-2244 2620
296 132
-1222 1315
-389 476
2140 -2496
2037 1177
2675 360
2126 -2821
-2808 -2797
-2684 2376
-946 -2436
-2786 -2920
3051 -2034
2238 2020
-2384 2903
-2087 1067
-490 1971
-77 400
-848 2320
1107 -484
-729 233
-3138 899
-2328 -3526
2143 2782
2154 -753
-1916 876
1076 1641
604 2925
1571 78
-1268 -1731
-1167 3548
-2968 2770
2857 -1078
-1201 -814
-2409 2298
-712 -2397
-2451 3495
1761 1064
1503 1295
446 197
880 261
-2130 2728
1278 -690
2785 3284
-56 2973
2429 -3269
-3472 573
2416 -2809
2675 -2373
88 3181
308 -2586
582 2670
2305 -3020
-935 -1740
-114 -3150
-713 3301
621 3175
-698 2567
3400 3014
-3415 2600
53 342
2350 -1815
-3057 -3353
-1620 695
-2515 -677
3354 1557
-1364 -673
2562 -2351
3384 -1011
564 3345
-368 3216
487 -494
-2170 -1110
-3142 2997
1238 -251
2601 -529
3398 -2972
2155 -109
-1892 821
-1672 3181
2894 1679
-2216 2814
3553 -1942
791 -921
-3043 2414
-732 1260
2696 -789
-7 1655
-2609 -2078
740 2382
-1692 2976
756 2106
-128 1461
-3296 13
-1111 556
3081 607
-3465 -3175
-2553 -3084
2521 -1959
1265 -843
-387 -2573
-3418 -2894
-2700 -3534
193 1186
1243 187
-2494 1270
1166 730
1942 2728
3511 -2949
-2088 -1693
220 -1945
2545 -1673
1599 -1530
3243 -733
-1906 -2885
-2684 1799
1731 -1272
3438 3342
1846 -754
-301 1084
2975 -127
2181 -2774
-896 383
220 1483
2030 771
-2784 -2463
-824 -1246
2262 -567
-1457 2761
3536 1592
534 -3303
-1171 3544
-556 -2943
2608 -788
2764 -1538
-668 1036
2302 -1648
3164 2244
462 3268
-1632 -1601
833 -2870
-2060 1156
2360 -2606
-573 -3374
-2874 -384
1274 -2898
-773 1449
-3193 1149
1523 -575
-2593 -1416
-407 -2061
606 -2212
-2220 -2092
2386 3058
1292 -1084
1513 -1374
-1338 -486
-2672 -2546
2258 1779
621 2502
-1978 -2418
2156 -95
-2397 2807
-338 442
1405 2894
-1360 -250
-359 843
-3536 2456
-594 1529
2706 -153
-3266 1836
-840 2358
862 -184
-1112 2757
-399 1047
3271 -2935
2507 1951
1979 93
1521 2662
1503 -6
1174 1242
119 -2125
-2489 -2543
-1533 -3554
2440 -134
-1911 119
2376 -993
-1725 503
-2633 -2496
2311 -204
3561 3324
-2563 1766
2778 3054
-2797 -3370
1248 738
2908 2594
-1720 -357
2096 2977
-2535 -158
-1379 1696
-1875 2053
2115 -1666
2126 -311
3373 979
-1699 533
-1630 -721
149 -2906
3211 -334
1943 944
2600 960
1558 1328
-828 934
2066 -549
-2841 -1810
1842 649
121 -2518
-1894 -3516
1043 185
284 -2249
-446 -1613
627 1541
-3387 1795
211 -3016
-1666 576
397 -710
-3291 2391
2462 -1845
-960 -1175
-642 2679
2239 -611
3502 1747
3331 3242
2298 204
3439 -1222
127 -1907
-2018 -2130
-1226 -1821
1436 -3230
3150 2198
2425 3173
368 -1962
-3072 40
-2844 -2169
-2554 1480
545 -1133
2413 2026
-23 -3461
-104 994
-558 3393
2065 807
3553 333
742 -1610
930 -14
1722 -1598
-1918 2341
936 2901
29 -1759
-2949 -698
-2965 3409
3120 -2049
-2890 -629
-1387 825
3311 -1091
3059 3006
1622 -2272
2630 -1909
199 -1323
-1747 480
-175 -2352
-1827 3390
-1277 408
-2016 -3540
-2552 319
1211 853
489 -2292
-1011 1945
841 555
1395 2222
2132 1902
-2768 2428
168 2386
2242 -3166
-226 -2735
-3064 -40
-2886 2343
-3121 3074
-2899 35
647
2985 -1107
-3619 4968
-2765 3641
-4662 2547
794 3190
4944 2589
-4775 -2331
127 -3362
-3003 -3760
-4502 -945
2877 4132
-52 -2853
4648 1505
4688 265
4633 -4181
3100 -4826
-5469 -3556
3552 -2393
1889 -1586
2325 1671
-1008 -236
-1295 5425
-2856 3237
2776 -2000
-2387 4474
4077 -970
715 3162
-2763 -2341
2921 -3636
-4458 3191
243 3635
3821 3908
3100 -2663
3416 -941
2066 2171
-5062 4440
3597 4689
-2564 -4347
-2057 3839
-2127 3881
2638 1903
2796 -2045
125 -4550
-1570 -2061
-1740 -1997
2791 4415
-2821 -2377
-1762 2326
-1910 471
3073 -2178
-3934 715
-684 4132
-2390 3112
4425 -5406
2436 942
-4891 -3195
-4933 -2096
-5555 3390
971 -3264
-4821 2555
-5145 -1462
2769 -3986
868 -3671
2313 -3495
5434 615
-5496 -3499
-2412 -3321
-4572 4682
-3331 457
-467 -2648
874 -4787
-5141 801
-3636 844
4790 -5502
1210 -2028
3108 -4601
-756 5030
-596 -3588
-3921 -997
-5560 1738
2597 -147
-5040 171
1773 -1964
1042 -1486
4948 757
4727 4535
5123 2273
1824 -2737
-2015 1975
1398 4287
5049 -806
5424 2780
-3115 3371
2174 -280
-5261 639
184 -5164
3089 -3797
-3391 -4759
-3248 -3364
1574 -960
-23 -4025
2959 5454
-3437 4811
-5020 -2435
-4170 -442
-4342 -2953
-351 -2611
4220 -299
-5036 264
-155 4371
-4156 -5125
1240 -4261
-5465 -4837
3188 2987
230 1248
-3885 -3891
-4822 1943
1341 -4006
2871 -2947
730 3154
-5097 284
5124 4372
-3334 2447
-2308 -1146
1703 -1031
-3512 -4112
4856 -4239
2070 1607
3548 -1583
3700 2212
-2526 -1572
-2949 1515
365 -3930
3282 -1970
-977 -1024
-5541 546
3640 -5298
358 -4806
-2161 4566
324 -3033
96 3066
3340 4401
-5004 1866
-1372 2704
1490 -4761
4305 -1607
925 -1272
-296 4320
-2232 -1752
-1483 1255
-618 -1460
-2196 -966
2997 2971
-3236 -3165
-3396 4148
-2417 -4332
-3814 -5560
-1109 3032
2383 -3018
1123 2434
-725 -2180
299 2402
-3466 4168
4182 -2978
4106 1951
-881 -3943
-3232 1701
2815 -872
-3270 -432
-4108 -1923
-686 -797
4266 2553
-5492 -5097
551 5417
-3293 329
-4229 -150
4269 -2639
1219 3506
-5462 -1148
-5377 4063
3082 -507
-630 -2433
3106 -3205
4360 3722
2551 -1693
-4068 -5439
2081 -5212
-3331 -5465
2596 -4650
896 1569
516 2694
3051 1603
-1646 -3036
588 -4946
4884 3439
445 2686
-4222 -5006
-2220 -3562
2288 -4654
-4563 -2605
-2440 -4393
3839 3286
-3156 -197
-4564 3473
-5015 1929
3340 -4208
4279 -4941
-4923 -3148
5149 -3359
810 -1526
5341 1067
-2290 1380
-4719 5329
-908 2922
4105 -3139
-4108 -210
5297 -2811
5413 993
-704 -4260
-4053 -2774
-169 2317
-1747 -1774
1107 -5121
-4081 -1453
-3663 4039
-1106 2429
-2408 -3602
4236 551
2203 262
-5493 4022
3314 2742
-4502 682
3582 -2913
4787 -2995
848 1023
3861 -1216
-3111 -5079
-4986 -2414
-199 -4511
-402 2652
2956 -678
-2526 2428
-630 -3319
-3897 -2991
-1765 2962
-5296 3339
334 1203
5287 4492
2283 4697
3136 2128
-4427 -2948
-3417 -4253
781 -639
1572 4349
-4755 1139
5282 601
-1963 -413
1964 -4981
191 -1975
-1287 636
2527 3296
-1401 4825
910 3334
5538 5045
2557 -1678
-4264 1560
-4118 -3133
-2523 -83
2162 -1078
-3243 3834
-970 4855
-406 -3321
2907 1073
-1496 4697
5334 -148
2752 1330
-3578 3205
-2280 3895
3065 -5455
5561 1522
-3434 4670
-232 -4723
-692 295
-1381 -1125
-2408 -4765
-5289 -3594
3164 1898
-481 -4821
3284 3728
3984 -4385
2459 -3245
-2403 -1314
1008 -1276
5308 -190
2964 -139
5186 -4807
-4181 4694
2367 -2575
-4398 -1822
-144 2038
-3369 -4551
-5135 -4887
4008 -1888
2441 588
2559 2561
3846 5109
-1228 1086
3564 -4395
-1211 -1479
2197 4798
2746 3918
5354 -5492
-132 -4263
4149 3053
4825 3134
-3990 1457
-3197 4939
3808 2247
-2782 -2755
2868 2726
-4904 -1361
2914 2250
3066 -3599
2129 -975
3585 -2707
-4574 618
-1680 988
-1207 442
-2334 -4693
-1854 -3192
-2516 -39
4531 -204
4040 529
-3693 -5105
4097 -4199
2752 5237
-4673 -873
390 -5493
971 1532
4063 -1765
-4192 835
-4876 -2949
1989 1339
682 2732
5359 413
231 4292
-3152 -559
4403 4627
-3786 3824
4346 4209
3722 5396
1008 4149
5064 -2464
540 -2533
1475 5366
4416 -1152
-606 3956
-3063 -3143
-1962 -2769
-758 -3172
-1295 -1233
-5277 4354
-391 3679
940 5462
1425 5088
-1823 5455
-4408 -2790
1925 3730
-5382 2675
3659 -5201
-1735 3637
3598 975
839 -2185
-2476 2999
-1641 2036
-606 -4965
-2290 759
-2282 -3170
2358 -4529
-1712 3053
-455 3423
3581 1375
-108 4387
-4313 -1427
4191 783
-3685 -5121
-658 1979
269 -2320
-2229 2908
3437 110
4235 5521
-4045 -778
887 -2073
3252 -3077
2151 -2535
2273 205
198 4191
1041 -726
-3847 1406
262 -5491
3214 -4304
5325 -725
3277 -3866
-5289 51
2374 1548
-2763 -1583
-82 -272
4016 3104
3485 -3217
-354 -2042
-3291 1133
-5355 2377
128 -3808
957 899
-752 -4483
4110 3834
1915 -2125
2828 -354
-2257 808
-618 2148
-3636 1650
-3901 362
-5047 -1637
5183 -1419
834 -638
4703 -4722
156 3455
-1648 3557
-1321 1393
-1642 1831
-2576 4358
-3458 1496
-2289 2467
-4 1781
-3789 1086
2331 -3160
-914 2551
-5169 4382
-2848 -3653
-1966 -2523
-680 2012
-321 -256
5307 5450
2980 4685
-4688 2262
-1022 3162
-2146 4958
43 -1305
384 -347
-4602 2199
4886 4081
-18 -5271
4738 -1414
385 -352
3990 -2299
-2185 -1816
2362 -2486
-2101 -2392
-4618 4140
5471 -2371
3265 2840
5243 -4221
1965 -7
4661 3107
-1729 4891
1236 -3042
2032 2999
5019 1937
3393 -3549
4378 -2018
-2028 -2253
-1734 -3469
4019 3547
1014 1098
-4701 -2581
4570 1429
-4813 5338
-2235 3459
2338 312
4476 -3083
3232 2104
5160 2679
-4328 4557
-5287 3503
-3449 -1481
1073 3105
-4707 3818
-3047 700
573 -4628
920 -111
2991 -3467
-695 -3162
-5130 -4927
1638 3994
-2135 2357
3907 3723
3767 -3742
-3198 5121
-1366 -4394
-1322 695
2429 -67
-2002 2420
4446 4726
4986 389
-3905 -3676
274 -3798
264 -632
5400 3142
-1185 -296
3136 4207
-2387 1688
-4373 2359
-3592 5177
156 362
-5005 3436
5208 1877
165 1734
5282 -5275
4722 4511
2934 3713
-1828 2251
-5266 444
-3610 3213
4946 1195
-3640 -1461
2774 5127
2498 -5169
-1672 4916
-2937 -3059
820 -1077
4383 234
4520 -5038
-2236 2341
-2609 -2527
-5538 -1615
1465 -4508
-5518 5102
-2434 -248
533 2604
-1044 3788
-1858 -2841
-5375 -5358
-71 -479
1370 1398
-1343 -2933
4445 2675
3681 -681
-2791 336
-2013 4582
-2305 467
-3503 -2213
4191 4738
-4128 -896
2210 338
635 -2699
-3810 -3499
810 -869
5132 4767
1494 -930
125 1842
4796 -5353
-2352 1807
-4359 -931
4097 -2819
-4548 -1450
430 4785
848 -341
-601 -3041
5158 -1870
-4200 -1763
3115 3564
-2820 -5453
4046 -1565
47 -3861
2096 -2351
904 -2338
5185 -936
4231 -3325
-2400 -202
-670 4572
633 3985
-4741 -5516
-1870 -3769
5171 -972
-3672 -4293
-3390 -2934
-4429 -4331
-1030 -5136
4312 -4616
-1502 -3746
3872 204
280 -3824
4817 -1710
3408 1270
-3414 292
4649 -4967
3020 -3039
-4411 -2929
-764 -5243
-3763 328
-5091 -1109
-2661 1205
2679 -624
599 -4834
2966 2410
-442 -4857
-4563 -4915
-775 4190
-30 -979
-21 -1739
2514 -5003
-4331 -224
-2401 4332
-2925 4451
4158 -1109
-3511 7
5415 4815
68 -2162
-2664 -155
-512 -2777
-4338 -1988
-5399 743
-1553 2373
-1785 -1178
3926 2250
4530 -4008
-3519 -86
-1340 -4167
-5012 -974
1034 -2188
-3969 -498
629 -3144
-4035 3554
-2997 -628
1057 4035
-2843 3277
4938 1530
-30 3905
-296 536
-159 -949
-2737 -3535
-5301 -3401
1922 -4293
-3708 4593
837 -4042
-2604 -2178
-2445 -2082
99
-996 505
-605 318
229 1007
837 -231
-1066 -1009
-798 -557
-37 541
1084 493
-901 954
-566 -410
-755 -144
-121 -468
-1081 -311
-1002 415
221 -162
1042 978
-720 -308
-33 -177
710 107
756 634
-528 -403
359 1089
-840 -947
-1081 744
-414 -653
498 1050
-57 -980
-600 522
145 -156
-252 -906
-345 -318
-335 -822
-211 264
-665 -962
365 756
-648 -196
322 48
-712 -634
-281 -960
-264 837
-353 712
822 1043
671 506
-380 -194
115 -508
-240 -271
-578 -737
149 -398
375 1012
48 -1085
108 -1006
464 502
-139 223
-1000 -520
-477 -317
-403 148
-106 -1080
865 -319
154 893
-1039 -390
-169 572
-834 -16
-601 64
575 1014
-1085 -837
-530 123
-74 -170
418 -22
-896 13
668 14
-552 264
-932 803
-467 925
-643 -185
-336 -7
-197 -139
137 290
-536 699
219 14
718 -116
644 -318
-255 -535
303 -19
940 964
1084 431
-600 -724
780 -937
-351 349
261 -272
-260 566
778 579
-863 298
449 121
-557 1056
-534 -542
-277 -1043
882 26
-849 -957
799 -903
4
0 0
0 100
100 0
100 100
2000
-14 16
3 7
-16 17
-19 12
-20 6
14 -11
1 15
-9 3
10 -19
-23 -19
24 -9
21 20
4 -16
-3 23
16 22
17 -25
16 -8
17 -23
-3 15
-16 -12
-2 4
-19 3
13 -16
3 -19
-20 21
14 -18
4 5
15 15
-12 -1
-4 -14
-7 11
-22 19
0 5
-25 -13
-22 -5
4 22
-25 -1
-20 -23
23 4
17 13
18 -22
19 2
12 -9
16 -10
-21 7
-12 -18
6 -9
-18 -17
-2 -15
6 -20
-20 -24
-19 21
23 -20
-22 16
21 0
-1 24
-8 -4
-2 -20
19 -6
-14 -11
-4 6
-20 -7
-12 -10
-12 20
16 5
23 -19
-7 20
16 -20
-16 -14
-19 -1
-10 22
-8 0
19 -21
2 13
16 -24
22 18
11 24
13 24
-15 -2
17 14
15 6
-18 6
10 -16
-18 -25
1 -19
0 -9
-13 -2
-16 14
-18 -9
20 15
22 -17
-12 -19
-15 -5
3 3
23 -6
-19 -19
21 -14
20 10
-7 -19
-2 -17
24 7
-10 -19
-6 -18
-17 -11
8 -13
23 16
3 -13
6 1
20 18
-23 -23
12 -14
14 3
-11 22
6 18
-16 -20
-24 -20
11 -11
-18 -1
-13 12
16 21
14 17
-9 -23
12 12
-17 21
-13 -4
5 3
10 8
-23 -25
-16 -8
-25 -15
8 4
-9 17
-14 -6
-11 -1
-1 15
0 2
1 -20
13 9
-11 4
-23 17
19 13
-3 11
-10 -17
0 -4
-20 19
-13 22
-1 -8
24 22
18 17
-23 -3
2 -13
5 12
-13 -3
-8 14
11 21
8 18
-24 -22
-10 6
18 -21
5 -3
-7 2
2 -11
-8 5
7 -16
-1 -11
18 -6
7 -18
-7 -5
-8 -19
-17 -3
4 -13
-7 1
-8 7
13 -15
21 -16
15 -18
-13 5
22 12
-20 1
13 10
-18 -3
-21 -15
19 -18
-4 -13
15 -17
-8 9
6 14
-18 -24
-8 17
20 7
-13 7
2 6
0 -15
20 -13
-12 17
-3 22
7 3
10 -24
-22 -15
15 19
-3 -8
24 2
8 24
14 -13
0 -21
-3 12
-7 -7
12 -4
-9 9
21 -17
24 -18
14 19
-16 -21
5 -5
-2 14
-4 19
17 6
-24 -9
23 -5
22 9
18 9
12 -16
8 3
-4 -20
-16 13
-17 15
17 23
24 -20
-12 -20
13 6
-10 3
-22 6
-14 5
-16 19
23 -7
7 11
-10 11
1 -21
-20 -11
5 22
17 -11
-4 -15
16 -23
4 14
-17 -1
-11 -2
-18 -11
-19 23
-10 -8
14 -10
20 -9
4 10
-6 3
-11 -10
-2 0
23 3
12 -7
-22 -2
-19 18
-13 -1
8 2
-7 -8
-3 -13
8 16
9 20
-10 23
-5 1
9 -3
-14 23
-17 19
14 23
-7 14
2 -9
12 -5
22 21
-7 -17
7 -13
24 19
-3 17
-11 -25
22 13
5 18
-21 -14
19 6
5 15
15 14
-19 1
20 11
17 -3
21 1
22 -25
-7 -6
23 12
-2 -21
-18 2
23 23
23 14
3 -25
-2 22
-20 -4
-4 8
-3 -15
22 6
-11 -23
21 23
-20 -16
-14 19
23 15
2 10
7 24
24 -10
7 -2
-19 -11
3 -11
2 16
17 22
16 11
20 9
-11 -21
20 13
-6 -16
-20 18
9 -5
-24 15
15 22
-15 -14
-20 -3
7 18
14 13
8 15
-21 14
23 -4
-22 -3
-2 18
-2 10
-5 19
-18 -23
18 -17
14 -5
-22 24
-11 24
-4 -11
20 8
-1 -22
12 10
-3 -3
11 -14
17 -1
-11 -5
14 0
4 -1
-11 15
15 13
-20 -22
12 -21
24 -19
19 1
-22 10
1 -17
13 23
12 -15
18 12
-2 -5
21 -11
15 -25
-1 13
-21 16
11 -6
-23 10
6 -11
-7 12
20 -1
-20 -18
15 11
-3 3
15 16
4 1
-18 -22
22 -11
3 -1
18 -4
6 -4
18 7
-15 -12
-18 -18
-12 -14
0 0
-21 -20
6 -19
19 -14
-21 -19
-2 3
1 -18
-6 15
-5 -24
10 -1
-6 5
2 21
10 0
-20 -13
-14 -13
20 -17
0 -23
8 -25
19 19
4 -9
19 14
10 -6
20 21
11 -25
4 11
5 -10
23 -8
15 -22
15 -5
8 -6
15 -3
3 23
11 18
-9 -12
-23 21
-1 -5
-23 -8
-4 -10
4 24
-3 -9
-2 13
19 16
-18 19
-8 3
19 -5
-17 -9
16 0
4 -23
8 -1
11 -13
-14 -25
-25 18
4 7
20 -3
11 -23
2 -8
21 -24
4 -6
21 -23
-17 -4
24 3
3 2
20 -19
-4 10
-21 -7
10 24
20 -10
-22 14
-6 -8
24 14
-19 -8
22 -2
-8 20
15 -1
-4 3
-15 -15
8 -19
-17 -12
19 -1
-25 -8
-22 18
-8 -1
-9 -15
18 -15
-7 -14
-17 -15
-22 -23
-9 5
-15 -3
-24 -6
10 -5
-4 -3
-13 -23
-25 17
15 8
20 -12
-14 8
-17 0
-8 -21
-6 4
21 6
-21 -4
-25 -24
-3 -14
3 21
7 -9
6 10
-16 -1
20 14
1 5
1 -5
3 -9
0 7
24 -11
3 -8
-8 -20
-23 -6
-17 20
23 -1
22 5
-9 0
4 17
-16 -6
24 17
-11 20
6 -22
-24 0
18 -11
2 -2
1 -23
10 -20
-13 11
-5 13
-22 12
1 11
9 21
-7 -25
-14 -4
-21 -10
8 -11
-22 -10
14 2
-11 -13
6 11
11 6
10 -10
1 20
-24 -8
4 23
2 3
7 8
-14 21
-23 24
-5 17
8 -8
-25 -6
-24 10
9 -22
-7 -13
-3 16
-17 -8
18 -16
21 -7
-16 18
21 13
-11 -3
16 14
11 -8
-1 19
-15 -8
-15 -9
3 -15
-2 1
-5 -12
-2 -24
-23 22
17 17
-20 3
-11 9
5 -4
11 -16
-12 5
19 23
-8 -22
18 10
24 -21
-6 2
-14 3
13 -6
-11 -11
13 -17
6 6
17 -16
6 22
-10 18
-11 -14
-5 14
-3 -21
-20 24
-14 2
12 23
21 9
12 -10
24 -14
-6 -10
20 -23
13 -22
24 -12
-24 12
11 -18
-25 0
15 4
-8 -7
-15 -18
-2 24
-8 2
-24 5
-21 20
13 -11
22 24
-22 -14
-11 -22
-12 1
-2 -16
-5 -10
-19 13
-23 -1
-13 -22
22 10
-2 8
19 -13
-13 -18
9 -16
-25 -7
-18 18
-25 24
19 21
24 5
-25 -18
-10 -9
-21 9
-11 -7
24 -8
-22 21
-11 13
22 0
11 16
-13 18
-7 22
-9 -10
-15 2
12 -22
2 7
7 13
15 17
-20 13
-15 -21
15 20
22 -18
9 14
10 -17
-14 -24
17 -14
6 -12
-6 24
-1 -16
17 -22
19 12
9 -20
-2 9
-7 -16
-24 17
-22 -16
17 4
1 0
21 -20
-5 -6
-17 18
-21 -16
12 -8
-11 -9
-9 -25
18 -2
-22 -24
21 7
5 -2
-9 -11
1 24
-17 -23
-9 -18
11 13
-6 -13
-14 15
-17 -17
19 -8
18 -9
-3 14
-10 -3
-15 -19
0 -18
13 -8
-6 21
-5 -21
6 -14
3 -7
10 -25
-5 -13
-1 -12
-25 -19
-12 -4
-14 -22
-4 -22
-21 3
-19 -22
-14 22
-17 2
9 5
-3 -16
3 -16
-2 -7
-23 -15
-25 -5
-15 18
9 16
6 -1
-9 -17
-12 24
5 5
-12 6
-7 -2
-17 -13
6 12
-24 -14
-14 -21
14 -1
-21 17
-22 1
21 -19
-13 -12
-17 -16
4 -11
2 -25
-19 9
-4 21
-23 11
-11 0
12 14
-1 23
2 -5
2 -20
10 -22
23 18
-2 23
15 -7
-7 15
15 -21
-17 13
21 -9
7 -15
-4 7
24 -16
5 23
-5 -11
21 -18
-5 -17
-25 -10
-1 5
0 -7
-7 24
-15 -25
-6 -23
10 20
0 1
-15 19
-17 -2
12 20
4 18
-9 -5
19 -23
-20 15
-25 23
14 22
-22 0
-23 -18
-18 15
17 -4
-23 -11
-2 -10
12 24
-19 7
7 19
7 -4
-22 13
-12 -9
-19 -16
-9 8
-16 8
5 9
-9 12
-16 12
-24 -2
-18 21
20 2
11 22
9 -18
24 9
15 18
20 -16
14 6
1 -6
-15 8
-2 15
-21 10
-23 1
-19 5
-5 4
-11 5
-7 21
-22 9
-12 -23
18 -13
-13 9
-14 14
-10 1
-5 5
-6 -24
6 -18
-15 -7
23 9
-11 10
19 18
-8 -10
-4 -19
1 9
-7 7
-6 14
6 19
-21 15
13 -25
-14 12
16 2
-8 6
9 -10
-6 17
-21 -25
-17 4
-5 6
23 22
-22 -8
-16 -3
-25 -21
3 -2
17 8
-6 -6
-23 -14
0 23
8 21
-22 2
7 -6
-18 16
-20 -1
13 4
16 -6
-13 2
22 8
-25 -14
-11 23
8 -7
18 14
-24 -23
19 -15
-7 13
-14 6
-24 24
-6 23
-21 -3
-22 -13
8 11
-2 2
-18 -6
-12 -15
6 -8
6 -17
-9 13
-1 8
-19 6
19 17
13 14
-17 -18
-9 11
-12 -12
-5 -9
6 4
9 -14
18 -1
2 2
13 12
-22 -19
7 15
16 -21
-10 10
-14 1
-19 -24
2 11
3 8
0 -6
22 -8
18 18
6 24
13 -19
7 -11
-23 16
-9 7
6 23
7 -20
7 16
11 20
4 -10
2 -22
-19 17
7 0
-4 -12
-10 -25
-25 8
-24 -7
-2 -3
1 13
-7 5
6 -16
14 -9
-23 -16
10 9
19 20
20 12
-15 5
-15 17
-11 3
19 0
21 -3
11 19
-14 -3
-17 23
-16 -11
13 22
13 16
-13 -14
-18 9
18 -7
-21 -5
-3 -12
0 -12
-3 7
-8 -25
-12 -2
12 -17
-12 8
21 18
14 -15
9 6
8 -2
9 2
5 14
-15 22
-1 4
1 18
8 23
-4 -9
10 4
10 21
-15 -13
-2 -19
-23 18
-5 -5
2 -23
-4 16
4 15
17 -7
-25 21
13 -1
-4 -18
-15 11
-1 17
-9 23
-21 -13
-12 -13
-13 15
7 14
-8 -17
-14 -18
0 9
11 -5
11 15
-19 22
15 -19
1 17
-18 12
-21 -9
0 -10
-20 -20
6 -24
-17 -5
12 -2
1 -3
-4 17
20 -6
-4 4
13 -24
20 -24
-20 -25
23 24
-12 21
-24 -19
-2 -18
0 17
-16 -2
-7 -24
-12 -22
19 8
-12 13
11 8
7 -5
4 -20
10 -7
-23 13
22 1
21 -6
7 23
6 17
15 -2
4 -7
-7 -11
-9 -16
-2 -6
10 -9
-22 -1
4 -22
-18 -10
12 3
16 -9
-2 12
18 2
-9 -13
24 -3
-21 5
-9 14
-25 10
-11 -17
5 -18
2 0
-13 20
-8 12
3 -24
-15 -17
22 16
-7 -4
-9 -14
-22 22
3 10
11 9
-6 11
-5 -22
-20 9
7 5
5 -8
14 -6
0 -13
4 -4
-23 3
-16 -9
-1 -9
6 2
0 -20
-19 -5
-12 0
15 -9
14 1
0 11
15 12
15 -16
-20 11
1 4
-21 -22
-16 2
-13 -16
20 23
-12 7
22 -19
21 19
-7 -20
16 6
13 17
6 3
1 -7
-24 21
-20 -2
18 0
14 10
9 -17
-8 -15
-16 20
-23 23
23 -12
3 -6
-13 -17
3 -22
22 4
8 8
24 -25
7 -12
17 24
24 -6
-1 -15
22 -16
-4 24
7 6
2 -6
5 24
-25 -12
-20 -9
-16 21
4 -3
21 -13
22 19
3 9
17 20
-5 12
14 -23
-20 2
6 16
-17 24
-16 22
24 21
-23 0
-6 10
24 -7
24 0
-4 -5
11 3
-5 -1
-13 4
1 1
2 -4
21 17
24 -23
-10 5
22 -1
-15 3
9 1
-6 -4
10 22
-8 -11
20 -7
5 17
3 -17
-10 -23
12 -18
15 21
16 4
0 -24
-4 23
15 3
11 7
8 -5
2 -1
-25 22
24 -24
22 -6
9 -1
20 -25
21 -22
19 -19
18 4
-1 -6
-15 -6
8 17
22 -20
-7 -23
19 -16
22 15
-9 -20
18 24
19 10
-11 1
-20 17
16 12
-2 19
21 -15
-3 19
-19 -4
9 -19
19 -11
-17 -20
11 -19
-8 16
5 -15
-11 -20
15 -11
21 14
-18 -5
-13 3
18 -18
-25 2
-22 -9
-2 5
-17 -10
-13 -19
-25 15
21 2
-6 -20
5 -17
-19 -23
-14 9
-17 16
10 17
-22 -11
-15 23
-11 -4
22 2
-7 8
-3 9
19 -22
-11 -24
19 -12
22 -12
-24 -13
-8 -6
-10 7
0 16
18 16
11 5
-23 9
24 15
22 -14
-24 -25
2 -16
-12 -21
1 -15
-24 -10
-1 14
6 -23
-13 -24
-2 -12
24 8
-18 10
-14 20
-13 13
12 22
-17 5
17 3
18 -23
14 4
0 19
16 -18
0 -16
14 21
22 -10
-1 1
-14 -10
-10 15
17 -13
-2 -22
13 -12
-19 -14
-24 19
-25 -9
-22 15
-23 -24
11 17
7 12
-25 11
-6 -5
21 10
5 -19
14 -12
-6 -15
-16 7
7 -19
4 -14
-20 5
14 24
-12 23
16 -25
12 18
-12 19
-2 -23
22 7
-15 -24
-1 -20
19 -7
0 14
-3 4
-19 -6
5 1
-21 22
-16 9
-13 -9
2 -21
0 4
-17 -14
17 10
1 14
-1 2
16 -19
1 7
7 17
-9 22
-13 16
-10 -20
9 22
-2 21
-1 -13
6 0
13 13
-16 -17
-1 21
-22 -7
-15 -10
-17 7
-1 -2
17 -10
4 0
2 -14
21 -5
-14 13
22 23
-10 13
17 21
8 10
11 12
-1 -19
-20 14
-15 0
-3 -19
-11 17
-10 16
-8 21
16 16
-13 -10
-9 21
-5 -7
-5 -25
-14 -20
8 -3
-20 -17
-17 9
-14 -19
20 -2
-16 -10
5 10
-20 7
-20 -15
-8 19
14 20
11 -20
21 15
-9 -3
-24 -15
-3 -5
-13 -25
-3 1
-12 11
13 1
-23 8
-7 17
6 21
0 -17
10 -21
-1 -10
1 16
20 -11
6 -6
8 -24
20 -18
14 -8
17 9
-1 16
-5 -16
7 -1
8 20
23 -25
-14 10
20 19
9 -23
-15 9
-6 -14
-10 0
11 -7
-4 -23
5 -1
17 -12
-17 22
-10 -15
11 -4
5 -7
12 -13
8 19
-14 -23
10 -18
9 -7
21 -1
13 21
-4 -17
-2 -1
24 -2
-11 11
-4 -2
-4 -24
-16 1
10 -14
-17 11
20 1
-17 12
13 -10
15 1
-21 -21
-1 -25
16 1
8 13
-9 -7
15 -24
12 -24
11 4
0 6
7 -25
-22 23
-6 18
12 -19
24 4
-6 7
11 -15
-18 -15
22 -7
2 -12
11 10
-13 -20
12 4
8 0
-12 -11
-10 -22
-21 -2
3 -20
-16 -22
17 11
22 -21
-1 6
7 -3
-22 20
7 1
-8 -5
-10 20
-1 -4
21 -10
-2 17
-10 -1
-20 12
-6 -21
22 20
10 -15
-1 -17
20 -4
14 18
4 9
-18 20
12 9
-4 22
11 23
-1 -14
1 -12
8 -20
3 22
19 4
-14 17
18 -8
-20 -10
-22 11
22 11
-10 -18
16 -4
-2 -14
-1 18
-21 -6
8 1
-19 -13
-5 21
-5 22
17 7
-20 -21
-9 4
-25 -25
-19 14
-13 -5
15 -14
10 12
3 12
9 15
0 20
23 21
0 -3
-1 -7
3 0
-18 13
23 -17
0 21
3 -10
15 -10
-7 -12
-23 -2
14 -21
-19 11
8 -14
5 0
2 1
-3 -20
16 -17
12 1
-10 -13
-8 10
-24 6
-19 20
-7 18
-14 -15
-7 -18
14 -7
7 -8
-21 -17
-2 7
-19 -25
-5 20
9 -24
23 -3
24 13
-2 -11
10 18
24 -1
-14 11
14 8
7 10
10 1
19 15
14 12
2 -3
11 -1
16 23
-3 -6
-12 -6
9 -9
-3 5
-4 -4
4 -5
-6 22
13 2
1 22
-2 -2
-20 16
-24 3
-8 24
-15 16
-10 -2
8 6
9 17
20 5
9 11
14 16
20 -14
-18 5
19 -24
15 9
15 -15
-19 8
-22 17
-5 -4
-24 -11
20 0
10 -4
19 24
-16 23
7 20
22 -9
-23 19
-25 -16
9 13
19 5
-19 -2
2 -24
2 -19
8 -18
18 5
-10 -5
-18 0
19 22
16 18
4 2
18 -25
6 -10
-8 18
-6 -19
15 -23
13 -5
-16 -16
13 -23
-2 -4
-6 -11
7 4
16 -5
8 -12
-20 8
24 11
-3 0
17 19
24 12
-12 2
23 -23
-6 -17
1 10
16 17
9 4
-15 -20
23 7
-20 -14
-5 9
8 -15
-10 24
4 -8
3 24
5 -12
-23 6
19 -20
24 -4
-23 -12
11 14
2 -17
3 5
-6 0
-20 -6
8 9
2 -18
-24 -24
-9 18
-6 12
20 22
1 -4
-13 23
18 -3
-8 -8
-1 12
11 -22
23 -13
-12 9
-22 5
-1 -21
-18 -8
-13 24
5 20
-10 -16
18 21
13 -20
-19 4
-4 -8
-10 12
6 5
19 -25
18 3
-25 -17
21 16
6 8
17 -8
18 23
-3 20
-10 4
-20 20
-3 -18
-9 2
12 -6
-17 3
4 -17
-16 -18
20 16
24 23
18 -19
-10 -11
-14 7
-4 12
-22 -22
-13 21
-23 -10
20 -22
-5 15
4 20
24 -17
11 -10
3 -21
-11 12
23 20
17 5
17 -17
8 5
-16 24
21 -4
-22 8
-4 18
-18 4
-13 -8
-6 -25
3 1
-18 -2
-10 -21
0 -19
20 20
16 -14
10 15
22 -13
-6 20
19 -3
3 -5
14 -24
-23 -22
-16 10
13 7
10 2
2 19
-7 -21
22 22
-15 -1
23 -15
-17 -25
-12 -5
2 12
-19 24
-21 6
-2 -9
-5 -3
21 24
14 15
-16 -25
23 -9
4 -21
5 -6
4 12
-10 9
-2 -8
19 -10
-24 -18
-8 -13
-5 -15
-14 -12
-20 -5
20 -21
6 13
-14 4
3 15
-25 -22
-11 8
-24 8
12 -3
-6 9
-14 -16
9 -11
-16 6
-21 21
4 -18
12 -12
8 12
-4 0
-15 21
-3 -11
4 -24
2 24
6 -7
-18 -13
-16 5
23 17
-13 8
-11 19
23 1
-23 4
23 13
-22 -21
-13 -13
4 3
7 -10
-24 18
-22 -18
0 -5
-10 17
-3 -1
-18 -19
3 13
-4 1
4 -12
9 18
16 -2
6 20
12 21
1 -11
5 13
13 -9
0 -14
17 -18
22 14
14 -20
-3 8
10 13
23 -11
-3 10
-23 -17
-15 6
-21 -1
-18 3
-4 -1
9 9
5 19
3 -23
-21 -11
24 6
-24 7
21 -2
23 11
-10 -6
-15 24
15 -13
-17 -19
23 10
18 6
-6 -3
12 -23
0 -25
-7 10
13 15
1 8
22 -23
-9 24
5 8
-14 -17
13 -7
-12 -8
10 6
22 -15
18 19
15 -8
-13 14
-15 -4
-24 13
7 -21
7 21
-12 -3
-25 16
0 -2
10 5
11 -3
-14 -7
13 8
20 24
13 -4
6 -25
0 15
-13 0
-24 -1
18 -20
-2 -25
6 -15
-11 2
-1 7
-19 -17
7 22
-10 21
5 -23
1 2
-24 1
4 21
13 -2
-9 -8
18 13
-8 -3
3 -4
23 -22
-24 23
13 -14
-13 -6
-11 -16
11 11
6 -13
-1 9
23 -2
1 12
15 2
-23 -7
13 5
-15 4
4 16
1 -25
-10 -7
14 -2
5 2
10 23
-5 -19
-5 24
-15 15
-25 1
22 -3
15 0
6 -5
22 -4
1 -24
12 -25
4 -2
10 19
14 14
-10 8
2 4
11 1
16 20
-5 2
14 11
4 -19
5 -9
20 -15
-2 16
17 -15
5 -22
0 13
11 -2
-19 -3
8 22
-18 -20
-18 -21
3 19
17 1
9 -8
-2 6
3 6
-4 9
8 14
-12 -16
-14 -14
-21 19
-1 -18
-25 4
-19 -10
-24 -17
-9 10
14 -14
21 12
1 21
-23 20
1 -10
-11 7
-19 -21
23 -21
21 -25
-9 -24
9 -13
-4 -6
24 24
5 21
-14 -9
3 -3
17 18
15 -20
-22 7
9 -25
-21 -8
7 7
10 -23
-8 11
16 -1
8 -23
-25 12
-3 -22
-5 -8
-18 22
0 8
-4 5
14 -4
-4 2
17 -2
-18 -14
1 -8
-1 0
15 10
22 3
19 3
-3 -24
-23 5
-16 3
-12 16
-15 14
-13 17
-5 8
-18 24
-16 -24
11 -17
-21 -23
-23 12
3 -12
18 -12
-5 -20
2 18
-17 10
8 -10
-16 -4
-13 -21
-24 4
-7 -22
-19 -7
9 -21
10 16
15 23
-22 3
-14 -8
14 -19
14 -22
7 -7
-1 -3
0 -8
1308
-2817 -2674
-5271 -4279
-4846 633
1870 -4915
2336 4442
5218 -2663
1488 -3310
-4429 -4367
127 2123
1224 4800
3440 5858
1738 522
-3856 -5747
510 1404
-2580 -3332
268 -4213
4924 -2254
872 -3039
1281 2863
367 3091
-5707 3953
3507 4261
-5646 3575
-1087 1052
-376 1363
-5580 4069
4390 -3010
3654 2276
442 -2593
-4849 3940
5573 -5651
-3083 4580
5638 -5210
2827 -1484
2289 1307
-3777 4730
3653 409
2947 5802
-1511 -938
-5920 1662
-4320 -3328
-1098 3399
2778 2440
5389 3400
-2515 3822
-4198 4242
-5964 -5890
-2593 -4398
3539 2713
4796 777
-3375 -982
4849 4884
-4356 -4312
-3755 4989
-5131 -5622
-4377 -5937
-2576 -4041
-3222 -5118
5868 1658
-4988 -1752
1483 -2198
5697 -3728
1372 -1299
4505 3620
2893 1161
-3248 -2554
3859 -3251
850 4168
1290 -1466
-2276 5013
520 687
-1505 -2496
4900 -4448
-2929 2753
-1811 -2518
667 -5129
-853 3658
3371 853
56 499
359 -1095
-1428 2660
2852 4878
-4941 3490
-3161 -3400
4674 -4565
4378 -1280
3256 -301
-5139 -5377
104 5191
350 -1957
-1848 -586
-4579 256
-2863 -3938
-3838 -5672
-4370 -752
-3614 3477
2822 1897
4386 5132
-2662 -810
4687 434
3201 -5134
-2656 53
4288 -2444
-2981 -1181
-4372 201
2527 3404
5571 -4096
3795 -5491
2547 -2404
909 3841
4057 -2744
-3428 -5806
-4772 234
3740 -3843
4025 -810
-5505 -4472
-529 4534
-5350 -3518
-2475 2823
-1993 24
1079 509
1866 -1630
-2415 5769
3758 -3302
-5342 1744
-2547 5204
4303 -2325
-5412 -2803
-2097 -5825
-3458 -4928
-2584 -4504
-4363 -2860
688 -3006
3482 -2992
-874 -691
4500 1147
-818 -3060
5753 -2899
335 1071
5285 994
5487 -1914
-3532 -5747
4205 -914
-3869 14
4262 3672
954 -1492
-3204 325
2086 2597
-5796 3954
-246 4603
4042 3323
-5170 5377
4555 -4176
-954 3610
3073 4996
-4293 -3540
-112 -1341
-4322 -8
-1199 -5116
2056 -5461
-5216 510
-2570 1036
509 2482
-1298 3067
764 -5880
-3968 -5944
-4345 -1209
1240 5726
-1356 1594
-5662 3078
-4047 -3287
-1131 4914
-4909 3898
739 5337
4892 904
750 -300
5504 -4814
2080 1472
-5611 -284
60 -5133
-1101 2400
-1296 -3736
-5183 -400
3136 3032
-170 -430
5002 -4431
-5966 -1913
482 -4081
-4777 4009
-3855 3663
2317 3416
602 4487
5042 2191
-1433 3357
-3110 2699
-1434 -4032
2913 2147
2730 4799
1084 4079
-89 1655
-4570 4571
-260 -5497
4673 -1254
1585 2974
-4202 914
-4374 1157
522 3241
-4147 -4936
-5038 2333
-4372 -1826
3948 4294
-145 4419
36 -3192
-3418 2588
165 -3768
2039 -3443
5458 -2145
-4991 -4940
1092 807
2081 1019
22 -4547
4340 -777
1020 5370
-1808 5510
-3147 -2035
769 4943
1377 -5966
-16 2469
-1061 -5614
4764 -836
4499 -2244
2619 -4299
268 4078
-4564 -1345
-2614 2389
-23 -31
-1602 1452
-477 4845
2385 -2019
-5682 4471
260 4230
-1977 -3303
-918 111
4290 -412
770 -89
-4386 -1388
-4849 758
1842 3585
-5518 5797
5357 2751
-4952 -4779
5732 -2298
4629 -2360
4349 468
-4117 -5505
1787 5681
-1257 248
-5750 -3705
-3558 -906
-569 2539
-5775 -4289
-4442 4891
-2183 -3670
-83 -2115
2209 3684
-5521 -1732
-5002 4312
979 2451
4043 -2847
4525 5174
-2663 5727
-3398 -2708
1650 -2789
5587 -1908
330 5524
-4371 3222
4389 4728
-3807 -1635
5971 5365
2410 4737
-3762 -673
-5450 216
-774 -4352
-5492 4211
5682 1278
888 -2774
-5108 5423
3575 -1912
4468 -347
1752 5847
5676 5265
-5291 1403
4153 138
-4075 -2357
-3557 -1898
2621 -5194
-1027 -4100
4124 3758
5481 5677
2660 3007
2911 1
-3960 1517
-4787 2214
5369 -766
1089 3166
1602 2641
-4990 4254
-1332 -421
903 1286
471 -5521
2679 -923
-836 -2742
5026 1330
4330 -4804
-1012 -952
-2527 -2409
-1100 -2252
-5138 3011
-4162 -1151
2888 -4718
-273 5709
4445 -3481
-755 4328
-4603 -2656
1773 -3475
1021 -2051
-5395 4343
-5395 5977
-952 1961
144 -3223
3977 -2810
602 3606
2811 -5369
-3298 2847
65 1895
-5225 -596
-269 -581
-4411 3833
4000 -2575
4897 5249
2414 -5251
5394 4193
3860 3639
-1513 425
3185 -241
-223 4960
439 -382
79 4798
702 -1978
-838 1974
-3218 1472
425 2386
-3426 -5146
3312 -2932
4449 -1856
-60 -20
-5333 4816
-5638 1245
-4272 -1446
3985 1228
4685 -1077
-423 -981
-4620 -4771
1431 -1269
-3559 -5799
-2445 4793
1659 -3680
-3033 -5974
-3178 -1635
694 -817
5572 -5174
-1500 -5709
1754 4444
18 -1870
2436 2980
340 5333
2704 -465
660 -5695
-4139 4805
-1939 4091
-2936 3380
3947 -25
1670 -4841
3035 3031
-2637 1345
-3039 3791
896 3463
5520 1488
571 181
1471 -2788
5983 -4966
4561 979
5438 1098
3638 -191
713 2955
-1606 -4698
5969 5816
-5465 1203
910 -5062
2899 197
-5984 1903
-4629 -1511
470 4182
1480 1686
1583 -736
-4367 498
-3251 -5499
5679 -2566
5533 -5138
-3149 -5292
-2682 5959
-1461 -3267
5064 -786
-3565 1210
3409 5533
4264 2655
-5647 -925
236 -3959
-2020 -5168
-1729 -4533
432 -2227
2326 -1457
-3813 3295
-5004 -5213
-1185 838
-844 -4773
3312 208
5425 -3054
3501 -5462
-2743 1130
-328 -1714
-3079 328
-1741 -3947
-516 5536
-357 -3256
373 -3446
3826 5670
-4310 -390
-3189 -3297
2489 -2973
4690 4591
-5333 -4459
3228 2337
323 -3161
5204 1630
-1351 -1768
-2522 -5436
-5161 -5541
3838 5041
-5365 2253
-916 3000
4803 5767
-5526 244
-141 -4781
-1355 -3821
2383 2248
4352 5474
-2077 2999
-3739 -2388
3054 5672
4733 3435
1595 1029
1073 -2868
5363 399
5568 2946
-5664 -1593
-2549 -4157
4503 1574
3401 -1407
5383 3589
1189 3478
5161 1355
3899 5731
5310 2167
11 -5417
-1001 -209
101 -658
-91 -1788
4367 -1777
2547 3854
-4430 3942
1685 3635
3174 4746
1970 2658
-3083 -229
-856 5538
4559 4373
-51 102
3255 5482
-2400 4624
4453 4810
-140 5557
-4308 5757
179 -2249
1005 -702
5033 4071
-1799 4135
2755 -3801
-4632 3671
4651 -4119
2768 1443
-1843 -4052
2671 -3119
4000 -2860
5583 5898
1632 -2089
-5719 5307
2039 -5096
-1840 -881
-1428 3839
3874 3671
2876 2498
-2365 2016
2558 -5520
-1318 747
-5937 -427
-2112 -4235
4585 -4417
-3598 4641
-4918 -1466
2107 -3985
-5162 2484
5368 -4452
-1085 5516
3000 -4683
1758 5244
1022 -5428
2037 2481
3760 -1147
-4557 526
1414 4254
4478 -2606
-2340 -5301
2884 -5840
-2885 -5019
3466 -325
4831 -3201
-3845 -1836
-3759 -2761
3090 -1095
3791 2494
-4994 3056
-1366 -3236
-4017 -5043
4777 704
2896 2257
463 1843
176 66
2077 -1402
5377 3853
-47 1216
-1057 247
2180 3843
-4192 783
-3234 -5410
2758 -1555
645 144
-5654 -3207
-3595 -3636
5898 -2018
4496 -1924
-990 2339
1943 -3631
3748 -4049
-2661 516
-2095 4096
-610 -2114
3632 307
5335 4427
-1021 4361
3363 -53
1630 1254
-2334 4421
5947 -3816
-2517 -1007
5199 -1065
-5747 1985
4902 4716
-3111 -3801
3029 -2441
1494 -2323
-2204 1398
1402 1328
-4184 2003
-4756 -2949
-909 -125
5921 -2270
2100 2845
5910 -2881
2241 -5239
5027 -5938
-607 -4919
5527 -4523
-3948 -2407
-4120 1068
69 267
-5075 -2978
1071 -3574
4275 787
-3791 -5877
2527 323
3935 -682
3765 -3961
-2761 -4084
-2318 -2067
-3021 -5785
-5461 3169
3933 -1585
5327 -5401
5418 4176
-626 -5656
5358 -659
997 -1741
5470 1038
-3442 -401
25 -2367
-3788 -2437
-59 30
-3598 -1778
4736 -1413
-4143 947
-2186 -4866
1219 403
5103 3080
2355 -1979
-1618 -3072
3594 -2402
-5065 -3257
3056 -504
-1419 -1434
-4424 -681
3051 -4661
-1630 3126
4695 2773
-5308 3367
1258 2006
-3003 -367
-4388 -2576
-3497 4649
1483 -5350
-55 -3533
-4026 -5732
5434 -807
2721 4056
1890 -4768
-5030 5371
3794 2642
5305 -2724
1296 -5733
-5171 -1369
3395 -773
5440 1615
2682 3900
-382 774
2847 -2451
-5796 -2102
10 -3665
-980 -2608
-5560 -1737
-1097 2693
1397 -4791
3633 -4799
-5683 5465
-5983 -76
2184 5806
-5383 -1179
3582 -1677
-2025 1405
-4675 -1574
941 5668
-1689 -1926
5307 -5334
-3012 -5304
234 -5715
-5425 -4834
-1205 598
4630 3093
-4640 -2700
1983 -1950
1782 1273
5812 -953
-5138 -2080
-5136 2585
1754 -4280
522 -3681
3003 -4955
-2262 3275
-5335 36
-1177 -1269
5496 2972
2334 2599
544 4050
248 -508
-453 -4311
5080 2126
3080 -709
-5911 -3238
5111 2296
-4149 4320
3076 -1222
-4263 -5302
-2000 1545
-3246 40
4141 5204
5416 5687
1012 2240
-2513 3784
-3568 -5339
5545 1185
5800 3322
-1192 -3316
-3900 2876
1704 4415
3500 1055
2283 726
-3600 -3591
5954 3923
-4516 4727
-4608 -4050
3466 1030
5010 -132
2677 -5396
1933 -235
-3281 -2242
5751 5424
-2167 -4362
308 2966
4525 -2883
3991 -1675
3920 1053
4374 4240
3129 3131
587 -3010
-191 2346
-787 -3238
-5831 3537
-2949 2017
-1743 105
-2219 -5932
-3570 -3201
689 -4933
3266 -2125
-5629 -4047
3292 -2496
-1224 4745
-4266 4449
4058 -1475
2230 5498
-2106 -1234
-1940 -1108
199 -3870
-1634 319
-4087 5065
-247 -1946
-895 -1963
-3661 3637
5331 1091
-4999 -762
-414 5274
3957 -4917
1431 -4016
4232 5216
-2105 3248
-212 5655
3171 3539
672 1002
4751 -5297
-2493 2158
-3375 -2346
3969 1017
1760 4314
4556 4479
-1473 -5728
-2074 5434
5555 -3003
-1000 -1418
3963 2962
1377 -2746
-5354 -3341
5266 -2624
-4735 5009
3543 5461
-4756 -3914
-393 -2676
1331 -5590
-1782 2013
-3864 3817
3860 -3337
1927 -282
4399 -2625
4866 4153
1804 3985
4803 1435
2339 -261
-4895 2859
5762 -1623
1341 2374
-1750 340
1452 4761
-50 1345
926 2225
-1376 885
-5642 -3433
-1644 3819
5533 3490
926 -846
-3447 2205
374 -2838
-5949 -5301
4910 -4642
-3089 4341
-2959 1417
-3126 4173
1908 -1330
2259 -5945
1241 -1924
5421 5837
-5087 -1411
-3979 -2519
775 4416
2307 -5242
462 246
-5258 5868
1585 2080
3729 -4511
-2839 -73
5525 413
-2853 -1775
-557 -3764
493 -1466
-5138 3311
-312 -4361
-182 4671
-5448 2770
-3650 -1622
2088 151
1231 -4228
-5249 -3310
-2055 446
3442 3427
-3480 5218
5394 3773
-4541 -1866
-1312 -1339
313 -4157
3640 782
4944 -3763
5440 -5828
2933 -4042
-365 -1598
-936 255
-3548 -5136
-4631 1985
-2668 2341
-5101 4949
3651 2125
-3038 -2601
-4190 -4557
4342 -335
1269 2902
-4896 373
5501 5103
1899 4260
3827 1733
4930 -4022
357 2736
-5938 -5638
4458 -2500
231 -5573
5420 5628
3548 -613
5242 2892
5777 -32
-5515 -155
-4223 -1417
3136 -4338
-1117 1044
1740 -3052
-1924 813
-4520 -360
384 -4964
5108 318
-819 5567
-646 -1095
-779 894
-5745 1936
-5217 961
-4800 -3404
-4232 931
3441 -2730
3396 -12
-4625 3555
3426 3558
-1825 5830
-1715 3553
-500 5616
485 1337
-720 -620
-1718 4620
-5817 -3372
-681 4004
-4753 -1099
-1775 -2399
-5732 -1516
-1624 4244
5498 4065
-2501 -1768
-813 -5792
-1207 -1424
787 -5302
410 2812
3134 -2629
1545 3194
5725 3123
-4095 3692
-2319 2145
1842 -5508
2282 -4250
4932 5849
-1781 -4950
5351 2031
860 5103
-1935 2972
-4385 -5155
4407 -4998
3108 2140
319 5568
1739 -418
-1744 -3253
1478 -4903
-5496 -3165
5537 -3225
-440 -4808
-4473 1744
-2069 3200
-3451 -5304
-5817 5747
-5574 1657
-1211 1164
4448 -2729
106 4266
2333 413
2232 3231
5210 3942
-4508 5026
-1681 2653
-758 -4153
-4345 -3867
5295 326
3349 -2141
470 -2631
-2113 -5544
-4851 -3479
3410 -5018
-2845 5612
-2605 5871
-4917 -473
-2048 5132
2027 -986
-5644 -2164
365 -61
-5563 1619
2991 -5631
2142 -4039
5300 -437
5570 -236
-75 229
4477 2580
-4288 1211
269 3675
4969 5786
387 -1310
-5470 -3531
-1409 5226
-1773 -3789
2352 -487
862 -3537
3770 2313
-5104 1140
2714 3637
-1662 3579
4374 -5579
-5028 -3382
4194 -1701
4630 1481
921 790
4028 -3927
3303 5267
-5405 64
-2901 -4366
-2951 -136
633 -2933
-5099 -2742
-5890 -2663
-3504 1480
5242 -2120
4619 -1967
-5276 2512
-5131 4955
2354 -4055
-1501 -2321
3232 2834
5513 -2982
-2209 2256
1725 1589
4618 -5989
-1068 418
590 1765
4836 5662
-2972 -622
475 2196
4178 3788
-3341 4021
-2525 4238
-5768 3779
892 5166
-2806 3319
-3935 -2520
-3139 2796
-5739 1150
2737 4790
-5281 4969
1926 -5832
-340 1169
-831 4914
-5810 5880
4258 -2127
2039 -3201
4856 -2647
3957 -3944
-2520 -824
-5501 -350
2911 3214
602 -2480
4936 -3021
926 -4017
-5381 3607
5780 -4821
269 553
-2287 2074
-3453 5196
-2255 4064
-1241 1182
4644 1863
-3931 3905
-1339 -756
-616 4897
2560 -4669
2496 258
5916 -4307
1040 -3888
5398 4429
-5811 -703
-5749 1982
-180 -5894
2174 -5066
1671 2132
-453 1517
-1668 1430
-788 -4716
-4633 -1543
-3888 839
-2983 4761
1680 734
-2874 3627
-2681 1261
-1358 4106
3375 -858
-3232 -2912
-4916 1249
147 2721
-381 1238
-4347 4819
5447 3004
-5514 2517
-772 3496
1332 -5566
-3356 4444
5169 55
-3880 4353
3427 -5662
2746 -5986
-4733 -2161
-4367 3220
2030 -5688
2792 -529
-1951 -2657
-5155 -1542
-3762 403
55 1423
-4114 4557
-5415 -2343
-3820 3329
-1420 -5978
4466 -3573
-1481 2469
-816 -5717
1415 -1175
-1891 1618
5275 1172
3684 -605
-5197 -3058
-1205 1605
422 -4163
5860 -2668
5713 5715
4667 995
-3572 -558
1624 4144
-3914 -4428
1910 -5819
3618 3533
4842 4230
1164 -567
-642 1708
2275 -3098
3550 -4436
5220 -583
4885 -4837
713 -3120
2739 -547
5729 -3813
-839 1540
4985 -4797
5341 -2374
3180 4427
-960 4228
2350 -5746
4598 5900
2019 4766
5592 -1798
-3977 -2130
-4258 1007
3092 -4415
-2898 -3535
1065 280
4120 -4568
-5073 -5054
-1588 3863
-1520 5414
-659 -1932
649 -2111
1179 5244
5483 2621
3279 -4371
-5080 5266
3735 -2612
-1352 4779
2627 -978
-2597 -2145
-5340 5422
5217 2793
-3770 2853
11 -2423
3618 -2069
3660 1284
-1500 2619
-2427 -2211
4478 5791
348 1686
1574 1685
4165 3557
-629 -2894
4601 3900
-5830 -1728
4779 5592
-1902 4532
-5990 5776
4857 3242
4155 5667
-5491 -2150
1401 2904
-1878 -841
2043 1539
-1608 3713
2725 -702
-243 -3807
4678 1340
-3827 -2958
-2109 3701
5119 -3309
1974 -4280
-2450 797
1221 -3181
-1015 3668
2303 -1281
3519 -5469
-2787 -4546
-3342 -956
4943 -343
-2711 -3709
-1551 2813
-1486 2421
2815 5264
-1394 -267
-3295 3963
3774 3051
-3292 1806
-5545 -27
-2173 -3894
657 -3884
1209 2379
4673 -245
-115 -3291
-867 -1710
727 -151
1899 -2210
5258 1441
-830 1389
3976 2145
4837 -2859
3014 -4514
-324 3808
533 5423
2470 2230
4633 -1427
1085 1205
-1010 -396
3501 -5498
109 4227
2975 1862
4139 2903
3032 1645
2123 5591
-5269 -1554
-28 2811
4080 -154
4953 -446
-1825 -3249
-3177 4972
2485 -5376
-3782 1309
5957 -3423
-1021 2049
5030 -1629
5606 260
-2348 -4208
-1621 -1157
-3269 5948
-58 -3422
269 3298
-5610 -5192
3507 2755
-3969 -93
3320 -1543
-2064 2368
1791 3753
5275 -750
5098 -2497
1982 2072
1899 1037
-4793 4103
4341 -476
4161 474
15 4124
-329 4082
-46 -19
-3046 5395
-2570 -4285
1471 -5068
-4525 -5834
-1800 -1
572 335
-1127 5037
1157 2774
-284 -1798
5464 -1760
-1527 -1570
-113 477
5480 -5509
-645 -472
5089 2102
5888 -3698
523 1483
-2604 203
-2445 -5137
3448 678
-3289 -4578
3216 4872
4763 -3343
1436 -5894
-4849 -4613
-3961 -2913
703 -1646
2895 775
-888 3010
-3285 -1075
-5090 -1148
-5787 469
-2173 2024
5146 4295
5279 4506
-1002 -789
4361 -535
-2588 -4396
1032 3385
-5431 5649
-3336 -597
2843 -777
852 -3800
-976 -1300
1256 469
-1971 3087
5424 -73
2092 176
-3168 -2910
3695 2450
6 4077
1056
-2148 1814
3288 2860
-3422 624
3471 1326
479 1561
-238 3631
3260 -3623
3248 -1983
1745 2630
1152 -1772
3579 -2234
960 877
2187 -3677
2907 -2785
827 -309
3204 40
2876 1857
-1313 -1750
44 -764
-929 -3643
1827 3545
1226 -1490
1740 3351
-3336 206
-2320 47
-3590 986
3725 2550
760 -2326
1798 81
1907 2167
3509 1756
2345 -426
-1380 -1833
-842 -2324
-1768 -851
-457 717
-554 1698
3178 1078
-3168 984
562 1186
-1552 1854
-1897 -884
1989 -1034
970 -1949
-525 1761
326 -189
2165 -662
-79 -1803
-163 -308
2594 2373
908 1824
-3300 1148
2238 1894
3544 -1574
1564 2416
-126 3217
3061 1894
2586 3457
-666 -2855
-1221 3179
406 -2808
568 1621
3583 1800
481 505
-3258 3636
2309 -790
1580 -1903
3410 -2556
-419 2875
2551 494
933 -1198
1739 1391
-222 -1061
327 1962
-2507 2292
3118 2712
-2702 -232
-1587 3265
2679 971
1564 2678
3674 -3613
-1948 1486
890 3187
1979 -2822
471 2549
-2901 679
-1474 -2638
370 -1232
125 -2767
-2750 2622
-3691 155
-2649 541
-691 615
681 -965
-190 -2297
2343 3072
2236 -2323
-668 1317
-2756 -2437
1374 563
3698 -1818
-392 2616
2028 2694
3482 -2648
-2392 2557
1583 -722
-3030 3297
-3380 2414
-151 -2584
-3632 2616
-349 -657
230 -1877
-2543 999
-1401 -508
3446 2844
2685 -2047
-336 -3645
-893 -1770
-1327 -3744
-2680 747
-2424 1969
2706 2768
-3272 1627
-1090 542
-1814 1231
550 1644
2366 -3176
-228 170
701 -2749
-1805 -642
-790 843
-2692 601
-2281 1025
-754 3508
-3501 -11
-3265 -3508
-2911 1443
-1425 3223
-1500 -2980
-764 2434
470 -816
-1809 2602
-1832 1973
-2771 3731
-1148 -457
3114 967
-610 1948
2880 2606
937 1618
-706 1895
1813 -552
-1916 897
534 3334
1770 -1576
1681 2362
2815 -881
-2673 -2337
-945 -762
1492 251
-1474 -3208
-439 -3018
-1422 1812
-1003 -3197
1869 3638
2378 -404
3639 -478
-1924 2238
-1894 -644
2124 -3378
2407 262
2339 -410
1590 2167
3418 2865
-1974 1973
-1130 3518
2259 2735
-3631 -2892
-1491 -359
1299 3603
646 1540
-768 -542
-2083 -1127
-2357 -1669
-186 -2958
-2456 -2225
-2838 -1130
-2818 -1193
1643 -241
-2181 2616
-2620 1098
-3422 -302
-2097 -3670
-1856 2629
3073 -2168
2141 1249
-2544 1515
-1107 -1591
1172 -1183
1382 -3006
-3317 1399
-117 -1635
-809 -325
2407 1183
-3646 -2869
-1194 -3670
1954 505
509 -2486
-3049 -2722
-2342 -1698
-2960 -1992
2294 -2272
-306 -2783
-1994 -1197
257 -2739
1073 -280
-3314 2016
-4 -2387
3186 -1687
1857 -173
-928 -641
-882 186
-1498 247
2826 3163
-1266 -1057
-286 1969
2656 2330
2274 -411
2725 1784
-161 -11
-1946 -367
-3759 3169
1875 -2689
-2466 -1102
2687 -2891
-2640 -1274
-856 575
-1975 -68
-1803 1751
1357 536
-3687 -3327
-34 -3372
-2732 676
1349 -1852
2968 -3130
3148 -3580
-1400 450
1864 2688
-3555 3561
3732 -3617
-62 -1710
-1159 3437
-1985 991
-2871 2724
-2540 206
3755 2583
-2597 248
720 2394
2095 2889
-828 -143
-1428 -707
-512 1939
-2196 -300
3581 2906
-880 -1519
3363 74
-224 -107
1791 -1892
3337 3026
1267 1735
-1179 1615
-345 -1623
-1575 -1544
733 -3337
919 -2242
3266 -3265
-2428 -2190
-32 -3306
3700 -1095
2065 -253
-2543 3245
-1521 3655
2107 -239
3366 -825
-1943 -2354
2410 -9
-2195 2446
-3163 3429
3478 2612
1448 2431
2031 182
2819 -1982
-1947 -2759
-2544 2017
1957 -88
-3158 2350
-3644 -2384
-773 1224
3736 -518
-750 2945
2148 -1242
756 2570
-3727 -2752
-2135 -1091
3607 578
2263 2055
-933 -1530
-2516 -2160
-3118 -890
3156 360
2820 594
-1621 -1840
-884 -979
3276 3490
3004 3589
-3416 -3170
1277 -1875
563 -1133
-2253 -3080
-712 -26
799 -3308
-2068 1377
1919 -3391
-2560 2843
-208 2701
304 -2144
1939 -1395
-3336 -3555
3661 -1414
-1753 874
-2199 -571
683 2580
952 3384
-3220 -2778
-1799 -437
277 1459
-3693 3648
1132 -1277
-1377 -420
323 408
3554 2786
-1721 1819
88 -2451
-3594 3240
-1203 201
3373 -557
-380 -753
767 -3371
1531 -1605
-126 -2825
-91 780
-3228 3513
-681 -1864
2971 256
-193 -1719
-3719 3322
3149 440
158 2223
-3083 1380
-1560 3014
3149 -3281
-1179 -1199
-2126 2230
1385 -906
-1625 1739
-1733 -422
2429 -2352
-3191 -2868
1774 -2831
-259 364
2370 -897
-217 -1802
1845 -1947
2649 -945
-2256 -311
-110 -2614
-2604 -1632
1522 440
-1803 2254
1484 -470
-3581 -2150
2617 2212
-605 -1622
265 479
3068 -2337
-2955 -2405
-3346 -273
-1232 2432
605 -837
3548 -1553
-2868 1165
696 2890
419 496
3351 2620
2963 -948
-2100 -3322
-752 -3076
-1631 -857
1053 718
-409 -2488
902 2038
1128 3489
-218 975
1720 -1141
1225 -528
3434 -1629
2284 6
-2465 -1512
3169 787
-839 -2543
1582 2435
-1139 -2690
-2987 1575
-2057 -295
2446 -2319
-2392 3320
-2288 426
1146 1491
238 1555
-668 2252
-194 -2282
-888 704
214 1512
1706 1416
2608 189
-2532 -2900
2604 -3160
276 -59
-173 -3570
-2305 -3443
-2855 -858
-658 966
2781 1487
-2673 195
-1493 -3250
-2697 -2537
2016 -3006
-3398 1112
1037 -507
1501 719
-2444 3426
1955 -3553
-145 -562
-1180 1840
305 1669
-324 -233
-444 3745
-2561 1732
593 2777
-278 -3321
31 2580
789 3711
-1198 -120
3588 3297
-812 1524
3197 1313
-3246 3222
-1068 2560
-3107 -2135
-2303 1171
-623 -1633
-3693 363
-2798 -3241
30 3462
-2958 -4
-336 -494
2799 2265
290 2457
761 252
2346 238
1041 -3738
749 -2542
-723 2444
-1679 -2878
-583 782
-1968 -1599
3607 -46
2792 -3042
-2937 764
1744 -3614
3073 -1845
3333 -1864
-2209 -205
-765 409
-2088 -2286
-2673 691
-1497 -3311
-3215 -1387
-1814 1434
639 -839
1254 -3343
2196 -1457
1064 2800
-929 1730
-3610 -1406
-264 -3670
2468 -2756
-3603 1901
3283 3123
2843 -2446
-1132 -1762
1400 2532
-518 1577
2925 -801
717 3442
-287 666
-2262 -668
1841 -1839
3688 -3090
764 1101
3189 -2112
3482 882
-2625 3105
-1172 -3578
-1137 -337
78 3033
-2576 -3468
1737 -1131
3598 -1439
1158 2019
185 3050
-1123 1719
-2584 -739
-117 1818
1082 2112
2978 2674
-1033 -3321
-2662 -272
3669 -1489
-2587 757
1880 -1766
-127 -1598
-1455 743
2470 -37
1383 -1747
1375 1910
-174 -2540
3477 2726
3011 -1968
871 -1089
258 730
2294 2949
-3184 -3123
-2627 -2570
3755 -1862
-195 -2384
1776 -1079
-458 -1568
1306 -3667
-878 -2136
-760 -3390
-3492 -1332
-2115 1317
2830 1690
-3039 -3024
2280 1299
-2299 1232
-1636 954
-1148 1509
2821 -2600
3077 -458
-712 3370
2940 -689
-589 -1208
336 3640
-2285 -2702
951 -301
1346 89
-3234 -1807
-2356 -793
2757 2321
-1966 -3252
-1497 -1642
1976 -1882
375 -1596
3481 332
2982 2999
-550 -1353
2465 -1472
-2692 525
-2794 894
491 3756
-1385 564
-3341 1648
-2728 -404
-2925 -3039
1203 -1464
-2551 2972
107 -2912
1997 -2149
-1331 -2115
-1254 -1148
2098 1809
7 -1077
-63 -2159
-77 -3387
-847 2897
735 -854
1388 -2598
-2091 3621
1136 -438
1638 2460
3183 2600
-1934 2647
-3114 2242
-2144 1263
-1366 2437
-3346 1492
1006 -168
-3678 1274
-2463 342
1214 -3551
-3067 -1434
-398 3040
1210 -2600
-3572 622
2857 1919
-2422 1420
445 -3035
3440 -1902
-3349 -3281
245 -523
-2254 -1905
536 2257
3133 -1984
-1232 1433
-3418 -2687
-3455 120
-1771 3601
682 67
-1114 1539
58 3069
-2104 -3490
2019 2598
-2111 -620
1608 -1151
2607 -2563
1072 3713
681 -1873
3196 3727
-860 2844
1397 -198
2898 1161
1662 -420
3525 3558
-2967 581
-3310 -178
2757 3207
1456 -899
1269 -3107
3647 -2903
-2500 -264
-2299 862
-139 -1401
2995 -134
-1953 1890
2375 290
-1484 563
-3637 831
-3365 -1406
1018 3257
-396 -2436
-221 -3378
1201 -1825
2374 -3410
2820 2853
3099 -2602
3090 -86
978 -728
3431 3323
2452 1155
1060 -803
-55 -636
2131 -3017
-1037 -3175
-1765 350
-808 -2242
-2034 2139
93 598
3264 3482
1133 -2457
-2445 1490
-7 -2638
973 -3348
-1511 3629
1323 3186
1233 -1441
911 -1931
1455 472
1620 -2310
-1008 874
-2686 -669
-1534 -3320
-1987 630
2436 3290
-136 -84
3722 -966
2279 56
-2339 -690
-238 2225
-2433 1826
1445 542
940 -863
-1372 -131
-2148 -2416
-3076 -2671
1092 -2361
-1419 -442
1789 1997
-1981 -223
1692 1871
764 1992
2592 -68
2724 -1109
939 1632
-1660 -2002
-1977 -2725
-2375 3285
-1238 1150
3304 1387
884 1697
-2737 -82
2869 -2365
375 -3078
-116 -1729
-2715 -1008
3498 1224
-3312 -1053
756 929
-563 1568
-729 -1573
1223 1303
3254 1388
2154 -2646
-3025 3368
-1538 273
2205 3103
-1104 3111
134 2291
-3476 2196
-2541 180
-2009 -584
816 -519
-1031 -3087
-118 -163
2952 9
3157 -2380
1471 3648
176 -151
157 -1807
-896 -1834
-2902 -3293
56 -2146
325 -1362
-390 -118
-2024 72
-2248 3166
-2387 -2388
947 -905
-1830 -155
-1307 -508
-425 2908
346 -162
-1808 2108
-200 2438
2134 2238
-193 2393
-1039 -2954
459 1842
-176 -1223
-1353 1628
-2912 1513
1244 -366
-1958 831
-552 -2666
791 1396
-2999 -1366
-193 -500
-2344 1454
3615 2368
594 -2858
-3303 -1178
1585 -3353
2389 -3362
-2438 1039
-938 -2981
-1024 -3394
1223 2797
2534 3364
-972 3079
1729 2505
-2028 1746
-3525 -1117
3652 -2739
-2796 2775
-3472 -1153
195 -1361
3498 -869
635 84
3132 206
-1623 2152
-1414 2441
-775 2563
-1455 261
-2856 -2488
-1955 1271
-173 1348
3478 -3694
-3233 1474
-983 -3564
-1518 -1427
-91 -1074
-3505 -3709
-1716 -2445
-1761 -301
-150 2876
-646 -3661
130 213
198 352
-2109 -216
790 -3342
-743 -668
-1133 2779
-3104 -887
-2824 2301
1556 1619
3063 -1467
-2364 2977
-903 2760
-1692 161
-2365 -3368
3106 -1319
-2380 1314
-3440 3604
1930 -344
-1728 168
3589 1622
-82 -1344
-3325 2179
-234 -2453
-3573 6
3239 -1952
581 3250
-3344 619
-1018 -816
-3434 -2151
-3671 1944
3719 -3332
-1383 2219
201 -2917
3243 1903
-3316 1882
168 104
350 -1119
1545 -1264
797 -3413
2203 -365
2535 -19
641 2089
-2259 -191
-3047 -3056
3206 -1073
-2537 -1530
2752 3031
269 -1056
-623 -1571
-1428 -2358
-1813 2001
-2908 2236
1838 -2695
-3289 820
2456 -2850
-3028 -1482
3672 688
-2608 1597
1856 3383
-169 -708
-3528 3255
3599 342
302 31
1621 -1386
267 3694
-2159 1772
3394 2946
-1571 -1851
-2366 830
35 2630
-2645 1592
-2972 -1468
-1731 -1796
-1644 -1982
3051 2464
2435 -1144
1359 1318
2775 1373
1367 -1945
1557 450
669 546
3070 170
2996 -3583
918 -935
-2818 2243
-768 3511
-390 2636
-604 -1423
3547 2470
-3053 2189
-1740 -3247
-1982 3592
-688 1262
-1198 2030
-3714 1924
2192 246
2473 3309
2167 2583
-411 2945
-813 3146
-2203 -899
1921 -899
-1526 1487
147 -2351
918 672
-2865 -462
319 -3170
-2953 -432
-2465 709
-669 -258
2631 -3030
522 262
1716 -3004
-768 135
-326 983
-1447 1773
925 254
-2260 1580
-226 3316
-1677 -40
3602 -97
-3538 259
-1265 -3526
711 -588
2719 -1186
-240 2400
2455 -3732
-600 1128
-1534 -487
605 -2449
118 -2729
-820 822
-2872 2524
3716 919
3386 3408
3592 -710
51 2328
-3181 1846
-568 2394
1845 -280
-2986 -851
1564 425
-1615 351
910 3183
-2890 -1982
-910 611
-3299 -1708
-2289 3674
-118 -3351
-2324 -174
2115 3511
-3305 -1046
1628 -2114
-383 -3137
878 946
2758 1567
-1114 1286
1706 -2388
-2823 1751
-1473 -1905
1173 -2798
131 3125
1619 -797
-2681 -2869
-3255 2811
-1430 -2991
-3428 -2979
-2589 -194
-2158 101
1214 2929
-3643 1525
-1699 1423
2612 -290
2176 -2211
52 -1689
-3392 -2021
1283 -2883
-1707 315
157 -2344
-2921 3421
-2265 3749
-3327 -2263
1385 1237
3537 -2551
1881 2945
-1236 -2720
114 1912
-2881 778
2468 2247
-1151 -3119
-3036 3460
-492 -599
-2524 1687
1002 969
3262 2534
-3644 1958
-727 -1221
437 2798
1198 1236
325 -3362
1685 71
-2927 -1375
56 -2545
1168 -795
1017 1719
-3471 -805
1967 1794
512 1931
-1316 -331
-3257 -3150
-1062 -2846
3281 1913
-1997 530
-1110 -2573
1808 1517
2146 -1422
-2519 297
-176 -1273
2364 2445
3603 -108
857 1409
-2732 -496
793 3412
-3481 3222
-114 3081
2416 -1974
278 -2113
-1917 -1878
3625 -3684
-2973 -1396
-1006 -1739
108 1370
2619 -547
-1683 3334
-3200 1063
2540 -3413
-474 2553
-2930 -2589
3172 -2289
526 1695
1110
-1177 91
1852 701
1719 1828
-1105 -1556
-1768 -1031
792 1441
931 1060
2278 1906
-400 -539
1544 -1625
125 1434
1433 1521
830 -890
426 424
-1134 476
-1203 -636
894 1221
2051 660
1598 2212
-2360 -1752
-2226 -1325
-1553 -579
1656 -1437
-382 -193
524 -1093
2283 -2338
1989 -606
2228 70
-1727 1963
305 1514
-168 311
476 2257
443 -1882
-1721 -1868
936 -654
-1022 1863
91 45
-1676 870
-2144 -463
1080 104
-292 1023
-2251 -1619
797 1374
1059 105
1901 -1738
5 1556
-1641 -551
-2317 1372
2342 2030
-392 -1894
1872 -1167
-962 -1502
-1625 -446
2255 1162
-1329 -390
156 -634
-1337 908
402 2126
-1010 -2223
-1424 1141
-1390 -969
-2168 2339
-2337 -7
-2095 -1090
542 -1652
-86 -1311
-426 -1227
-246 796
-1878 684
-1572 -1423
2261 829
1159 -2123
89 105
-2218 -825
-1374 -109
-1583 -1745
-1293 -1774
-525 -1614
-476 84
401 -250
-584 2050
1033 88
34 1835
1788 -1321
-1726 1577
2118 1525
-718 -590
408 -1660
-1941 -844
-976 -1797
-1753 497
653 -810
424 -397
114 -1655
2234 -1664
-536 489
836 -130
-912 -991
1924 -1262
-977 469
-1542 1958
2146 -1693
770 -1555
1371 1300
-1771 -1533
-1215 -1578
-1497 -1177
-1152 2144
-1205 46
-520 -576
530 -1316
-216 1655
292 485
2288 260
1628 630
1476 546
828 823
1584 504
-1203 387
-784 2200
-110 1147
313 -2240
-416 -793
1015 -1466
-651 750
1146 -13
1274 581
-1976 463
1627 1955
-827 391
1711 1620
-382 -221
-368 -328
136 787
-20 48
-1680 1973
87 -1504
1940 -686
-555 -2312
529 1047
-2344 -1351
-1584 1698
-461 1010
-1060 1666
-349 -519
-1297 1936
-909 44
685 704
-2201 1937
-683 -1384
2265 -41
-1698 131
-1053 -70
-747 -22
-791 1239
1694 -231
1396 1817
-1026 2154
2181 752
385 1640
1952 -983
997 1885
1985 -1887
-2003 -704
724 -1074
740 -29
-775 1140
-1582 -714
755 -1331
-202 -858
1302 -230
-1526 1225
2344 -1753
412 -43
1637 130
2002 -1472
-429 747
1980 592
2221 1567
-2337 49
-1624 -809
-1671 -640
849 -1580
-1647 1021
-1570 -447
917 -1815
1143 2185
-1970 262
-2355 -1292
-2235 -1751
89 1440
507 -593
-1244 -1075
16 -1152
-897 1910
1629 1644
-853 392
1024 -97
1979 1378
885 -191
2305 -1782
-629 1347
-1104 -1794
1845 -339
586 -438
1215 1541
339 -2013
1472 -2351
1258 -1870
169 897
2100 -1753
2002 188
368 -2164
-2235 -123
-116 446
-99 1349
655 -1712
-1617 -1888
-640 -1788
1243 646
2336 766
848 1605
2025 -1554
218 -1595
361 -1994
659 -1453
2014 1038
-1825 -137
1947 -663
523 -143
-599 -111
22 -422
-2291 -1382
-101 1933
837 148
-1039 -2019
606 -1316
1536 358
2268 2222
-220 -972
1878 -716
-1271 -737
286 -1858
-754 -442
-1742 1861
1743 2314
-928 -522
1018 -664
2 -466
1125 2224
-2206 -2036
-2122 -1383
845 344
2001 -1654
1665 950
863 -86
-1283 -922
-1048 -37
-1519 2327
-1750 -2240
422 -2051
-2007 -814
1367 134
1776 1575
1903 350
-2366 907
159 -144
1870 -90
-1031 -647
849 2207
-1782 -762
-1219 34
-715 -1390
-1416 1817
1881 -1095
2019 958
1685 446
-855 -1211
900 -2032
1676 1154
-1656 740
1810 45
-1164 1198
1517 2118
1105 1681
-1211 819
-651 -53
1500 1989
-2257 -2215
-643 -2272
-1241 825
-754 -124
-2377 -450
-865 1773
-275 745
1294 -1059
260 -1974
1600 -2178
2041 593
-84 -1401
2313 2035
941 1356
-1391 -2024
-533 1746
1518 1751
-1134 -68
1644 131
1637 -1235
-573 -538
-282 -161
-1920 2215
-161 178
1143 157
538 1318
-2378 1890
1114 301
658 -954
-275 1733
-327 754
-1537 1507
783 -1516
544 -1963
1214 -442
-2377 1362
390 -1594
1891 912
1923 441
766 -841
-386 -343
1270 61
2347 2043
1819 2006
-1648 -13
320 1054
2279 -1168
-2170 -1263
-2375 1680
-977 308
-769 778
-1943 -2085
-2161 -1859
-130 1971
-2155 89
-693 -263
1197 -246
569 68
-1204 440
372 -1112
-2234 583
-504 -2220
1697 346
1970 -1665
-1251 -701
-1649 -581
-1446 1108
-319 1451
-1309 -7
2018 -40
513 1867
299 571
795 -724
1735 1625
-187 1912
2240 1471
-1104 364
-957 -1655
-1287 653
995 -2253
1067 -1171
-2252 -1104
-2022 1059
1534 -157
1926 -383
-191 567
-407 -949
-1435 602
1997 -1690
-789 -1810
-986 419
-1573 -1519
1872 1971
1117 2115
2234 564
-1753 -22
-2223 1318
37 1734
241 115
-380 911
735 -968
2109 1924
-132 -30
1769 1018
266 350
-2038 -1670
-33 -2118
353 592
1951 -1896
-524 -2331
-400 -532
-312 220
-1974 -1979
2107 -463
505 -2067
1351 510
1854 584
-1853 1840
-2102 1947
1112 -98
-134 359
1300 -679
888 -736
971 672
2291 -177
-46 -2085
-286 1544
1033 -1848
1676 -2204
2186 1153
960 -2300
-232 -27
2188 1351
2283 965
890 163
-576 411
-2229 736
-2363 -61
-279 -1879
1312 -9
176 -2028
-319 2257
-1142 1840
1462 2231
-281 2337
-1454 1874
-1071 985
830 -488
2192 -1310
-1080 849
-530 289
-1717 -1975
-250 -1174
633 1405
1851 -434
-8 -1861
-1687 2118
1170 -313
631 709
704 28
-1620 -1438
-1946 -1779
-457 -13
90 -1610
-1217 -1562
972 1795
-195 342
1817 -533
246 554
-769 293
-468 734
920 812
-1221 -765
200 1134
1381 94
1562 -136
1159 -407
-1540 -304
-1608 -10
-950 1588
-1143 -47
2377 -1185
1447 -2343
876 18
500 1398
356 2229
1073 1370
770 1372
1122 -2143
2146 2348
896 -800
-420 111
415 1467
-2114 2069
-1761 2055
-888 -390
1493 1968
156 -1487
-1084 -1738
-1430 -206
1535 -1081
1184 -1656
1318 -1763
-244 276
1472 -50
-289 163
2360 -670
-613 -1955
777 832
-1255 -2337
256 758
2023 1015
1768 1091
-1664 217
-2096 1050
674 318
-119 493
1095 1562
-884 -2076
-1866 183
576 -152
1356 118
-2023 1141
-1182 1913
2204 1252
-184 374
-2197 -1755
2072 1376
965 1269
-765 -1292
915 160
1061 1683
-38 1764
605 635
-1883 1086
518 867
-780 1604
-455 -2067
-729 -993
-1827 -293
1052 1535
-1439 191
908 -282
1930 -2012
-1863 -2116
-161 2181
1553 -1999
-1078 2233
151 -1976
-1499 2207
2359 327
-1026 1885
-2172 35
1749 -87
186 1099
-1180 1277
-1093 -1895
70 -1532
-2293 1889
-3 -1036
-213 671
-1671 -197
1558 2192
613 -281
-2321 -1064
-1036 2023
1144 288
-2246 -2019
1485 -1805
-1602 1264
346 -1330
-720 1637
1538 -851
-2128 251
1000 1021
-595 1100
1724 193
-1267 1692
-122 1845
-2010 734
-2137 758
-1358 1689
1690 600
-2104 -1178
-633 617
-1666 -1625
1707 2323
-1204 2028
1192 497
306 742
1131 -2066
-1853 2052
95 -196
2270 164
-1703 2205
-1606 865
-2057 1828
-806 267
303 -1161
-2290 2109
925 833
-2206 2363
-551 491
-1944 -823
-238 -77
1546 2155
-220 1905
1414 -2233
1581 -1882
-1618 1525
-993 -1305
1591 -879
-102 668
1010 2212
1657 2358
1667 -1691
2127 -1146
634 2295
2336 -500
1980 -2311
1699 -1151
2278 2145
1179 -2095
794 2170
941 1476
-2365 1708
45 480
1383 774
1973 -2364
-1612 -1736
-842 -1495
2043 1103
-1394 -2322
-1271 -1849
-1791 -215
965 484
-2087 -1887
-2069 -1644
512 1555
-1757 116
-2020 190
1274 1582
1693 -1261
-1130 1936
2143 -1779
-415 -2136
1092 -2126
2267 -1925
2082 1652
-1347 1487
594 -185
538 -1419
-952 1048
2181 -2155
-1465 1318
-1538 1907
2105 216
-1734 1718
-1636 -832
1779 -62
-796 -2228
765 1550
-1719 -217
-262 -1767
58 -2153
-1436 -1228
524 2101
1156 -1447
-407 -1978
-600 138
1656 -198
1030 -2004
2201 -2070
-2015 340
-1078 -1248
1390 -1947
-1714 151
407 780
1303 1240
1064 660
1527 573
2198 1876
-197 1892
-467 2092
1079 87
851 1989
1339 -1288
875 446
-472 -2280
1017 1144
-1472 2094
-993 -2252
1258 363
-743 -428
-1463 140
641 -835
1832 248
2209 -919
800 1403
-929 -1531
-581 1451
1292 -1455
1680 2163
-326 -1497
-2363 -2322
-1469 -1694
1156 1047
1510 1101
-969 547
1129 420
26 -1173
1826 2183
-1962 -2127
-2056 2194
-951 2306
-1323 -191
1577 346
1601 574
980 -1620
-522 -1952
-428 964
2127 -1982
1159 -1678
-240 741
2050 2221
-740 635
1184 330
2002 1523
-1664 712
2266 155
627 -1902
-1684 -2328
-592 -2284
-714 1432
1909 -1754
-245 -716
-198 1685
1037 -2143
-534 1368
-412 867
2234 256
-651 850
1222 -460
-2211 -1163
-1549 2365
-1464 792
1411 -1414
1978 -831
2256 -448
117 1339
-2316 -1407
-558 -992
247 211
-1964 -1746
607 -1268
27 -1427
-2119 -2213
1490 -2369
1376 362
-1168 2168
-2126 -180
993 77
835 -601
1213 873
1723 2140
56 424
1877 -530
-803 1468
-1858 -2248
1241 4
-1292 -734
1671 -984
1667 300
-235 -25
-2090 1147
-102 41
-1750 -1899
-2165 -2054
1437 -460
1757 -1764
-58 2070
-1828 1181
-295 2332
1818 931
-1888 1025
1376 -407
1151 1835
662 -141
-859 -663
-1529 1379
-1288 791
-61 1960
-2209 1792
-2308 904
87 1901
1520 -1279
2003 -544
-1679 1604
-1634 1272
1017 2266
2048 -2001
-1171 1413
1170 -1006
-584 35
234 -1896
-2216 2110
2261 -337
-1845 -1839
-968 -1420
945 -2362
-1477 -557
-1588 1321
314 -1740
1431 -728
1406 1845
-564 -1039
-1910 2004
-1961 -2066
-1713 -1337
-125 -420
-2189 -849
1135 996
1187 2166
1183 1923
-1427 -529
-1658 392
-2285 1069
-716 -197
86 1043
-719 -1167
-2157 -1685
-779 -337
748 -2191
-2188 -595
1972 -2297
-2079 1994
1316 1879
-994 361
841 313
-1562 1622
2215 -2317
-253 -598
2357 36
-2231 125
-1276 -1275
-1739 -965
531 67
-1961 1986
1631 -810
-1270 -1129
-1912 1021
1553 -288
2340 836
747 -1827
1851 -2249
236 -2112
-374 -1398
2044 -100
-1320 -1133
-1962 -143
23 330
-511 622
-1260 948
2342 891
1418 -2266
2073 1979
1638 882
-205 -2062
2351 1794
-2193 641
569 -1567
1598 2147
-1419 -1506
-2104 -1826
1339 582
1367 2019
-1908 -1202
-1810 -909
2228 879
735 425
979 251
-1149 2177
1636 85
-1488 -1526
2206 1461
2193 1779
2051 -99
1859 -169
-1836 -672
-792 -2275
-136 -970
-972 108
-1041 -1655
-289 -31
1961 -1625
589 2066
-810 -120
1098 -2087
1441 1099
-25 -1658
1393 -431
2183 2121
1714 -666
-925 -1370
-1908 1008
568 -352
-2166 -1978
1537 404
174 -874
1149 -1948
-1675 -2160
324 186
-1864 1964
-412 -1309
0 -1197
-1424 1174
-1233 -295
-1757 -298
-460 1433
-1574 138
-2347 2054
195 154
-2363 1039
-317 1207
2024 979
-535 288
-481 495
1157 2358
388 -1551
-473 2344
763 1013
-73 1144
477 603
1882 946
1990 -1512
-2375 -1729
2346 -398
1135 -1179
644 -792
621 172
-1925 2179
-1175 -1207
-1382 -657
-2021 -1306
-585 -1639
-1073 -2010
-2343 1850
-2295 -1326
-1702 1829
1564 1286
1268 727
-2285 -373
-1208 2272
1154 2137
745 -2123
840 1932
-2113 -2079
1969 123
2128 -2075
1410 1718
-2099 1733
-1930 495
-862 -2183
1533 -128
-157 381
1489 -1052
-306 1781
56 256
162 2096
53 2052
-2169 -2117
-1314 2274
-2015 810
1355 -1625
-1300 -72
-614 -1451
-2375 -254
1626 -438
-778 -138
2260 404
1639 1233
1560 1929
-287 2082
-387 -1342
1261 -1975
2203 1487
-1774 -1071
1721 1031
-1299 1451
-223 -549
1577 1901
356 2044
775 1482
892 -2269
-1691 1214
660 -908
-1513 -1778
-662 -1878
955 1875
480 2242
-2288 -1923
442 -93
-1982 -1964
745 -1505
582 154
-1964 221
-1419 -1257
-1797 -905
-1032 1854
1328 -2366
522 261
523 2048
1054 296
-2337 2354
-339 -1373
2059 -2224
-812 1826
208 -2357
-1985 143
-1072 -914
-1771 652
356 -736
1475 814
2299 761
1020 582
-1870 395
-765 -886
-872 1894
2261 1439
-2237 1769
-2188 -1258
-1382 1800
1449 2354
1590 1215
-607 1995
-2220 1311
257 2037
2109 -108
-1881 -1213
-207 2171
-794 721
1313 1847
383 -519
840 1144
-648 -1157
-87 2343
234 -947
-729 2141
-1898 -49
-1280 -161
552 -429
1380 -2145
-1202 1480
-1610 -2247
1461 1721
1383 565
-285 181
2083 1769
-1870 658
-775 1842
-1842 1316
2303 -267
-1360 2080
-804 -1252
-933 -1774
230 -1325
1540 -1117
1560 5
746 2151
-1208 -1132
1977 -2224
-353 1414
2314 1829
1098 2096
933 -194
-2227 -679
715 -555
1695 -839
1043 -923
1341 1545
1493 1131
143 -1401
285 1212
2041 -1674
-1426 277
423 347
2019 -127
2333 507
1408 1988
590 -1534
-1662 -899
-1748 1269
-1148 768
-1950 13
-2339 458
1204 -1141
447 18
576 -908
1703 -995
946 982
1697 2069
-2017 -112
-1705 -2160
2315 119
-204 -260
-1567 655
-26 1898
1008 -506
1897 700
-1933 2144
-1796 1151
-1441 227
-1374 -665
-527 -1031
1470 -2130
1435 8
-1788 -2103
-21 354
-1855 -2281
1843 -1945
-1637 -793
-747 -1759
1436
-4773 5181
-5529 2340
1796 5128
217 4213
-5218 -313
-3278 -5811
2181 868
-3699 577
3983 3918
1210 3027
-680 3746
4675 2257
3723 2610
-2052 -2004
1298 9
4838 -4477
509 -5889
-4064 5583
-4870 4889
-1081 -4699
-3640 5592
3271 4971
3285 -4008
2688 -4195
868 262
2278 4320
-1515 -1921
-4855 -997
1351 -2765
-1033 -2887
4330 -924
834 3689
26 -1397
5609 -2840
918 4370
923 713
-1607 5365
2082 4019
-3278 3871
-3388 88
4598 1758
5160 336
4147 -2938
-1607 -5823
2767 -3607
-3166 -5303
-644 3437
2673 -29
2159 -734
-4366 -4673
-4616 -2911
-5513 -4772
5900 -899
-3806 2721
947 362
2711 4125
-176 -3566
-462 -3283
1948 3693
-3931 2107
-4240 4620
1605 -3345
-858 1594
-1239 -5704
-2138 2604
-5214 2922
4984 5431
1206 -5757
-2909 3802
150 -3647
3779 2241
1800 -2769
-1283 -3005
-3255 -3342
-5899 -3270
-4983 -3330
-2233 4919
-1102 3064
1722 3517
3477 -4819
5146 5102
4714 189
-3217 1674
-5891 3488
477 4373
2145 1339
2392 3094
5740 5635
4057 -3733
-2015 5672
-5345 -3309
577 5525
3222 -1091
2366 2085
3736 728
437 -2274
1602 -4139
2643 3649
4822 -5004
-3215 5004
-621 -1279
-436 1891
-2126 -1718
-2991 -3524
-5265 -5249
4764 3773
1130 1838
-1109 4402
4386 2208
-2045 4948
1420 2230
-3693 -1228
4448 -937
-3521 -2060
4669 1086
-2033 -1938
-5715 -4642
3814 -3040
-5058 2051
-5847 4810
-336 -544
1423 622
4090 -4456
3412 -5402
-2025 5424
-1801 -70
-2074 541
4769 4920
2025 -5782
-1715 -3125
3960 -5712
57 -733
-5173 1429
-266 -4386
-5231 5641
-30 4826
4304 -5436
1127 3445
408 -1917
-4493 -1894
-2532 3832
-2419 -4061
-1189 4810
1731 -4000
4991 2386
2353 1381
-2014 2166
451 -1214
-5072 -3337
-1027 1223
4189 -2699
3856 155
1 -2221
4171 -1630
-4074 733
4182 -4345
-1254 4612
-1129 -3457
3353 4751
3179 214
-25 -1567
-44 4213
-5358 5964
5325 -2745
2473 -1495
-1594 -4693
2880 3571
-397 2344
5974 3389
3158 -3464
-156 -5937
3751 5366
462 5916
-1146 -3704
-4018 5582
-2585 -687
5097 5871
1872 -4059
5912 -2101
-1830 4677
-5662 -1000
3744 -2956
3290 -5375
999 4702
1128 5624
-1192 -2011
-3441 -5337
3592 -1810
3111 -4790
-2049 -4680
-4728 -4773
-63 -3537
-5217 -4222
-1948 -2283
-3506 1930
1779 -2003
3032 176
-5228 -1006
-5870 2136
3111 441
511 5834
-546 4479
228 -2515
976 322
1587 -5407
2401 4958
92 3026
3203 -1460
-1341 -5126
-3211 4323
-4406 4967
-1860 1214
1102 -4419
-310 -2974
5159 -5656
-3502 -2580
3054 -3715
-5910 1050
5781 -5068
3259 -2010
3044 482
1797 -5400
-2041 -288
-4 -2830
-2486 -2305
-3614 4493
-4911 2820
-4560 -4647
-1116 -5538
2034 144
-3511 -4621
-3836 -3821
4175 -519
-631 4572
704 4010
743 2635
-4932 1496
3818 -5028
813 -4748
-248 -1862
-55 -391
4376 2513
-4998 3901
-5061 5610
514 -2538
5259 4966
-52 -2859
2656 5806
676 1172
1106 2025
-2547 1425
-3065 -3958
-5228 979
2859 5750
3453 4320
5778 -2666
-255 -1414
4604 -5127
-3893 -5778
-3355 -1868
4469 -908
4289 1835
-2619 -919
-365 -2261
725 -117
-5624 2813
2457 3592
4121 -5852
-4016 -598
5359 -4046
-4733 4692
3972 2875
-3627 -1712
-2277 -1306
1532 2865
5118 -4583
-5410 -3371
-4801 -508
4420 1299
-1993 2522
-1920 1342
3017 -3807
1849 4091
1922 5432
-4089 4824
-3655 -4437
-4395 -1790
-1940 1806
1817 -5451
-5812 -1378
2814 -2017
3084 -103
4911 2111
-3956 2325
1451 -4485
3559 -5772
-3947 -4737
598 -4579
-2771 910
4120 -1060
-4486 -188
4398 3517
-992 -5098
1939 2986
266 3654
-3014 -605
4225 -2555
-3828 -5344
-5067 -2426
-1048 835
1745 114
1165 -427
5698 -4161
5974 -2997
5702 -560
-3253 115
2511 4740
-5613 340
-58 -2551
-3197 3820
2480 2308
1998 -1887
-5777 -3891
-5032 2126
-5405 -2433
5826 -4336
-2717 842
1543 5416
-4077 -1041
-3382 -3826
-5444 -1831
-1657 4260
3952 -3224
-3291 4286
-1128 -2155
788 5360
2486 4293
-2631 2406
-1637 -4483
367 -3300
657 -5359
5798 -298
5151 3401
-3244 -4188
-1390 -2233
-2727 -2250
4415 -5955
3436 5861
-2720 -4480
4527 4247
-4865 2959
3850 5663
-3725 502
1009 987
-2890 -1703
1382 2922
3239 1383
-791 -4550
1629 -4406
228 -549
-5624 -4788
4196 250
-5946 5165
-3534 2401
5600 2382
-71 5227
-4451 1777
-2880 1738
-5939 -4329
967 -850
2694 5950
4795 5631
-1060 -664
3116 -2182
-1920 4051
-5004 5616
-5657 -4591
545 -3379
3229 -3227
1651 -3790
-2738 4369
3750 -151
-4814 2787
4355 -2424
-5229 4105
-3105 3463
5503 4748
2131 1272
4573 -5536
-3542 3857
-2785 4882
160 4695
-354 525
-5510 2649
-1614 -3415
1305 313
-1765 -2464
1336 -3429
-3432 -4782
2679 -5098
-779 -4511
-2440 -2262
3890 -3249
1156 -19
-332 5360
-3208 842
-5206 -5466
1168 166
3488 -1564
3051 5824
-5828 2647
-131 -2318
-2708 4563
4188 3695
2248 -4444
114 1964
-5688 -5874
5266 -1771
3786 -4982
-174 2707
-4777 -3983
-1627 608
-4121 4843
-4392 472
-245 4447
-2322 -5145
-2866 5391
4703 2068
-2595 -5589
-5138 -3354
4096 -4031
3114 -1541
303 -547
734 -4796
3409 2941
363 -5038
-4145 -5679
-1376 2186
-4469 -1777
5791 166
-3638 -3295
-726 634
-1910 -4558
1834 4646
-1238 558
-2975 -3783
1592 2865
-5963 -4426
4937 -3694
1256 -892
-497 -3904
-5679 1244
-613 -2977
2081 3872
-3986 -5565
-5655 -3906
3923 5436
2226 2171
3316 715
1410 -3844
-822 -1919
-5634 1986
3652 3724
-4024 5584
-4945 2857
2446 -4443
4769 -5931
-4403 4603
605 1400
-5361 1425
-1068 1861
-5767 -4471
622 4151
5441 -112
3 2908
-5075 -3419
-4102 -4307
1244 2810
-4940 3565
2618 -4206
-5415 1179
-1381 2231
965 -3509
-3887 4683
-728 14
-4450 -4809
-524 -897
-215 4928
5847 -5545
-4895 -259
-4834 3553
-1978 -1910
4070 293
3920 -4071
-1364 909
1569 -2291
-1729 5751
-2448 2883
4913 -958
3858 -2005
4487 3846
-5417 5804
2692 -800
1651 2604
3890 2585
-5327 -1926
3455 3366
2605 662
-2431 5940
5211 4829
5669 -1752
-1182 509
5957 -50
2364 5700
-1540 34
-4219 -2363
-2782 -4643
-386 2692
-1330 5588
-4005 1556
-391 2431
-5133 2703
104 2845
4539 4150
-5932 -3396
1452 -1364
4763 -4082
1045 4623
5778 487
5102 -8
-3521 -2816
-5242 -2082
-1050 911
2562 464
-5602 -2493
-1206 85
-3411 -1367
-3238 1053
2097 5937
195 -154
-5347 -571
-1526 5665
-5428 -1711
3937 -5000
2776 -4078
-831 5528
-5816 828
-3706 -4985
5547 4083
-831 -3616
5040 3041
1194 -843
-315 -4830
5872 -2290
291 -5549
-4875 -4191
-630 284
2342 1648
3233 -315
-5296 1309
5704 -4928
-3132 4826
4669 2201
-5116 4267
-1531 -4344
-5560 -5279
5002 1074
-978 1235
-3573 346
-4848 2924
-2193 3859
4053 1684
2714 822
3975 -2031
3373 4345
5005 -981
926 -3902
5291 -2145
-5690 2051
-5226 5413
-1220 3306
-4667 274
1889 -3489
-5423 -1738
2079 947
3181 2950
-2313 1759
1755 -3204
-5946 3454
978 1676
1166 2929
-2458 -1826
-2759 4978
-3908 -2977
4746 -5168
-366 3279
3104 -3786
3749 2652
-5617 -3137
3525 1391
-121 -2579
486 5517
3141 4579
4303 1906
5820 -5383
3356 4729
-262 5029
4333 371
-1254 -4842
2930 -2295
8 -688
-4840 -4084
4843 2593
-2495 -2698
552 3290
-545 -3817
-5303 1653
-5271 4669
972 -1099
-5891 67
1722 -4733
2762 -799
-2185 4806
-398 -4661
4227 3183
286 -1398
490 5723
-5728 -5731
-224 1865
-816 702
-4547 2050
3798 2005
2391 624
2354 -5109
2726 758
-2713 414
1539 1347
-3376 -962
-3838 -1774
-2237 -3005
-4415 -4763
961 -4304
612 -3586
-2345 1261
1064 -3657
4161 3273
-5202 -3737
5084 -2875
-4794 975
-2680 2183
4605 -5320
-4456 -3315
4714 -3644
5801 1402
4136 -936
4334 2238
3278 2614
1303 -2527
1835 -4008
-1156 -3459
-5767 1978
-85 1581
-2593 4177
3581 4372
2685 -310
-1924 1694
3160 -5369
4291 -1587
2938 4420
-5094 -4689
5481 4768
5317 1902
775 1498
1663 -5515
-1819 2979
-3609 3367
5739 5881
-1537 5342
4691 891
-3018 2713
1270 4950
4022 1858
-2668 2004
-2748 5383
-381 1748
-2588 4531
1325 1106
-684 84
2140 -765
-5142 -56
-2674 4864
-3351 4032
-4622 1000
42 -450
1871 4430
-5614 2086
5277 -3474
3124 3620
-5953 5239
-1998 -1821
5395 4729
3391 -2042
3151 -4295
535 3898
-2583 -2863
3263 249
-430 802
5831 -1091
5720 5612
1867 4352
-1096 1105
3295 -4125
-2446 5376
-5569 2721
657 4592
-3942 1536
527 5677
5948 -2301
-3389 3285
2790 -4254
3320 -3688
-5128 1684
3113 1338
741 -2771
-225 5076
-138 -446
-3937 594
-977 5631
-715 3241
4638 -5331
-3697 -524
636 -5536
-2986 2995
2501 -2670
-3201 -2658
-5331 -2482
4172 -4324
-513 2403
3549 -2522
-2426 5343
-5562 -612
-5036 -454
-3468 2019
-4052 2726
-734 -1458
-3882 4704
623 4363
3349 3449
-4131 3172
5221 -5107
3380 -3764
-3068 5802
5710 5673
-4453 4734
643 2910
586 -1559
-472 3495
3635 -4680
-4607 -1248
4313 2013
-872 -4055
4665 923
3556 4585
1493 5846
2158 3512
-4405 -1698
-639 1557
4202 4387
5495 -2202
2469 3262
-2135 -3474
1519 5392
3529 5336
4628 1270
490 -4774
-905 -4175
-5603 -4401
4756 3165
3961 1185
776 -2942
-887 -1350
2546 4487
3660 -3012
4025 -219
-4822 -2064
5338 4693
-2755 -3357
-3527 -324
2281 3491
-503 -3827
2353 1964
-5026 -1736
-2896 2181
-5467 -1318
1545 2985
-1144 -5221
-4863 -5103
-951 -3919
-3947 1434
-1456 5929
-4251 2041
-5881 4713
5041 2838
-869 -4835
-995 -5489
-5271 -2499
-2029 1383
-2779 -3811
-418 -1530
-5801 907
2697 -601
2005 -2058
-616 1275
-5972 3076
-5035 2116
-1367 -510
959 996
-5970 -3860
1994 -1510
209 -999
1646 -4541
1992 5498
-2472 4281
-1074 1941
5685 -5404
1870 -3048
876 2676
-3051 -3830
-5391 -4071
5923 -210
1547 4886
-3995 5586
4214 2497
1121 -4938
-5101 -975
1066 5364
-3809 -467
1955 2054
-2836 -4132
1505 95
3922 -141
1657 -1074
4067 1846
1466 -2380
4479 5866
3699 4399
5597 4992
1462 -3974
-481 2793
753 682
2260 5222
2816 -215
-5114 -3330
-1558 -5259
-1384 -5570
1270 -4056
3865 1913
-2477 1813
3611 5377
3072 1923
3490 -3838
3720 2549
4625 -2518
3308 -2964
1971 -129
3485 -4891
5628 -220
5199 3634
2119 5057
1028 -5847
1473 -5094
-2671 -1491
2034 -2663
-2133 1478
-2561 4070
-5489 4698
-1567 -1374
4036 -3056
3042 -3615
1895 -3712
588 5031
-4208 4925
4343 -3699
1444 -396
4699 2211
5752 1772
4491 -42
1908 3059
-1635 2967
3934 -2448
-2159 -2469
-5081 -3069
3452 -2511
-5226 -5807
-4778 -1616
-1755 -4464
-999 1500
-2044 227
-5779 -5323
4117 -910
5931 5056
393 -1047
20 -3768
1735 3788
1920 -5551
-4689 3275
-3444 -2022
1662 -657
4176 4771
-130 5186
-5459 -2056
-4376 -604
-1528 3897
2148 836
5747 344
-4027 1798
5049 5157
550 -5744
-551 -441
5524 2597
-1843 2180
-4161 2383
-4369 5891
-926 -4747
1328 1485
3651 -4599
1662 4761
-1628 -4213
3158 -3817
-5488 -516
-875 -5152
4010 5525
-4688 -219
1970 -2519
40 -1013
-3341 -5655
2512 -2885
-3657 55
-1227 -2362
-5273 -564
-2444 -1740
-971 -1710
980 -519
3187 -3525
636 -989
2838 -4920
1544 1734
-5654 -1341
-4966 -5036
-5094 -3075
3269 -5832
-4114 -62
-4957 -3093
-3678 -5189
-5212 1802
-349 5471
-4574 -5757
2994 3687
-1469 2962
-3791 4365
-1907 -301
3783 -5552
-409 4700
-4789 -1284
1659 -4407
-372 201
3109 1336
5297 -473
-52 5097
-3864 783
3748 4760
-4909 5407
1583 -4345
3671 253
-2935 631
5010 3076
-2080 2327
1101 -2709
-4444 2809
-468 2610
-1967 -5408
-5351 -1505
2639 2608
2552 5260
-2418 2783
-5531 -2463
-2843 -3078
-3573 -2542
5714 -4194
4234 5936
-1320 4286
3664 -4735
5543 -5860
4638 2074
-5713 3813
5361 -5099
-5334 4970
-4347 2450
-1363 2682
-887 -1216
-4011 -2451
5576 -5331
-5721 214
4828 1615
-4547 1350
-897 2880
-2933 3639
808 279
2764 -3060
5653 5134
1720 -1580
579 5860
-1422 -1234
1769 -3158
-367 -5768
3084 -4147
-2606 -4432
561 -1181
3939 1044
2157 3507
-3413 2188
5035 3079
-5361 659
4187 5652
-2251 -3031
2961 703
2498 5383
2489 3809
2254 -3798
4957 -1398
-2456 5557
-2250 1543
3928 -261
-1284 -403
-4875 2830
-270 3774
-3526 791
-1345 -3479
4630 2928
1347 -2027
1241 -459
4889 4172
2451 674
2403 -3421
4821 -490
-3716 -2716
2540 -3571
4027 -4515
5411 3215
-5414 -5714
-1506 4509
804 -5536
-2320 -4106
-4046 5671
2446 2718
-3169 -1185
-4024 -3913
-5028 5761
-1071 3849
998 -3489
-5206 2575
1408 -1135
2938 4289
1034 -3483
4911 1881
3123 236
1752 2244
4228 928
681 3660
-3721 993
1300 -5886
1855 -5855
-5177 -3826
-1634 -2804
142 -2738
-2071 -4726
4311 -821
-1956 2992
-4340 -913
572 2450
-731 -1187
-3562 -1063
3011 -5795
-370 2444
5783 -1421
3884 -111
-3169 -2188
1947 -1172
-110 1205
4409 5391
2856 522
-3660 -5059
-4598 3394
3400 3303
-3162 -1515
-3197 5350
1308 -4272
5734 -3894
2934 4640
376 5187
-4648 1603
1056 2281
5505 1750
-3901 1432
5236 5780
-814 3002
2487 -2935
2877 -390
-994 -1693
3829 -1736
-5819 4643
5448 4151
-2260 1061
4062 4181
-4683 19
1690 1970
-4986 4841
-1917 4471
-184 401
3886 2906
74 -3406
4989 3342
-2568 1343
-4504 1564
5753 -385
-3360 -4906
254 -3301
858 1060
-744 -110
-3515 -4083
855 -854
2414 661
-5103 1765
884 -1544
-5638 2351
1880 5319
-272 3642
5346 4357
-2751 -4563
955 5782
-1492 -4176
5610 -928
427 1958
5545 -71
-4193 -1926
-5028 5566
1045 -3698
-2210 5731
3041 5969
5707 5120
3582 5054
-484 -1150
-7 -588
-4234 2049
5794 5559
-1393 -1729
-4254 -5227
2760 4462
-4854 281
-1935 4511
-2015 5796
-2020 4037
-2515 4673
-2662 -4480
1283 -1199
-4101 -1535
3515 314
4986 -1626
5101 3833
2487 4962
3580 899
959 1518
-5063 -4187
2413 2793
3238 -590
-4202 -2040
-1042 4314
-1786 1903
-4551 1133
-2833 3902
5499 -4170
5518 -4049
2341 -3281
-5540 -15
331 -2550
3004 -2656
725 5301
-181 -4781
-4924 1941
-4844 2018
-1227 4719
3902 525
-4089 -3209
5803 -2616
5047 5939
-4080 5187
-942 1453
-1615 -4038
-1914 5714
407 2484
2845 4981
6 5594
71 3474
-4488 -4871
-4925 4683
904 -4059
942 5720
2535 -3509
-3553 1346
-4752 2139
3974 3283
-197 4405
-3519 -5751
5238 3796
1205 -1738
-1201 -4846
-2587 5875
4402 3122
-1552 -5605
5141 -1863
3498 -4253
-2270 -5707
-4715 -1507
3239 3498
-5770 -4775
-4628 1803
-1154 -3235
-1223 5731
3732 -3124
1426 -2997
2146 2275
-4309 3192
1581 -4739
-4370 3618
-2346 -1669
1934 -1846
4876 -4165
3706 -5468
-854 -991
-3763 1835
-4779 -225
3503 206
-1655 120
5522 3087
-4466 5445
28 -1482
-125 97
3675 5247
-2322 -4663
370 -4804
-3527 -3156
-4888 5807
-910 5326
2551 -4975
5078 2602
1522 3651
5330 -2993
2654 -5092
-4811 -5218
-2747 -2312
-4563 -1189
-4229 -3803
-2158 4568
-1375 5474
-3039 -5838
5805 -1962
-2207 -380
4761 1590
-5841 -5942
3755 -5645
4069 2889
146 1193
-1823 4271
4209 5434
-5180 -1389
-1382 -1511
-4431 550
-1024 -5954
1871 -5814
-3369 -4989
-133 797
5711 -1952
-2023 5013
-625 5546
-5724 1573
2367 1513
-4480 -5360
-2174 5186
4298 -936
-843 4779
1174 5318
4992 -5549
854 -1637
-4066 4766
-2574 -2920
2408 5525
-653 -4612
4764 5959
4022 3978
-573 129
5654 -3846
-2607 4393
-528 -1207
5349 4194
4555 5
-268 1913
3824 417
4405 -5163
1452 -2101
-3372 -3863
5181 4805
-5060 -5645
2547 -494
-4370 5137
4423 1652
671 3509
5178 5091
-3050 182
4349 3823
-2145 -3918
4052 -4748
-2349 -2923
16 3286
2591 4009
-2767 -5506
-3069 -256
-2856 5681
-5086 4454
-4702 -5650
-4221 192
-3637 -4538
-2898 -5390
-2157 1786
1038 4044
-5233 -3657
-5881 2902
3187 5132
-1874 3662
4890 2528
-4832 2536
-2458 -1897
-1620 -5763
1851 -3234
4213 -2161
576 -5668
3404 5522
-193 -562
-946 -5330
-3481 -1057
5470 883
-3642 4204
545 2482
-5464 -4368
5106 3378
3423 -337
-3876 2333
2008 -2387
-3896 4844
-144 5828
599 -3708
-5118 5115
2323 -245
5681 5048
-2487 3216
-499 3515
2190 -1871
4257 3133
29 -5058
339 -2911
-5527 3140
-402 4673
-3157 5669
-2854 -3117
-2262 -4765
225 2185
-3037 4616
-3109 5548
-3010 4798
-1952 -3720
1873 -4560
646 1103
1979 -3536
4970 3973
-5165 -5556
3577 69
-5398 1336
-1981 3739
2663 -113
5722 -1285
1948 2215
1751 5628
-5508 -1358
-2559 -5420
5502 5885
-5944 -3118
732 5245
-14 -3218
-2308 -1609
4615 3231
4805 4375
-574 577
-4430 -5179
4208 -5040
4610 -2015
-3486 4187
3301 3012
-2418 -5563
-3016 4651
3975 3763
245 4268
-1671 4493
2721 5972
-4299 4158
4510 5974
3924 4172
-2871 4367
-1375 550
4762 4100
-3873 -5675
2802 -1944
4186 419
5797 4895
-3944 -2418
-5767 -174
-1234 -2628
1948 1185
5868 3288
-4268 4391
1200 80
1456 -5543
-4515 1507
3441 4189
2625 -5048
4311 426
3189 -1851
5527 -4103
1385
2534 2994
2821 1623
1787 -5001
-3348 -5427
-4719 4857
-4764 1688
-818 -5149
3085 3615
-2027 2544
3234 -4586
1546 -2862
-2409 -2057
-1335 -2762
-4377 1384
1506 3769
810 -3226
3776 -2546
-4437 4860
5157 3489
-5113 -2785
1586 452
-1971 -2922
-5235 -5547
115 -146
87 1201
-2005 -4596
-280 -1240
4052 -822
3586 1405
2652 -2488
-158 -4687
5574 -2055
-3777 -3179
-3835 -2509
-2623 -3455
407 -492
2781 -2868
-8 -3743
-3725 4597
4671 5213
-4544 -4757
339 -5276
-321 982
-184 2182
-1448 1571
-2074 -4092
3207 -3950
-3045 -998
-2256 2974
-2656 5146
4479 -5466
-5564 2365
1763 -2308
-215 -1829
-5176 -3313
-883 -3207
617 4262
-2070 3728
1477 -2073
4388 -3327
1035 1782
3735 -463
-2219 1371
3624 4854
4798 443
1164 4919
4359 5024
2775 2965
2291 -1409
2760 1787
-2536 604
1134 2438
2406 2077
-4364 2094
3520 2939
-985 -4971
798 -618
2824 3274
5116 2969
-987 2060
-4162 -3274
2872 -5403
-4255 3792
-3613 -1211
-2378 -1258
-1580 1946
-433 -2701
4837 -3537
-5102 -3867
-376 2880
-1770 4067
-2471 -4730
-1667 -2283
-5339 5207
3221 3339
-4006 3453
-1761 -3359
3961 480
-359 -4579
4116 2693
1263 -3166
-618 -2430
4825 -2979
166 -2503
-5251 3331
3816 354
-4907 1855
-4318 109
289 -3046
-4827 868
3034 -5519
4384 633
554 3814
-4769 2796
1851 -5297
2063 -151
1867 -3743
4326 5153
1903 -983
5081 -1377
573 1789
-3398 -4522
3288 -2078
1643 -1306
-3306 5544
-4303 -3075
1004 1324
2310 -921
4670 -4654
826 4725
4179 4763
3614 1664
5126 4056
260 -4402
1839 -3761
1991 -4661
-1717 -376
-242 -5055
4210 -1972
-2738 -4376
3799 4045
-4047 -2006
4439 2903
4617 2700
-3652 -3575
-2970 408
1665 -1151
3271 -1653
5287 -5237
-937 4133
106 4068
-4385 2638
-3327 4688
2546 -3816
5097 5573
-2286 2661
3037 -3613
57 5516
532 -3194
4755 -1872
5048 1367
2322 -784
4750 -2588
-4710 4877
-5282 730
4716 766
5404 2967
3257 -2457
-5409 4857
-1108 102
672 -506
-5148 570
-469 -2940
-3199 5045
-1591 3462
-1582 4726
3845 1504
888 -3044
4428 -324
3449 139
4828 960
15 -2191
-1658 -1507
-2038 -720
-1128 -1033
1877 2410
350 -249
4434 -3098
-1090 4758
-3448 -5057
-4513 7
1009 3091
-4457 3948
-3674 3846
-2872 933
-2934 4089
-475 -5297
2436 5542
1734 -943
1081 3006
-3175 4638
-4835 -193
-4279 -2134
4959 3279
-2287 -458
-3676 -5327
2311 3855
4065 -349
2623 -1789
-1864 293
5358 -2944
-4768 -2282
-2084 4106
-2801 798
2753 -904
2394 4896
-2423 -1442
-1712 4062
4548 -3002
-1269 3818
-5511 -2140
-453 -2909
3163 3241
-3092 3921
-3203 5120
3516 318
2403 273
-2372 -3901
-2475 -252
-4421 -421
2896 -2323
-195 2536
-3771 4370
-607 4156
-2961 -80
-1541 146
1353 1668
1249 -2751
-2895 4042
-1600 -426
1176 -4947
-3800 -437
4913 -5137
-4564 5028
-3815 4494
-5227 567
2413 1480
-4253 5467
-5507 -1340
1846 -3754
-3702 1238
-4558 -908
-1798 4010
16 3176
2955 2124
-5323 -3538
5308 912
-1619 -4626
2481 -134
-2590 -5299
-2968 -1791
-4311 -2663
366 -5259
-1205 3184
3052 5594
4201 310
4436 -3004
5148 96
2656 2302
-50 -754
-2818 -4914
1345 -176
3871 -4377
-4025 -5394
668 -1094
4970 3577
229 -3033
-4653 -4146
1941 3606
-1051 4609
-3890 609
-54 3106
-5505 -1240
-3031 -5479
-4690 -653
-224 -3411
4567 -27
-326 -4955
5558 3260
-4498 5150
328 4700
1042 -2608
-4995 -4779
-2189 -3876
-1572 1856
2313 1359
-4316 -1323
-2941 -3
1378 -2711
4258 -5220
3436 4159
5602 4080
-3815 360
-853 -975
4984 -4020
4429 657
135 3812
-2024 4472
-505 -1817
1388 1316
3158 -591
-3276 -1327
-1050 571
-2602 -3753
-4067 -1768
-2966 4213
-4889 1892
4808 -1477
4167 -5608
-1635 1767
2554 5215
1346 1436
-2265 -887
1783 -5285
-1488 -727
-869 2763
2090 108
625 -3360
4091 37
4976 4805
1996 31
-1783 -4001
-2549 720
-2743 678
2223 4196
1418 -560
-2325 -3523
-193 -1996
-1190 3131
2300 -4259
1923 -2577
484 -684
1426 -3830
2089 3268
-5025 -3256
53 -2191
4479 630
2432 -2445
-2901 2181
-4969 790
-4212 -2579
-2232 -2653
5072 -1922
-1131 -3958
-1498 -3625
-4803 -496
4529 4324
-1594 2151
2989 -1430
5182 5244
5463 2815
-135 -5283
4422 816
3189 -4615
4899 -1388
4764 -2643
1357 -219
3079 -3751
-684 -1814
5107 3304
-823 1272
-1836 -662
-2430 1774
3031 -540
1922 -2383
3966 -4599
2671 1200
3068 -2065
-5503 2473
-5229 -900
-3596 265
2608 -4303
1240 -4845
2473 -2702
-4587 3221
2907 -508
45 -4246
-3703 4651
-4160 4984
265 -2241
7 -1642
592 -1833
2870 18
1945 2737
-635 -3686
-3453 -4619
3434 5480
4253 4225
4996 2792
-872 3202
2907 -3190
-1853 -4159
-728 -3354
-4482 797
-5318 -4715
-1135 -4839
-21 -4015
-4843 -4603
4433 -2316
1753 2958
4228 2282
1639 -4304
-2552 -1111
4141 -667
-3715 -3226
855 2684
3607 -3409
852 -617
1357 -601
5465 4262
2498 -5374
-4689 5248
-2894 -2353
-368 -4196
2319 -2272
3276 -3993
1023 3941
38 -28
2511 -1116
-1719 4265
-4290 925
-177 1537
-2123 2510
-1127 4591
-489 38
4813 1714
3148 -5584
3050 -214
-3605 1211
-2463 688
-1123 1196
1573 2274
-2730 -716
1284 5578
-2098 2301
-3899 1945
5249 2768
-4678 -4340
1252 4988
-2220 -5005
4876 -1470
4370 2731
5093 3717
-2868 -1066
4620 -91
-1920 -344
2602 3877
-1190 -167
-4963 1874
-3535 5058
3782 4883
-3703 4522
5429 4307
3686 -5230
-668 3022
1163 5601
5343 2003
-2379 727
133 498
2247 2260
-4304 34
-2602 -4623
-2801 3364
5097 -1386
3713 -2996
4298 3163
-4102 -4660
-5303 -1830
-5506 -3349
4535 -685
-2802 5262
-4433 -952
-604 2246
4957 2946
747 5551
-3156 -312
-3261 -894
2262 -1857
-421 3027
4463 2203
-3628 3857
-5054 5434
-477 -1086
-4992 -5497
-1540 -2101
1919 -369
-5150 -519
-2656 -5032
-794 -4233
-3946 -1763
668 296
-2118 2510
3529 -720
5516 -4471
-1849 3399
-2813 4055
5011 -898
-3514 4139
961 -693
3635 -4124
1395 335
-4716 5185
1575 1011
5062 -1699
3691 576
-4303 3444
2831 2325
3219 1583
-2218 -5388
-1780 2156
-834 -5460
-2297 -5250
2043 -1486
-2752 2829
-2521 -1791
-4874 2145
-2317 3576
5145 -1094
-1218 -5400
-1204 3195
494 1676
-3148 795
-1768 5357
-5467 3094
5350 -2866
2503 3840
-3927 965
2145 -5383
-4378 785
-4762 2433
3025 -4095
-1760 -3018
2752 -515
1694 -3435
926 -381
143 -2426
-1893 1636
-2726 -3127
5021 -4922
-3727 -838
-3995 3379
-1168 -2608
3960 2232
-4002 1638
-4482 2420
-3317 4278
5452 -4625
3219 3060
3850 -5405
-1840 2567
-3572 -4214
-2065 4399
982 -2278
-3648 -4973
-5257 1002
2743 2881
351 3035
-3993 4761
-3526 -84
-5366 2471
3477 2562
2668 -5574
1031 -3053
637 -3959
1761 -411
-3526 -3420
-4009 5388
-1828 -1991
3055 -2707
232 -3972
-1319 5563
-3726 3142
-1164 4929
-3019 5210
3079 1052
-1387 -4101
1633 371
3164 -4202
-4729 -503
-2865 4875
-939 3512
-2780 -337
-2360 -3120
989 -2716
-2430 -3022
-4020 -234
-5384 -2149
-1476 2774
-2195 593
2845 4657
-3160 -3370
-2826 -5130
-4508 2608
-2217 897
-4660 5077
-2499 -503
1931 -685
-401 -2795
-3582 -2481
3532 2644
1743 3448
3251 -3957
-293 -1561
3243 2727
-3912 2915
-3077 -1308
-5183 -3084
4174 2332
-3548 5149
-1579 -2183
-3287 506
1614 -1001
4077 1778
2425 -382
3886 -1066
-3577 4809
5550 -2060
-1906 -369
3964 636
-5548 -3733
-4154 -5552
439 -1953
-2559 -249
5409 4541
-2185 -3820
-5125 -4709
4147 -1758
3067 -4867
1424 2406
-4600 -1267
3651 3003
-2385 -4113
-2557 3961
1863 4947
-4277 -4480
5330 1133
-4129 2828
-3658 -229
2041 4959
4043 5489
-3453 399
-2661 -1506
4409 19
4305 -4700
3704 3134
-388 2287
5050 2463
5371 -2869
-3445 -2489
5033 -1889
1261 -1152
2035 -1187
-697 418
-2493 -1092
5532 -1296
116 2177
2795 2850
-2492 2995
-4728 5235
-1631 2126
-66 -4182
3063 3500
4435 -4898
4829 -3409
4496 1195
-240 1082
3717 -829
-4095 -2273
5471 1706
5538 1738
2215 -4562
583 -4480
-1758 -4124
-1353 -1110
-5561 1016
4154 -2987
-2328 2171
1539 2479
-3843 -3068
-4825 2765
4703 64
2781 -1106
2908 5487
-4863 -53
5173 5453
-164 2640
-3251 1089
669 3686
1830 -447
-1810 -5009
4259 1611
2846 4216
-2449 3629
2063 1865
3360 -5135
-2650 -2832
5300 4123
-3445 -5296
1490 -3021
1503 -95
-2929 2114
2515 255
5343 181
5310 2439
-5458 3022
160 1429
2155 -1676
1187 -602
1940 142
2288 -5374
1137 4828
-3822 4308
-3725 -3941
-1538 1891
4766 -5270
4118 2914
-1289 -2111
1474 3278
-3100 -4990
-4102 -769
-1898 -4678
-3439 -443
3624 -2593
3067 4286
-1227 -1195
1709 -3015
2284 4483
3394 1169
541 4856
42 -519
-875 -1698
800 -1208
-130 1155
3490 838
-5495 -4053
-1552 4214
5341 -4330
-4438 -5562
-4471 2916
-690 -2899
1207 2239
4106 -4785
4576 2873
2832 1852
-4820 1643
880 -1341
2130 -607
1927 2101
5525 4991
-3907 1047
-4643 -1606
-5571 -1803
3145 -2711
-1638 2109
5207 -829
2854 -200
-2465 -2534
-2629 -2768
3994 1381
1454 -5144
2453 -4369
3699 -4264
-431 -3075
-5424 -4796
-550 -4158
3889 2132
-1231 4189
-5151 -269
1729 4519
1825 5066
-935 -3884
4445 -3360
-3937 -522
-2635 -285
2445 4028
-3791 -580
4449 4821
-4273 4697
5028 4676
-4629 3094
4347 -4749
1133 -3574
133 -2075
1632 2151
1581 -3639
4487 -3720
-2556 3391
5492 4428
-3035 3109
-74 4437
-3595 1183
5424 -4962
-182 -1176
-3923 1970
3744 4747
4183 2317
2918 4815
-2458 4341
-4208 -4105
-4298 3763
2309 3822
-1319 -1412
3676 3303
5595 -4856
1328 846
1245 2138
4036 700
-4255 109
-2230 -3300
-2028 5462
-772 5526
-2151 -1102
-5127 -4823
-2934 -3251
2590 3145
-2138 3723
4997 5327
3518 2646
-5512 -3034
2974 -5404
-801 -2730
-5145 1785
5387 732
-1058 2990
-773 2526
-4644 3738
-3823 -3227
-5306 1694
-3009 -5535
-2828 2769
-3348 -1960
-4771 -2771
4445 1335
-1694 -2059
-4200 2286
-1464 3104
-3000 -4637
3590 -4113
-2283 4479
344 -785
2843 -1435
-2067 2754
3798 2068
-1585 2428
3415 2108
-2624 -251
1478 1128
2295 -1746
2589 2519
4698 914
697 44
-5521 -2520
-3999 2389
-5175 -4713
3536 709
4511 -4771
-3484 -4910
-228 1525
3596 -3878
3479 4672
-4521 2341
2015 4855
-225 2961
-1236 1907
2749 -1239
-4944 -5047
5043 -2040
-4231 -539
-1548 -3846
-1276 1926
-3212 5090
-229 4429
-1628 2912
5572 -1084
1070 3985
-792 -670
3674 -2844
0 5197
-3229 -1338
3679 -3481
4529 -3116
-4153 1885
793 131
-729 -4451
4416 -1287
3572 -3104
-4298 -31
-1481 3722
3945 -4505
937 -4981
-842 -552
-3256 1946
3811 -1182
2567 68
344 4869
2478 1558
1733 2209
4360 -61
3180 871
2456 4018
-2887 143
4891 4925
-1455 124
4808 3912
-1623 5048
-2732 1213
-2932 2302
-1899 1701
3796 -4721
-1663 1059
5355 3896
4343 1756
-2363 4606
-4087 -537
-1893 -2212
-2407 2375
4406 -2574
-5276 -132
5354 4325
-314 -4833
-3677 2410
-5357 3763
1137 -848
4795 5385
2068 2153
3344 4159
2938 -311
-4545 -2927
-318 -1365
-3547 -1228
3367 -3892
1071 -1836
-135 1082
3960 -2578
-4479 1482
-4139 -1589
2671 -978
-3363 5073
-2691 2899
-836 -1448
-1805 5234
966 2100
-2191 238
4177 4725
-4810 -1141
-2864 2263
207 -2194
-3452 -2030
-687 1478
57 -3762
157 2973
-3744 -4627
976 -497
-4609 1774
2719 -2135
3886 -1679
-3355 4606
4235 2089
-3664 89
-3521 3265
-1566 914
3546 -2556
-4576 5194
3256 -3921
4350 -1346
2786 4778
4986 -3169
-1052 -1532
-2404 3034
5311 -581
-2961 -2665
-5390 4492
-790 1824
4473 5507
4553 3676
2887 848
-1222 -171
1600 -4110
2005 3327
-5367 3641
5064 -2701
-2649 1595
-3031 -4816
-1830 3163
-1958 -958
-557 -4500
-3578 1525
3484 1009
-3654 600
-3962 4205
-3065 -4532
962 -3403
-313 4463
-5403 3034
1119 -3993
-143 1983
-1989 -420
-3688 1140
-3378 -3600
3515 -4096
3210 -1693
-4798 -4248
-2608 895
2228 -72
3013 2827
4557 -3467
-4168 401
5203 -4482
4699 -4660
5410 3676
-3563 -3248
-123 3493
-2273 -4871
-2058 959
5592 4923
-3042 3254
-5564 -794
-3511 4020
344 1153
4289 1098
-153 -4084
787 5169
2328 3015
-1840 4351
-1477 -3967
385 -4077
4924 5547
4177 -5549
-3812 -4325
1716 -4727
1768 -4607
-15 -4854
3579 -1826
-1022 -1137
151 4090
3144 5310
-2124 4712
-349 -1339
3856 -4222
3563 -1894
176 90
876 -704
-2076 4308
821 1369
-3242 4989
-2881 521
3401 -1794
-1906 2878
5549 -2853
-4512 3322
-4056 4376
3845 1427
2580 -426
1173 31
1771 725
-2655 2944
-4284 2709
458 -438
-2876 -5529
-2520 2303
-2759 5308
3845 5492
-1172 -2866
5243 1212
-1255 -4450
3963 -611
508 -1723
4824 5075
4087 606
3237 -248
-2242 1122
-678 5530
541 -2252
-4940 4038
-2096 776
-4841 1070
-2943 -833
2956 494
3468 3476
-5028 482
1275 1447
5288 1044
-4206 4771
393 -5579
-1967 -5415
-5549 -1949
-59 3767
1350 2575
-139 -981
2125 1620
-1143 2807
3042 -1543
-1094 -5597
3451 4162
-874 4614
-89 -790
-2189 1228
4678 5406
1655 -4564
2227 4238
-4926 -2334
-4104 -4482
5031 -2058
1180 -2785
3446 -2667
-3791 3948
-5261 5104
-4907 -4477
-3180 -2225
-3273 4837
569 1494
558 -789
-3219 -2829
-3979 -1596
-4294 3377
-4137 5108
2798 -1886
-4117 4414
4009 -3455
5517 -1482
-2586 -2058
-252 5589
3293 -2201
-4625 -2958
-492 -949
2731 -1609
2750 1877
-1990 -611
465 5188
2246 2277
-2976 4378
-5283 -5403
-1799 -5556
3989 -4585
2478 -3435
4385 76
4559 -2957
1255 -2316
-1096 3043
4650 -1930
1444 -3380
3999 -1113
2524 380
5115 913
-4080 -2974
-1389 495
-5016 -476
-3135 2972
2224 -476
261 1340
1562 -3113
-5356 4446
664 1695
-3568 3500
-5517 742
-4488 -4991
-1687 4757
71 5318
-4900 2121
-3587 2793
-4896 -859
3450 -1913
4703 2780
-1206 -4932
-3679 -2449
3951 3326
2787 3249
1334 -5330
5008 1939
-5318 -3014
3922 -3322
-274 4413
-5177 3102
-3924 -816
-2310 4745
-4073 -457
-2978 -2194
1467 5436
-2291 -3659
5250 -5368
2933 2629
3007 3560
-746 2196
646 -4622
105 2526
-3978 -1346
3099 3104
5535 -2608
3187 2432
-4331 -872
-2475 196
-1590 -3346
-2846 4208
-4912 -512
1929 282
-1361 493
3009 -1928
-3551 1971
4450 -693
-4611 1665
-3714 -1704
-3350 2184
-1997 2985
-1963 -900
3635 -5121
3110 307
2297 5505
-5474 2646
-4976 -1156
-3245 4148
-3289 -57
1689 3720
-1949 -3310
1806 991
5248 156
-273 -3857
-3586 3182
-1931 3391
3077 4307
2182 928
-3419 3237
5595 -2419
-2497 -2434
3523 -4281
-547 -1079
-3745 -3497
-400 255
4678 4050
4720 -5333
-515 -1956
4827 -2970
4792 -5572
4219 -3409
-2841 1951
3499 -489
971 4116
-1553 3757
1705 1309
979 2498
-1423 5185
3263 -1185
1473 2210
2080 -3944
2608 41
-2015 -4194
3615 2285
-408 116
-1073 -4551
-5164 -5436
3417 -722
5541 -1719
-932 1412
-1922 288
1051 2584
-12 -5088
4099 -2455
555 -3441
1907 917
-5314 -1548
3177 4783
-2412 -2797
-3742 -5561
4706 1148
4629 3412
-2047 -2748
-102 394
1396 2433
-1416 3953
-1397 -5388
-3015 -3526
4119 4554
-218 2421
202 1756
3695 4139
5311 2685
1243 1911
-1229 -4181
-428 4469
-13 -3704
-346 -525
2790 -2325
818 5072
5107 -1178
2352 4533
-3976 -2667
-1644 1494
3423 1086
2090 -1485
4522 -1537
2445 -3791
-3010 -3907
-5022 3301
-2400 2113
-5368 1028
-3689 5530
934 5345
4107 2850
1989 -4933
1571 1970
761 2806
-5433 4429
2827 793
4376 797
3103 -5466
4964 3859
3219 -5357
-540 -5079
-3804 -1122
-5055 -2299
-3181 3796
1363 -376
-4571 1342
2524 924
-1924 376
5532 1096
-1044 4351
5287 -2321
-1094 2227
1676 -5076
872 -3118
-2343 -2644
-4705 -3980
3040 5205
4315 -5040
-1848 804
-1600 -3624
4643 -4745
-2290 394
9 1766
-598 1191
-1675 91
-3880 -4516
3147 1896
1461 -5109
5160 2481
-4745 -3117
415 191
3648 4306
2263 -131
-3300 4401
4943 -4487
3923 -5487
2962 -5245
-2046 85
294 5195
1719 43
-3194 -3280
4600 569
-2071 -1746
5405 -1970
-1501 2477
-1122 4006
3688 -1065
-5513 -1386
5196 2745
-1341 -1732
1713 4425
-5104 -2521
-692 3936
-4643 3295
2547 1611
1564 4617
280 -2500
4663 4779
2267 -2939
-619 -1501
295 443
-3371 709
86 2537
-4022 -1533
-5120 -5512
1512 -1855
-3171 739
-3668 2857
1646 -870
1223
-76 4563
-4581 4101
-5736 3154
-890 960
2261 585
3797 998
5403 4907
-2859 1951
60 -1568
3980 4961
2777 3292
-4856 2111
-1830 -3442
-4598 -5196
1276 5535
2661 3638
3616 -5023
4349 -1383
-4390 2379
1663 2074
2564 -3035
3601 5135
2644 -1549
-5239 -1566
3598 2621
3567 -370
-2387 -4226
-1445 4519
1109 -2217
-684 392
-3341 5590
-2214 2330
5305 -5486
1360 692
-2559 -2514
-1925 5509
3288 3145
428 -5121
4416 5563
117 -4145
-92 1477
-3252 264
-2042 3199
419 2623
3635 -4949
-711 -4123
-5000 -5145
-3162 -4682
-4507 -3507
2923 -1701
4774 -2913
4557 -2250
-1058 1814
4416 3823
-3540 -1155
-24 2709
-1908 2359
-3274 -2748
5542 -4205
4534 -4218
-5742 4247
4255 -4152
-3780 5334
5218 -792
-5088 127
-5167 2821
1701 -3732
-3536 -2734
-722 5610
1553 -5630
677 -4545
2143 5074
-2122 -5522
5191 -2294
-1702 922
2688 5674
220 -3376
5481 -532
-2566 799
-861 5125
2590 660
-4989 3664
5082 3796
-4119 2681
455 -96
1535 5188
-4882 562
-1573 1344
-1470 529
-3621 412
2230 -459
-1028 -3129
1804 -974
4228 5540
-1831 965
3193 5570
-1927 -5141
-2523 5251
3930 3569
5099 3721
-1029 -4911
-3023 -2100
-3090 -2425
4582 -4763
1460 5445
2055 4205
-3014 1304
1135 2268
-864 -923
-1802 -5744
-4289 -4281
2046 -3865
825 3355
-4665 -2239
-57 -4267
-5471 -3472
4490 4264
3379 -3575
-510 -200
-1330 -4354
-1905 -1376
3392 2096
1513 -4255
2963 -2364
1267 1764
-5624 -4275
1398 -1867
-4298 -1696
-4028 -4035
3460 4088
-4717 -5614
4363 -603
1563 -1224
-5684 4049
4258 -4284
4118 -1347
1459 1877
-5386 1952
-3526 478
2976 258
706 3389
5300 -4888
1645 3812
-3362 1652
-4271 94
1629 -1019
4549 -530
-3351 -287
-4352 -4530
2025 -2349
1977 -5101
4997 -4390
-5499 4527
-1760 -2508
4428 1673
1805 1365
-1969 -5465
-3687 -1585
-5455 -1079
-3435 1040
1046 -1024
3606 -4779
-2924 3754
-5694 -887
-436 1700
-1476 -938
-1417 -833
-161 -428
4515 -4179
1147 4308
-2461 5403
3612 -1256
-2697 -309
161 1855
-327 3114
4379 -1352
4260 5332
-1073 -1106
-1913 -536
-1763 -1713
-1190 -1073
-4735 5756
723 -3409
60 2353
-385 5370
53 -5337
0 3564
773 5532
773 -5759
3290 1817
5722 -502
-5552 -654
4345 -517
-3972 861
3201 -4702
-1026 -4657
2012 -1194
-2817 -568
1075 -4571
5282 -5432
1362 -5442
1654 -5716
-3581 -3954
-1233 -163
-4843 -4050
-564 -798
606 -1223
3081 196
-718 584
-1127 2053
-4377 -738
417 -2281
1736 3196
-1745 1749
1904 -2179
-4392 -3653
4056 -5384
2897 5571
4914 -1721
-1039 3743
-1971 -119
4281 1272
1755 -4928
-5537 -5162
-2817 1506
-2832 1799
-3980 -3494
-4320 -1640
-4996 -1862
-2261 -1401
4525 4903
5473 3270
3958 969
5169 -3400
-732 -1207
1581 1531
-3511 -3747
-1969 4795
1096 -1056
4092 -4920
-3930 685
-2152 3089
3418 5322
4330 876
4276 -5056
-5244 -735
839 -4443
-1053 1452
5287 -1202
2474 560
-3431 1475
-5737 -411
-193 -2797
-4678 -4856
3332 -4784
5498 -334
-661 3098
4714 -1438
1902 -4214
-2946 -3329
1082 -973
-4883 -3554
815 1264
1320 -556
661 -4194
-5701 3879
5447 -1413
-3766 218
2841 4862
-3938 -908
-3380 3358
-5579 219
-2435 -5020
-2202 4199
3808 -4933
5644 5622
-2842 -336
-3498 -407
5072 -2453
3657 -2300
-5468 -1613
3219 -4395
477 3061
298 -4500
3383 -3954
-4097 -2738
3480 3439
4094 -1717
2178 3182
1704 5258
903 2291
4192 -2821
-1800 5288
5097 -1638
3421 -1508
-4887 -1308
3368 -1920
4860 5582
-2654 4655
1247 -4871
-2763 -5514
1560 4979
4051 -3047
-2996 -3573
-3031 -1817
1302 -68
-961 -2306
5609 2030
434 -5766
-3257 1691
87 3318
5286 -3098
5665 3012
5744 3698
-4397 -5391
2907 5062
-2019 4973
3367 -285
-3485 -3668
1813 1949
718 -523
-4348 1442
3105 -831
-2128 -4372
-3173 -3528
-2725 4680
-4385 4343
-2016 292
-4245 -2702
5002 -2683
-4747 -1939
5382 2375
5218 -4222
-1083 2265
-1575 1562
-4885 -3011
1518 4647
3170 -3784
-1517 -3953
-3687 -3065
-4696 -1569
-5007 2614
3168 1728
-4833 4662
3582 -3799
-4537 -1809
-2090 -1303
4794 -5092
-177 -1446
3125 3010
2735 3199
-887 -4901
4481 -1610
-4295 1373
-939 -4300
2550 4435
-321 2650
3128 1293
691 369
3082 -2822
1976 -3070
-2847 -2512
4845 3560
167 -2959
-3042 -2135
3955 -1964
-574 1018
1878 1905
5050 -3857
3194 -4080
-672 491
1005 -1941
-3579 2898
1373 2163
-4743 -1871
-2338 -1755
-2247 -4805
89 -4206
-4276 -2978
493 4048
-3216 2084
-3820 4256
4219 -3313
-4238 -3216
-2817 1419
3285 2823
-1562 -227
4445 -1489
3422 216
-4144 -867
2461 2407
-797 -2173
1042 -2559
2598 -4213
1240 -535
-1848 2678
4497 912
5420 2737
-1101 -2528
1597 4123
-1296 5413
4674 5561
3819 -3048
79 67
674 -932
527 -546
-3631 -4249
-2237 -2875
-2425 2627
2806 -873
180 556
-3624 -1234
-1159 -2714
4733 3451
343 -5265
-3729 -654
2271 2715
5412 -2179
-292 -3857
129 5433
-1590 1311
-4645 -3725
-2238 1339
-1396 3131
-4505 -4125
3313 -5540
-4190 -495
773 1814
3057 5165
-1501 -2603
1928 1158
5427 3043
-3399 -1522
4100 -3767
3800 3116
2943 -1278
-4410 280
2177 2177
5136 3634
-2387 -725
4286 913
-5600 2000
-933 -28
-3604 5026
405 3170
3488 154
-4101 4316
1068 5226
-2036 2439
-799 -1566
-483 -4130
3932 -290
413 3506
3489 -254
3186 3544
-3249 -1738
1243 -1846
-1076 3769
-2885 -5009
-5703 2372
5206 -393
200 -4098
-5635 2029
-368 -4647
2647 -3293
4279 3459
-501 4135
190 1567
-5683 1648
-1896 -4530
-5056 -461
4888 3242
4818 -650
1107 -2628
334 -380
538 1110
-1522 5605
1458 -4078
1173 -2839
4247 2579
-2617 465
-4810 5180
2427 -4663
4139 -4748
5710 -2379
-221 1468
-4813 -5223
919 4995
4627 -5218
3169 -657
-3083 1301
800 2061
-117 2607
515 -1625
-1451 1098
1241 -1454
5442 1449
-3677 -4264
-2849 4975
-3031 -247
174 -3441
-1944 4280
4352 216
-4582 -4011
-117 2367
-3345 -1198
-4051 4130
-953 -4647
-5013 -310
-5174 -573
1632 -256
-5253 541
1333 5120
1833 2024
1029 -5087
-2660 -4176
-4893 -1751
1337 -3792
4562 2930
1465 442
-1586 -2979
-1518 3870
5005 -3814
-2847 -644
1154 533
911 -5055
2338 -2528
-5226 -3656
-4881 -895
-3346 -5579
74 -3849
-1734 -4360
-5329 1210
3697 -4732
5440 -314
865 -4233
4759 -2649
3245 -2394
3868 -727
3182 2693
4934 -5228
-3606 -2650
4160 -1054
3336 2545
-1604 -55
4952 1762
1842 4129
825 5161
-2436 2299
1611 -2419
-4229 -436
3518 -5235
-2616 275
4830 -1757
-2531 3195
-3984 -2056
-430 -5472
863 -1593
5584 -343
-4405 1469
578 -3393
5116 -3849
124 -1623
697 3887
-3271 -4347
3699 -6
-1910 -2814
-5621 4539
4245 1381
-5661 3541
-451 -606
-561 -3060
-1290 2142
5407 -4320
3653 3582
5298 3100
-3813 4790
3029 2524
-5348 317
-824 -1027
3380 -2038
-1225 -998
-5520 4246
-5599 2260
2742 -1300
-5761 4795
3131 -804
-1312 3819
-3729 -1559
-3655 -3564
3837 306
2794 -2030
-4515 -462
3488 5734
-5043 -4797
-3736 -5619
-3182 -71
3884 2175
1480 868
-2487 55
-1911 -941
4897 -328
4128 -3314
-1225 2765
-3569 3120
-3808 -1706
-729 -1458
1271 5749
3773 4836
2061 2368
3051 3838
-1767 2795
5505 1023
-1665 -4136
779 2995
-802 -3317
-2331 952
-308 3858
-543 -3740
-3940 1261
-4080 -3715
-546 -4228
5555 -4022
197 183
5558 -3181
588 -623
-4355 3054
-2742 -1225
5417 -1843
4 850
5200 4943
2809 5271
-2480 -5387
4138 -788
-2545 3252
-720 1050
-507 1409
2653 -2541
-4350 4019
-3099 -4023
4420 929
-4586 -2642
656 -4085
-607 2412
-1075 3758
1510 -3469
487 1064
1963 4731
-4345 3990
-2695 -5361
-2548 5380
-1577 5367
3874 2513
-2349 4455
-5745 1135
79 1190
-3911 -4983
768 2229
-3025 -3821
-1558 2621
-2081 3899
-3684 3086
-3835 -5076
-839 3459
-5540 -1791
1917 -390
3173 1918
3867 3917
2544 -4200
-48 5529
3753 -5762
2881 -5412
3433 189
-3580 -2298
-5255 790
-3378 5545
-3418 -5676
3220 3700
4592 -4739
-1012 -2544
2951 1126
-3247 -1219
5306 4429
251 4129
4466 -517
1850 -955
-1165 4795
2600 -4405
-1533 -822
4368 1566
-5689 559
408 -4288
-3817 5042
-3921 149
5149 -1343
-953 -4694
-3443 2654
3098 -2936
2530 2133
5248 882
2006 -3653
-2552 -1521
-1008 1326
-2361 -3249
927 114
-250 1946
1750 -302
2316 5394
-1264 1886
467 12
2854 2098
1624 -1609
-5470 -4919
-3421 -4232
4767 -1138
3078 4836
-1006 3102
-5105 3087
1857 -3936
3348 -5032
-1523 4803
-4552 -299
-697 -5015
-524 1235
-5033 -2415
-2182 -5134
1326 -2345
-4603 -1306
-1311 -1836
-5393 -884
-530 5432
4411 789
1116 -635
5053 -4670
-3267 -2892
-2561 -3125
2680 4626
1682 -724
1587 -1570
-1094 -4644
1954 3598
1888 983
3220 2408
-2844 -2719
-2593 4502
3798 -2703
220 5077
1074 -4616
5557 1077
3518 -3429
3691 -1456
-2583 -4808
3556 -2835
3829 1065
-5598 -5042
2599 -1676
-4999 -5579
-2649 2432
-5765 5083
3470 -5046
-4314 -134
2178 1430
1378 -3330
964 -2037
4602 -1761
3785 1701
-351 -5362
2148 -3051
4482 -3387
-5420 667
103 2087
-5260 -446
3886 1311
1473 602
-5326 -5117
-4496 -1062
2701 3125
-23 -1909
-5724 -5127
67 -4707
-738 -2998
3687 3648
-5296 -5747
35 -5003
2670 3308
-4161 -307
-1394 -1586
5691 492
989 -3219
5599 5395
3724 -3676
757 -535
-1519 -2848
-5702 4249
-2026 -1244
3923 4930
-3976 3064
-125 5316
5484 -1469
4506 -1682
1446 4003
2560 5001
364 -2792
1082 -5596
-3142 -2944
2768 -5756
-5652 4596
5510 1631
4314 179
-3738 -5167
2245 3527
-737 3934
-4786 162
-4337 -2518
3998 366
-155 -2075
2780 -2545
-3613 1724
4261 1124
-1470 -1816
-4585 5313
4452 4500
4133 -709
1202 215
5258 2727
-3342 -4661
574 -5366
-255 3928
1700 1415
5325 -406
-3260 4882
561 774
3894 1498
5156 4829
3522 -3419
2554 -4668
-2725 2010
279 -3406
-398 2597
-2285 -1017
-1261 1109
-2087 -4510
769 -1959
4897 3826
4888 -2704
3250 -4352
1549 -3775
-1234 -5311
-2030 5371
2815 4396
-2601 5527
834 -5123
449 -1546
-3875 -131
1246 -1196
-280 1449
-869 3507
5341 1821
-4452 -4903
5440 4258
-447 -2776
-4203 -800
-1522 3151
473 503
3588 -1793
3769 -4420
93 -5581
1116 -3171
3035 1972
-180 5337
-282 -2446
-3117 2246
-889 -2853
3894 5148
5394 2134
381 5084
-5585 2424
3374 1166
1618 5453
-1625 -3276
-5650 517
725 -694
5386 -3125
3262 5068
-2922 2783
-4808 -4360
4939 4586
-5136 730
-4504 -340
5054 -5362
544 784
4268 -2348
3829 3888
-4139 -4106
-2813 -4641
-302 3020
-2697 4792
-3873 2116
-3743 1169
351 -5503
-4768 -1328
-5454 -197
1870 -762
-620 1383
1916 2240
3760 -3162
-3099 4549
-5379 -565
-2029 -4493
2295 -4476
-497 -1661
-2554 1581
-5417 4558
4855 693
1021 -4049
-3446 1060
4728 2893
-5169 2693
3757 2610
5664 241
-2616 -2176
-1439 -2666
-3607 -4657
1946 2542
96 -4602
4543 224
-5261 4867
5195 1881
777 1028
2730 184
-3355 222
-599 -4080
-2058 -4763
2215 -2199
-267 4714
-528 -1083
-495 1057
-3520 -3323
5049 -2955
-5542 -705
-892 -3849
-5547 1338
1066 -2179
-2440 -4303
-4921 -1838
4093 2489
-5174 2878
4928 1023
1939 -3657
4258 -5186
2220 5372
-360 -4584
-4155 -1403
-5117 1284
-5147 -4063
1594 4018
3813 4895
532 3560
3458 146
3508 1628
-3918 2254
-263 -73
5247 444
3448 -2693
-1675 -4822
4293 -5756
1745 -2001
5247 -527
679 5149
-5752 816
238 2779
2184 1789
5645 -3906
187 -3146
-2025 -1972
2183 -4761
552 -2368
4650 1985
3813 2111
-3341 5011
-948 3589
-1187 -61
5414 939
-5685 838
-803 -2550
-2838 5225
5180 -1309
4514 -360
698 -3483
-3732 -2538
-2304 -2537
2381 -1212
1004 3058
3116 -4160
-1802 4406
2245 5130
1798 5573
5525 1018
4336 -3720
-3582 2058
-2209 -4415
-254 -4079
-4260 2695
-5079 -1432
-1266 -956
-2370 926
1846 -2863
-30 5745
-2661 -3507
-1058 -2300
605 3230
-5561 2181
3527 -3294
2041 3190
3178 -2946
-3251 1942
1867 -5479
875 2812
5645 4565
-3300 3305
-4705 2445
1585 4974
-258 1570
5011 4850
-5139 -1679
-4593 1759
1644 895
-3246 2761
-3221 1391
743 2566
-5201 -5060
-5127 4248
421 -1651
5337 5419
944 2396
-3219 3729
3143 893
4317 2149
3326 590
769 -138
-1264 -4041
4913 4551
-3120 -5628
-5546 5353
1806 3231
5750 1949
4732 -554
-1910 -3688
4386 -4448
3244 2156
-4462 -1344
1174 -4415
620 2446
-2246 -3895
3689 -900
2378 -2006
-3668 3874
-140 -1483
-886 -1439
-3081 4444
-3218 -3581
-3249 3453
4558 1451
930 2912
-3696 -734
-5045 -5453
4268 -1451
3615 -4105
-5252 -4297
-3240 -3874
5451 -5320
-3381 2461
-2430 -4246
-1263 167
2505 -3128
-1786 5115
-5317 1782
-1018 2047
4392 -5650
-701 12
-1599 -1430
2237 -2021
2109 -809
5229 728
-2585 1648
4257 -3161
-5645 -3756
-4774 5333
3915 -4822
-1293 4357
-621 -3888
-938 1141
544 -108
-876 864
-4953 -367
-2294 -3891
5045 1685
2572 2789
-3534 -2726
5129 768
-4553 -1007
2056 -4603
-4181 3648
-707 1392
726 5354
-4287 4722
453 2531
2445 -2558
-3913 -4126
1231 -302
792 -2368
-1992 2699
-4093 1757
-5594 -1162
-612 -911
5071 -5331
-3831 909
-5674 -3072
-1054 2136
-4361 -2302
-2446 -1961
-4223 -3605
3084 3646
3651 4502
1775 4303
4823 630
-4347 -4884
5125 -5425
-1773 -89
162 -4953
2017 -5612
-4925 3984
2207 -138
-1773 3601
-17 3997
508 -1262
2507 3255
4517 -4339
2153 1310
-2181 -603
-48 -2702
3662 3077
-5058 -5023
-1152 4727
-3455 -3693
-5315 5460
-952 -3523
3882 -1050
-4412 -4681
4843 5029
-2555 -1211
-1017 -3494
2243 -1982
-2892 1825
-201 -3327
-2689 -4204
2407 2818
5208 2811
358 -401
5009 4381
-2223 5350
-2261 -4373
5447 -26
-2781 1326
5008 -5720
1977 3857
2020 -3008
4102 3936
2248 535
5727 1425
-701 201
3493 538
560 -124
4621 -3417
2519 4862
4164 2286
2239 2752
-1947 2545
3079 -3677
4100 3377
5370 -2328
-4312 4978
-340 694
885 2405
3461 3446
-2640 -1403
-3004 -3279
2172 1432
28 -4440
1714 3074
2553 2414
-1062 -3902
5330 -2419
2136 4817
-1875 -5251
5477 -5302
-4062 -4282
2129 -5492
-1286 2259
87 -2727
1510 -5245
3812 -1546
2283 3195
2734 -2906
-3658 -3305
5536 2424
4957 1823
2781 635
5238 -1596
866 4836
-1567 -1424
2430 4498
3134 1556
408 5557
5659 -5272
-2365 -996
1522 1795
-4158 1236
-5215 3809
893 316
352 -1418
2692 1396
3285 -568
668
-1624 -1990
-2182 -823
1610 703
484 -1736
-1925 -2588
532 -837
1040 2109
-1453 693
63 -2127
2657 774
833 -1592
-681 1106
2580 1742
-380 1743
1155 624
-2133 -1038
2519 -2631
-1440 2469
2576 1647
1518 2516
2310 676
1811 -30
-2438 -1917
753 2527
-1683 -276
-2147 300
-2333 1
1514 -1145
-266 -912
-376 346
1010 2266
416 -2257
-2663 2377
1987 -622
-2100 -2663
-2213 -2245
996 577
-1235 2150
463 -226
-2115 -1347
444 -718
1463 25
-1658 1819
-822 2222
1405 2453
1643 -975
687 1178
236 -317
1673 -2359
1553 852
-482 -1373
-664 -2447
-1930 1167
-2219 -1375
68 -1775
1398 -2365
534 -898
-1114 2241
-2555 -2130
1197 -1979
1414 1330
2364 1696
-599 -235
2343 2241
-36 -2614
-1714 -1245
2548 1305
-2538 -189
2526 1239
-2563 1493
-2467 344
-2172 -1350
1190 133
58 -236
778 102
-1154 922
-2488 1110
-1996 1450
469 -487
613 2134
552 -352
475 -2637
-912 721
-2069 453
-1534 -1371
1617 -1313
1050 515
1599 -1998
1157 -882
-1651 -2610
2119 -2592
-719 -343
-1421 407
-822 -1611
1031 2524
634 1297
1739 2438
712 1780
2139 81
1773 -71
-807 -2595
1350 1723
2062 -841
-352 2141
1829 -926
-2356 1979
-271 -414
2506 -891
547 2470
507 36
-2245 305
-962 -2646
-1751 1273
2692 -2527
-2051 1519
2522 130
-68 -2118
-2276 2361
850 -282
2313 94
-1348 1477
-682 -2138
1916 1786
-2531 2518
-1559 138
-1546 1006
1217 2300
1365 2126
1452 -2228
1111 1740
-1966 1481
1500 1629
-734 -1751
1534 -2039
358 -2326
-1721 -838
2445 218
-2240 -2167
-1893 -1661
-1266 -1855
331 1017
-1000 -1264
1480 1978
1363 352
-1054 2117
-1174 2583
1457 2334
2533 -2508
-2549 -1883
-220 1423
1538 1718
2362 943
-1251 -2670
-1075 66
2408 -1627
-2351 1261
604 1680
44 2143
-1795 97
212 1961
-2382 838
2557 -2652
-461 -1194
-1665 -326
2643 -1184
2339 786
181 -638
-1118 -2016
486 449
1755 -1778
2313 -1320
494 -1
-319 -1669
-793 -1191
-392 -1013
400 -1272
-2191 1679
931 2645
-312 21
-1476 964
-1797 187
355 512
1269 1578
695 -2066
-2133 -590
2362 462
1387 68
-2355 -578
2368 213
880 -289
-47 -666
-68 1061
1049 897
2168 -1145
-2132 648
2178 -1259
1126 -651
-1801 -1928
-1224 -2506
1026 2108
1136 1134
-1893 1032
81 998
618 -662
-12 -1342
2012 1689
1775 972
1706 -1983
1388 732
-1282 262
1783 137
720 214
2572 -1352
48 -2123
1491 2007
2293 -2337
-1510 -1575
741 -359
1449 -1587
478 396
-2431 612
939 2007
-2461 -2288
159 -1837
-750 -192
458 -1510
-1332 -1358
-2087 1826
-2335 -679
-1159 836
-1623 -1625
-1711 1022
-252 -1754
-975 1429
1197 492
7 -2605
-2012 605
280 192
-1135 -289
-924 2604
-2051 664
75 1431
436 38
-2261 -615
1298 -345
-1885 -2667
-1764 836
163 2277
-2678 378
-2641 -521
1710 -1455
2346 -1492
-436 1414
827 810
205 -1941
-2529 -2161
1735 129
-542 601
-21 -2491
441 1116
-2322 -193
-1259 -1759
-538 169
-2683 2089
1632 449
786 -1055
2152 2643
-577 178
1977 -2574
1265 468
2583 -198
-1091 25
2163 -2454
1934 1467
1985 -1965
2487 1434
-2039 -643
628 -1310
-996 -398
2696 -271
-761 -1730
394 1566
2622 -2005
-457 -99
-2133 -1774
1634 481
998 1614
-2441 2408
1821 -996
2645 -1069
-2567 -703
-2112 1732
2616 2445
-733 -1747
1878 -824
1393 -1994
2146 1074
997 -719
-1198 883
-2012 2422
2175 746
-2243 -2110
-625 -2119
-1221 -849
-1434 -1305
-109 1427
2692 2177
-2682 349
18 110
-437 285
607 -19
-826 -1337
1446 1185
-300 1280
1226 -1667
1391 2536
1660 2098
2283 1204
-2566 10
1379 -2613
1221 -1350
-2239 -75
2034 2321
992 1525
-141 732
-2536 2436
2093 -1893
1697 -152
-2475 2326
-2167 -527
-889 2672
1001 2296
-798 565
371 901
-2689 -1067
-2583 119
1558 -2130
550 1339
1155 -884
-2390 -575
2387 -1915
-431 1881
-2438 572
2424 -2318
-1531 802
-1864 597
-1224 195
1364 125
426 2639
1729 -438
-914 -1273
-1745 -52
814 -2113
-2041 -1882
1767 1902
684 1632
1995 -2141
890 -741
-2137 -1550
1169 2644
-1815 -2599
928 304
-1901 -1323
-1362 1843
-2457 -1346
2575 523
1914 -962
1079 -2616
-1836 -135
-2536 -1986
1921 -593
1390 -49
-1250 -1934
588 -1500
-449 -1012
-2629 -1673
-466 -470
-570 -1829
258 1751
1557 -1353
617 772
1507 2420
-1236 -348
1503 -878
-1624 -2561
596 2515
-2482 -1741
256 -1003
1380 2468
-1273 2038
1044 -1137
1765 -2302
922 2458
1157 2084
-458 -78
1107 -1412
80 -2247
-1391 577
1536 1916
1506 2227
262 -1951
-1685 -1459
-2018 -461
-2454 -314
-1854 1291
-1050 1926
-264 -1683
-1467 -907
1991 -812
2530 -1405
563 1747
-1354 2607
-259 1759
614 166
2021 -215
1247 1914
799 1609
574 648
1673 785
1004 1387
-1189 -2529
177 1697
1248 256
1454 -1059
1981 -1546
1325 1490
340 -800
2040 -573
-321 824
-2479 1574
-1651 -1862
168 -1812
-650 -2455
2021 -1700
1002 -1493
-2546 2532
-2625 -1206
-563 145
1636 -1398
2111 -1735
1390 -2683
-1116 1536
2611 1255
1783 2100
-798 -1524
-53 2503
-970 -984
276 -1280
-1281 946
2387 1241
1950 -116
452 -2457
22 -2678
1110 1899
-1085 -2651
-386 2014
816 1748
2442 -388
-2622 -1201
-1915 435
1051 2589
-2505 -1357
1949 1004
-321 -2490
162 -2509
-695 1758
-2334 -1780
522 254
-983 -1389
1539 747
423 -1416
-570 -1457
1890 1541
-455 2296
-470 2256
1337 1011
-1091 2157
-2578 -1028
2110 2359
-2044 -241
-280 -2519
706 1081
-901 2343
-555 -2591
771 -857
1941 792
-1322 -213
2527 8
-24 -179
473 678
875 1827
-342 -1123
800 1976
2236 -1360
960 2656
241 -1538
-1464 1956
-1189 -208
1816 538
2515 1491
2440 520
-1205 -2324
-1991 -561
-1011 2106
-1465 -1921
-2421 16
1732 426
-2142 80
1156 440
-2408 392
-71 402
2065 -2317
-1762 2495
915 1280
-1933 2479
-1515 2512
-176 902
-974 -262
-1884 2242
-2589 -2556
-2206 433
1135 -1820
-694 -2001
596 -2699
1262 -2078
-1634 -2652
491 -2312
1872 303
-2185 -1793
-841 -1751
-1918 -1280
1847 -1831
-1744 1063
-2203 985
830 1330
-2497 143
2509 -1136
-360 127
-2355 213
-1120 -1769
-1139 1305
1115 -2500
2334 2647
442 10
-2306 -9
-1254 1739
-2594 -172
106 2605
-393 -1284
2313 2267
916 -2239
116 -594
1917 -1561
-317 937
2669 -1908
-1210 910
-959 855
1987 -1988
-1336 1492
1807 1618
2275 2489
-1435 -2382
1318 2263
-1044 -2680
1994 -1536
-142 -682
66 -619
74 -2378
-619 -1020
1823 -1478
2238 -1332
-203 1319
2078 -1571
2117 -2072
208 -1848
-313 2538
1842 -2497
-1072 -2390
1633 925
742 -713
323 -631
-133 175
-484 -2651
-1479 765
813 2576
2292 -110
1283 -1719
-1409 2589
-1847 -485
-242 2651
1701 341
-2322 1835
1244 121
-2002 2519
-1186 -1102
2361 -1886
2120 264
-2368 -1378
-1590 2142
-1471 -718
2153 1142
252 501
-1583 -1825
-1653 -1032
2673 1464
-2547 -1045
872 -979
2004 1783
-2452 -551
-457 369
-2558 -709
-1245 1487
-96 1589
-918 540
1911 -742
922 -190
-1974 -797
1848 1726
1288 -1897
-579 1721
-1930 -695
1367 219
-1435 1291
-963 -1138
-1418 1884
-740 -2165
1501 1342
702 100
-1096 2291
-1736 198
-296 687
-639 2584
2207 -2573
1343 -713
1120 -296
-2599 -537
-1771 -27
-1557 -2
207 1747
769 -2154
1755 -259
1725 -1517
-1641 1961
1144 537
2511 2451
-1484 1199
645 2191
-2420 453
-1944 2653
-910 602
-2435 -2454
1447 -901
-903 1838
410 -1335
72 -1446
-1032 -2554
2454 -2694
-2459 -1505
1463 1527
-1749 45
-1855 -1356
-973 -2066
1310 -192
1836 -273
-2143 1518
2476 -559
2246 -2147
-2469 932
5
0 0
0 1
0 2
0 3
0 4
1976
7517 -7056
-5599 5044
2103 6404
-7220 4760
-2419 1891
6239 -3019
5416 -2921
-288 -767
-5881 -6043
-3482 -5465
-1318 -1047
-1020 -3802
-2557 -6249
7598 2426
-3594 6323
1694 -3370
-1657 -489
6305 3378
6531 475
-7262 -4309
3247 -633
-101 -600
2257 5105
-1524 6762
-4730 -5508
-6801 2815
7627 -2024
-6419 -5825
-5449 -1084
-237 -1911
3223 -2894
-7154 -3830
3136 -5034
-4143 5111
6436 1981
3528 1423
-880 -5856
-1333 4587
-7363 5746
-4994 -623
3545 -6252
5761 7051
6215 -7191
-323 -5698
-5811 5521
3353 -1001
-6602 7415
-1677 -3373
1037 -5224
-7310 -2407
-5214 3496
7511 -5585
3907 -4641
-7059 -711
7485 -7063
7262 4900
-7524 -6519
2768 3033
-4325 7506
-1474 6170
-3446 -3309
-6205 -6201
-1154 5852
3925 7616
1473 1503
3319 7102
7629 122
1443 5278
7328 5862
4690 -6574
-4764 -2255
-4149 1632
-2699 3499
-5835 -2359
-1553 -5267
6876 -2765
6240 -5580
-6676 -2369
1633 -5192
6515 7080
-5816 3877
-5171 -6512
-1087 4854
-5054 -4173
-2138 7493
-1604 80
4068 -2698
-879 7043
2407 -3067
-7303 7091
-3719 -5286
4503 -5440
-6998 -4463
-5453 7344
4727 -4475
-4128 -4121
7520 -568
515 3231
6641 -7563
-6690 -4967
-2985 1552
3020 6077
-1154 7370
-5211 -5664
-2537 -5259
4273 -7613
1808 1690
7277 -4987
-783 -3889
1747 -459
-3723 -647
5504 -5548
-384 -4239
-1534 2256
-1679 8
3291 3571
-215 -1478
5408 3439
-5388 1371
793 4658
-4802 1695
5090 3033
-4839 2011
-3950 -118
-4295 5933
6013 2274
6843 4838
-3848 389
-1341 4348
-4946 3392
-7474 -1280
3679 5229
-7630 4840
6819 -252
7704 2549
1759 5689
7490 -1756
5841 4652
-684 -7661
2754 -6484
-651 3283
-4571 -526
6079 5525
1955 -7592
-1393 -2727
4980 -6613
2942 6030
-1820 -5306
1404 2749
2224 2893
-4131 4045
2477 6914
-1409 665
-1915 -6252
6175 -871
7041 1103
-5691 -5669
-122 -7381
6030 -5057
-3179 1028
-4401 211
1318 7604
1679 3745
-6690 4965
-6853 -2975
2634 5472
-649 2782
-2713 -4201
5854 -6391
-5869 -869
-6262 -7087
-7241 3988
-2408 2593
5550 7618
-2819 5261
384 6468
-2211 6035
1101 1636
4296 2619
-3611 -7512
521 -5987
-3402 -6171
1001 -3432
-6883 5588
5036 3388
7224 -6422
6742 -7670
-3002 -6549
5901 558
-4202 -4333
-4156 -2233
-5558 -5276
-4695 6596
4621 -257
209 -4586
1940 2114
754 3716
5531 588
-5923 -5515
-129 6639
2695 -181
2535 4234
832 -5430
4000 -2878
5346 6002
3694 -2178
-899 1182
-1069 2161
-7265 -2384
-3351 3984
-1897 4517
1987 7472
-7728 -3900
-4470 -5193
6323 -6883
7273 1546
-2949 5745
-6155 3187
-852 5289
1985 4867
-819 7099
6937 -1300
5809 5087
-144 -5484
6715 7388
-7543 -7109
5854 -4801
5505 1651
5656 -2089
-2417 2639
112 -7034
6761 -7116
7003 5580
-2621 -2020
-3042 -1923
-1504 -6181
6931 508
-1618 2421
-6932 -3414
5510 44
-1629 -3373
-47 -5093
6804 7052
-6170 2282
-1120 1712
4475 -7738
2633 5519
7445 -6537
-1774 -5665
-5684 4259
4561 4374
-2663 -2480
1489 -2368
884 165
-2679 -2497
-1233 3714
778 2997
-6990 5671
3230 4085
1497 7174
6577 -1233
6544 -7160
-2964 -1744
5377 -6944
5120 -1351
7552 1550
705 -3809
-1661 -745
-635 5922
936 4212
-1303 -2058
3336 -2619
-1019 4285
-3007 6058
-2883 -4113
-1080 6350
7300 2100
-1253 -6481
7667 -4317
-2582 5034
-6468 -5680
1302 -1782
-5258 69
-3613 5063
1512 3
-3033 -6210
-7341 -2121
-360 5185
1233 6970
3707 4910
5701 -1299
-4224 6850
-6889 -2675
-6372 1645
2957 6091
-148 7540
-2979 -4019
-3334 7377
-5946 3578
3265 -7611
-7070 6041
-6398 2481
-988 -6069
-55 3117
-6622 4485
6157 6668
8 -4739
564 -1163
6118 4926
3244 -3242
-7598 -6958
-1778 -1837
-1113 5883
1243 1656
-3639 -6292
-1042 -3977
-3465 -7008
4536 -3827
5207 -5903
-6436 -4440
-3478 768
-524 -6278
-301 5675
-6890 -7400
4494 -3317
-6601 6946
5757 -1933
-6623 -1335
3882 1600
7453 -4276
2113 -5365
5109 7742
6665 5697
462 4775
5921 2493
-2745 -6115
6395 -4761
-5289 -2696
-3452 6011
-6837 7104
-1266 7659
1450 4452
-5982 -5448
-5783 4045
4111 -3889
-201 4260
-3730 3375
-918 99
6641 -7347
2091 7081
27 4620
-2386 961
5304 651
-2670 2528
-4364 5570
-2428 -7046
-714 115
7257 -5354
5005 983
7591 -7326
4297 1243
6300 4051
7118 -6543
-7417 -3515
2456 5035
-3036 -5687
2624 1505
5082 -1486
4202 -3354
-6401 -2518
5006 1650
1863 -7008
5935 1849
129 3118
-7331 -1006
-7544 3487
-5872 3893
5443 5003
-5171 -5567
2582 623
-6467 7446
179 -7516
2756 -5897
6387 4705
6028 -7562
-3033 -6785
5099 -6339
-5256 41
-1542 -3536
-303 5743
-3189 -3783
2534 -5955
-741 -5683
-250 6387
-4709 -5732
6219 7112
4877 -5830
-1778 -5343
4570 -348
244 -753
5859 3005
-7279 4575
2216 -1390
5116 832
2369 -3668
-5434 -7039
5605 -5811
-3612 -2056
6031 -686
1561 2941
5998 5486
1919 -4439
-7078 3774
-3300 -2186
2759 -7436
-131 -5267
-2359 5551
-5625 3110
-434 601
4284 3174
-2730 -4566
3797 5366
-1643 533
1081 1425
-4444 -5485
6285 -3983
-7163 -4853
-1937 -4732
3851 6793
-7635 2798
-2666 6405
-2506 -1138
-646 1740
5926 -3806
6134 -1296
-3742 7048
1082 5295
3009 -4752
5874 1985
-1241 -3659
1396 3586
2953 4331
-6070 3382
-3145 1728
1658 5279
-3568 2575
7247 5286
5267 -1012
6142 -7014
-7296 -4471
1715 -936
-541 150
-762 5831
3375 6561
1052 -7163
-884 1559
-4770 -894
-2055 2323
-5383 -3381
-6881 -5082
-7470 -5978
7642 5742
-4336 467
4092 1218
732 4841
4413 -1782
4356 3407
-5532 4317
7376 5011
1398 -3809
-5926 -733
-3941 -7530
3863 3228
37 7728
-7581 6096
997 -3570
-194 -1931
-5775 -1893
-7223 -4300
-5427 7056
-7663 5149
1110 4471
-4223 -2691
-4521 -7020
-4341 4384
-831 1996
-3038 4499
5657 -6447
6591 -4742
4328 -6388
-5569 6307
-5222 6325
-444 -7618
5020 5519
5186 4804
4983 -950
4452 3954
-886 -1212
-263 -3203
-1335 -3742
-6956 -5197
-1444 5303
-1256 -4176
5238 1617
6947 7335
-589 -1307
-3057 3936
-2562 -4239
-5459 -1411
-3571 -7467
1306 -5301
-2612 3638
3465 -1622
7502 -3869
-7602 7049
4265 -4160
-3505 5001
-5130 -640
-2735 -7228
5191 1366
-4178 -2756
-3197 193
-6967 4650
2357 -2672
7577 -3062
-7523 4335
4741 -4954
3123 6676
7008 -2719
-3264 3932
-6034 -2041
4165 -6800
-5874 3588
-6445 -5241
407 4894
-3795 -166
3938 -3923
2110 6616
7402 -1886
-3992 -414
-6136 3405
-5691 6557
-5748 6817
6810 -2125
6875 6883
-2604 -5245
-3586 -1639
6050 -2077
-2502 -1478
630 2608
5065 -5048
3502 4709
-6015 1785
3465 7691
-660 4346
-5317 -4011
4346 856
3354 3142
-3525 2411
2761 4681
-774 4718
-2438 -5067
-1145 -4428
-1482 7596
4370 5492
3731 -321
6312 -2136
-445 -2750
3396 -4647
-4196 -1828
673 -1350
3957 7180
-6913 -7039
1679 -4723
2152 -1269
6503 -4403
-2903 -3010
2196 5640
-4997 -1402
405 -5964
-1046 1953
-4717 6875
7404 -4178
5044 -2733
272 -5265
-5936 7223
-860 5108
-1376 853
-2771 -6856
-1626 -7498
-6112 3276
2584 2878
-1787 3746
2471 -5082
-6520 2211
-3003 2610
-7525 -4512
-7024 -2556
-6951 -568
934 -7633
-2173 2656
-4271 2978
-5194 -6150
-4008 333
3331 984
-1925 1924
-3887 3684
-6685 -426
4394 961
2488 -1729
5971 7726
5468 -387
5684 -1052
5377 -5516
-6189 -5122
-3903 3361
3245 5313
-3128 -2431
-4389 949
7371 4503
3090 -5127
-421 -1673
4270 2079
-2173 7628
2973 -7079
-6644 -2847
-1866 -6537
-2320 3084
-1231 1283
5076 -6777
3923 -4874
-6014 4620
2997 -2123
-1244 -6269
-3681 -1977
6943 -1710
5139 -2557
6868 -6086
-656 3484
5072 -837
6223 2939
2766 -2239
4685 -2568
-3959 1977
7658 3810
2102 5388
4548 -6875
5277 3951
4626 5115
-4256 6544
-5765 -42
-3194 2709
-3676 -1685
-4570 -2779
3168 -955
-2758 -3586
3722 5921
-2435 2559
947 1534
5987 2197
-3126 4546
2168 3159
-5874 3818
3130 3413
6595 -2413
-947 5891
4349 -1689
6988 -7498
-385 -3924
-4674 -1977
-4439 1228
-3331 2246
1073 2484
-6409 -7539
4051 5145
2886 -2001
2642 63
-7271 -6919
-1167 6697
-2873 476
6486 6633
-6360 3339
-3864 -5092
-5879 2948
-3818 -6614
666 6781
1402 192
-57 -3356
-7710 -2463
-7217 -7431
3045 4823
3342 7139
2786 -21
2602 -201
-5411 280
-968 -6895
-789 -630
-5406 3053
1322 -2120
2648 -340
-3910 -5238
1093 2633
7367 3376
-6350 -6817
5693 5571
2226 1583
-2607 2099
2463 -6284
-3178 -2699
-3134 -2267
-921 42
5525 -3169
709 3011
-3368 -7208
383 6851
543 -3119
1230 -2201
-5731 -6223
702 2437
-7372 4253
-670 -4807
4349 4766
-5296 -6357
4586 2009
-7491 -2679
2810 1781
-924 1018
-1906 -6962
-289 3227
-1711 -2640
-6212 -7001
-3407 2154
-1761 1096
552 -5710
-4851 -2342
2627 2877
519 -6687
-1172 2820
7002 -5495
17 3865
-1618 4083
4236 -5052
-3938 -1574
7267 1983
744 1545
7147 2076
3301 -1694
-5074 -4687
-5292 -6057
-5905 -46
-6930 -6172
5487 -6586
-7036 -299
3254 3045
-1391 -2737
2817 3265
5429 823
-1839 -1932
-2999 5651
5814 -7340
450 1649
7546 -7244
4989 6722
-4998 -1977
-6359 -799
-2556 5305
-7125 -1014
-2409 4061
-1382 166
-7177 5681
-7310 -702
-5160 5768
4545 -2427
4537 -3997
5956 -4142
-7196 -187
-5617 -1325
6069 -1346
3855 1444
1562 -6482
-5458 -3111
-5619 -4573
-1624 3945
568 7385
4386 -5681
-3960 -2192
-2356 1925
4169 -1465
-1897 -7317
4897 3319
5868 -3006
-5709 -5787
-6633 -7314
-3164 6773
5391 -5755
5496 6444
7551 -4681
3901 -298
-162 -4329
-5032 196
-5803 -4561
2936 -4683
-6015 -6205
-3108 5334
-4129 311
-4965 -5958
-1863 -4129
4462 -3981
-3289 -2467
777 -4855
7495 -423
-3675 -5941
-1329 1050
7229 2578
4857 -6180
7018 -1405
-1117 6077
2392 707
-651 -7356
-3533 2792
6224 3531
-2142 -492
-3859 2971
6147 -443
-6907 5517
182 -3593
-1107 -1434
-6496 7375
5525 829
-4341 -4829
-5531 1312
4436 6521
7730 7239
-1747 -7726
6985 -879
-786 3086
2636 -2319
-4612 4274
-2046 5476
1339 -6069
2161 329
5346 154
-1342 -2076
3553 6171
-4248 -172
-5587 2790
-175 -1465
2291 2633
710 -716
7567 4742
655 4899
5464 4321
-7295 6039
-6366 6324
-4591 7129
-3986 3055
-4617 595
7459 5681
-3537 2235
4814 -3151
-3278 -5562
3392 3
-231 4090
-5149 5284
-7462 3523
-6224 6095
-5666 -5632
-6178 -7490
1683 4907
450 1840
-6663 -4836
-1231 3290
6030 3264
6619 3779
-1774 -3880
6721 -5502
6475 -3884
-7734 7008
-261 -5493
4287 970
-3005 2140
1207 -7378
-96 1790
-1788 -5553
-3934 424
-751 1334
-6762 -4475
-4327 -5401
954 -3539
-5275 3144
-5325 3687
7562 -1923
-3428 4088
-3789 -7679
6113 -5160
649 3764
1904 2461
-6346 -1187
-7535 -1884
-4888 -4823
2812 -1890
4876 7742
2074 -3265
-308 -3950
-6782 -6564
-4600 -7717
-4719 4189
-5667 -990
4712 -4493
5088 1774
-3679 -3656
5899 6561
5190 -4283
-1133 -1187
-6714 7683
-3293 -3361
4954 1439
6926 -5093
7216 -274
94 6109
1544 1586
-4613 -2266
328 6456
18 2630
490 3850
-5543 -264
-6691 929
5815 5448
4631 -6034
2151 -4688
-5666 -3823
-1666 6664
-3377 7740
-7400 -3541
6037 -6980
-4531 -6687
-7382 -5259
-3627 2705
6462 2644
5448 -5816
-3046 -5848
-7163 6201
5471 -4144
4751 -530
2239 -6610
5302 -282
439 -4842
-2533 1421
5283 3334
-3621 6616
207 -2830
-2265 6612
1840 -2716
-509 3512
-800 -4560
1730 -7499
5130 5617
-7504 -3379
-1256 -49
5725 3025
7606 6955
6187 -2722
7131 -2144
-2708 -2380
-6280 -5155
-3054 -730
-2732 2132
-4130 2286
-4419 -2870
7100 56
7263 3022
690 1758
-575 -5390
5155 -5804
-6635 3852
-4833 -1116
-2255 2721
5739 997
4649 -195
-5827 5252
-6590 -282
-2766 65
-6690 -2730
-4772 7606
-5419 -7285
-1551 2573
5939 4270
-5955 -1978
-4310 1728
6228 -1471
1973 -6825
247 -2076
2405 7058
-3917 2557
35 -7243
-1213 964
6877 -706
-4716 -1718
594 59
-2979 -1826
-660 -6091
-6381 4834
-5524 7526
-1206 -1726
-5639 861
-5814 3594
-6979 -1068
-2819 5898
-1365 -6590
-3181 7071
-5340 -1154
-1508 -5019
5879 5942
-874 -3241
1945 7075
1945 -6359
5126 2093
-5370 1968
-2687 4366
4889 3188
2662 5676
-7202 220
-5232 -243
5771 5445
3265 6983
4067 2229
-1130 -5091
1009 3826
-771 5089
2017 2132
-3455 5636
3057 -217
4812 3459
3139 -714
-3182 5445
-1397 -2415
-1866 -6600
6019 6218
6580 982
3952 6428
2987 -1001
6944 -1856
-4111 2118
1490 2933
6814 -6805
-5897 1157
4916 4440
-6536 -4021
-5161 2251
2976 3771
1406 1378
2112 -7378
-5680 7139
1976 -1649
6984 4390
-3852 -3591
-5585 -4069
683 -1930
5974 -6398
-4150 -4563
5084 202
-7697 -6642
-6487 -4010
-228 -2202
-14 6462
-5006 -5113
1346 -731
-6380 -2296
-2481 -5468
4460 -3000
-3922 1122
-1366 -4049
-5047 -2112
-5009 7386
-5950 2141
5423 352
-5635 6885
3463 5682
-2772 7562
2366 -7068
-3337 -7023
-4695 -1849
7050 -6668
6157 4602
3747 -2348
6038 5037
6988 2508
3104 -5513
-1703 -1034
-5487 2981
-6397 -4397
-5795 -7256
-7641 -1359
3380 3644
1653 -1338
-7512 5396
4894 -2130
-5904 -1359
-5658 -3153
1689 3266
4230 -823
1261 2687
-1991 -6724
3045 1259
6502 -1166
-6176 3129
1875 2704
2534 -335
6284 4735
-384 -3714
-2727 7399
-2616 4720
-5312 1762
-633 3721
-7020 604
4593 -3281
-5125 3798
4230 2888
419 5353
-5483 -7419
5510 -7152
5293 -422
-3951 3890
7090 4891
-3032 -956
-5561 1150
-13 6329
6145 7712
1398 -4144
-1408 -1401
-5781 -888
1663 -4982
2151 7018
-6004 -5084
-1463 391
3519 3682
4392 7721
682 6807
-4859 -814
-4117 2721
-212 -4816
4376 -614
-6847 -653
-4607 950
6119 -3564
6470 5816
5707 5235
-4303 1605
-3328 5199
356 5479
7328 -7021
94 -5818
1103 904
5695 -5766
4423 7435
-1953 -5015
26 -404
4183 2441
-6553 5081
-5245 -1130
-1829 -6285
4897 442
1394 -1789
6195 -6967
2592 494
4100 6594
-300 677
-2326 1586
-7329 -7477
5127 153
1758 6415
4594 356
-2771 5073
-1312 495
848 -26
607 2639
-6290 1390
5243 -3881
2118 -6697
5670 2102
-3199 -4674
4547 -6173
-6053 6265
-4649 -2593
-1615 -2095
-6934 2118
-3899 1860
5534 2793
7448 1171
-4322 561
-3814 -4361
4685 -5887
-1393 6938
-3859 7289
2125 3357
300 -513
-2773 2210
-1469 -3386
3749 7440
-403 5326
-2911 1585
-5005 6453
3750 4934
-7511 -2396
-7593 -3284
902 4469
2208 4623
6257 7077
-5079 7138
4814 -7102
-921 -1886
-2621 3846
1724 -3060
-1291 5927
1331 -2506
-6756 -5576
-1249 3032
4108 6416
-865 7117
-2113 -5248
-6383 4863
1768 1435
-7649 5428
971 4172
-5916 -3956
7676 2669
-7264 2012
-4415 2098
7645 497
5969 4362
-4057 2477
-2958 7283
-3469 -4811
1728 -353
6326 5544
305 3493
-6460 2848
6754 -2488
-229 -390
-1187 -6419
-7582 -670
4733 -6311
-2015 2477
1686 1456
-3161 -4070
5948 2684
-2203 5499
2225 -2584
5483 -6914
4141 -1843
-2646 -2864
5491 -2375
-1624 5349
-6259 -6121
184 -1690
-4892 1659
-5462 -3209
1412 3232
-4413 4571
243 6470
6588 1117
-3455 -7032
-5817 -2925
3534 -4350
-5365 -4737
-3978 -7262
7508 2721
-6186 -3800
-2501 324
-6443 -898
-7118 2964
-3384 2770
2479 5778
-7119 6223
-4555 -7146
4990 1311
3230 3667
-5205 6080
-4569 1715
4944 -7723
-222 2609
4206 -4518
-2148 7058
734 7376
1603 -1799
-6120 -422
-2714 -4490
4754 5737
-7343 5148
4236 -213
1342 -1603
5620 6664
3009 -5250
-5313 3361
5369 -2901
-5633 6428
3395 -1104
6062 1685
-6873 7460
1752 68
-1548 -3296
-3797 2521
4886 -1253
3106 -409
-893 -316
5226 656
-3509 4361
-4026 6572
4931 -5807
-6816 -7276
2328 302
-5540 3881
6715 -3662
-6297 -4921
5193 -952
-64 2014
1629 -2931
4168 4976
-5770 -2239
6922 -2467
-3642 -4240
2359 -3565
7580 6086
-5654 146
1428 4173
-393 -3203
-3128 -6284
5896 3545
7098 -89
3386 -3663
-1356 -5008
-565 -5481
6661 6644
3682 -3461
-2242 156
4709 3581
3156 -7595
-3500 539
-5254 3840
-5577 1834
6401 -555
-4237 -3475
-727 -2437
-1327 -3842
1008 1028
1262 2407
-2119 -6388
-462 806
-2507 -3571
3275 2923
2026 6156
-3693 6706
-3673 -1545
-4857 4038
5615 195
6230 -4963
-6644 762
-5731 1762
-580 5189
-5440 2572
-5717 5980
5186 4425
2890 -1156
-2849 4652
-293 2198
-3046 6019
-628 -3744
3393 -4728
474 -659
3826 -4530
1845 -1289
1981 -4436
-4716 -732
1162 5589
6081 1563
-1371 6466
5848 -5888
-5497 3151
-6420 -1017
3678 -766
4693 1177
-5367 85
413 1710
868 5669
-4848 -5010
5014 -253
277 1995
-5392 6500
-5194 2658
4527 6299
3048 4934
-2344 -792
-5410 2778
-5779 -3976
7281 -5289
1661 -4600
-1300 -1678
7483 4467
735 -4936
-1384 -4806
777 -4770
-1175 -5791
-5279 -4423
6873 -3578
-3460 695
6516 6025
-1759 -7265
6291 6369
3186 -4049
3577 -7282
-3485 -10
4942 -4939
3390 -7538
1517 -2894
6574 1713
-846 -4566
1304 2447
2869 7687
6508 -3080
192 -7737
-417 -4207
416 -401
-3870 2884
4504 1979
-6023 1622
3727 4934
-6595 1671
7143 -3824
-504 -1346
-1652 -805
6551 6961
1047 3425
-3454 -603
-7611 -1449
3625 5194
5209 2084
4953 5846
-7705 7264
1153 7113
5481 -2130
4945 4499
-540 -2499
-1158 2996
-2826 4074
6325 1828
-4243 -1804
312 -16
915 -2726
-6757 -2128
-5308 -5365
5298 -7165
2886 1961
-3213 -3443
3646 618
2611 4978
6918 5276
1814 -6159
-1968 -445
332 6535
2704 4812
543 -935
-5773 1288
-2515 -4416
-5504 3072
-3369 7233
-4095 5457
3449 -7254
-264 -7047
1138 5442
1417 5351
-5642 -510
-7021 -2636
7594 2966
5364 -7376
3583 -497
-7094 6814
-3943 4147
3129 3417
-2701 -2036
3724 3728
-6085 7369
-7029 -7364
2680 -7363
3174 3539
-6798 -731
-6573 3399
-4750 -6726
-7646 -4384
-4820 319
-5860 7619
5496 2670
6424 -7159
7001 -6527
5892 464
7163 -7719
-5803 4865
-6514 -2713
-5012 938
-4238 -3076
6372 -4667
2227 2948
-5520 -1514
-2556 5989
-6459 4899
-4285 2162
1471 6608
7157 -6302
3295 -1628
-6390 5346
-3437 -5541
-751 5009
5940 -3297
-7076 -2129
-4637 3014
-3110 -3449
6427 -4088
-4704 5971
376 6419
3120 3617
2714 4008
-462 5847
5015 -7223
7711 -5144
-27 980
4976 -5217
3428 -1111
6559 -2808
4206 -1525
6550 6648
-4710 -4939
-3600 4674
7231 7222
-4076 2108
330 2476
726 -7544
5003 2888
-7165 7684
-5585 -6882
7550 -1062
-5671 -3390
1417 -813
2260 3637
-4290 -4600
-1169 -1450
2465 6987
664 2250
-2206 -5254
-4839 -2617
-6515 -2281
-7675 -163
3665 6866
1704 -7145
-5102 340
4404 -663
246 -5002
4581 -7102
-37 5206
7721 791
-3069 -7543
-6272 1641
7549 5817
-1864 1072
1952 -3802
1439 6688
3324 3462
-814 -5172
5410 3443
894 -1722
-299 7192
-1277 7350
3062 -2358
-6262 4743
-933 -5046
-5202 -4215
2626 -614
7160 -6099
-4568 -4804
6315 -1043
-2605 3684
-888 3898
-2255 -3935
-6500 3175
4935 -3662
111 -666
-5400 -2230
3515 -218
496 -2081
-4358 5491
-5843 -2108
6267 -7062
-5721 -6365
-1587 6957
6991 -2092
1779 7730
6412 3624
6790 -1525
-1797 2850
-7576 3099
-2612 -5598
3952 -2560
-5873 5517
5045 4873
-2877 -1003
-4967 -5700
-2007 -509
-95 -3882
2639 -2208
4604 6008
2109 3587
-6145 2807
-6215 -1040
-6589 -3704
4489 5283
573 398
4112 3883
-3941 -6771
2459 404
-94 -3595
-2208 2064
3951 4548
3705 3980
1548 -3345
5548 -7372
-4559 -700
-1700 -3788
4920 5618
-2080 1606
1437 4726
-1087 -6378
-2539 5612
982 -3135
5607 3784
4116 7415
3532 1811
1569 7183
6998 -2433
-6154 4142
-4462 931
1310 5909
-7542 1194
-86 4151
-3035 3619
-486 -4057
-3722 -3986
4283 -6923
-4658 5223
2096 -3036
-6208 6724
531 1803
6978 7474
-2160 5578
-4018 -468
6953 5849
922 -66
-502 -7109
-2339 2693
2382 -3834
-7063 -3849
-5754 -2305
4876 -2527
5056 -6960
-4455 1241
-2050 -4800
1368 977
-3773 233
-3386 -5506
2155 -1435
-2961 -6899
1175 2295
-5362 5658
6721 977
7252 -7185
6741 1284
3521 4138
-4468 -1178
-3727 -5820
-1463 5312
3507 -6885
-3917 7668
3969 -7038
3708 -584
-4293 -2206
-1585 -3507
-4855 -1865
3620 6777
-5276 -2684
-353 -3083
5378 2911
-646 1274
4073 3126
-7650 3711
2255 4917
7422 -5315
-1901 -4115
7675 4586
-1310 -2254
4657 -5644
-6685 5254
1131 6658
-1912 3885
-3722 -7481
-4243 -7726
7548 -2261
-6391 -676
5027 -2368
-2805 -4231
-4472 -1888
-2178 -7447
-1114 -5047
-7027 7080
-2498 712
5028 -4857
-880 7090
-4133 3798
-3147 2414
5438 -5005
-5258 895
-5488 -2736
347 2140
-4550 5303
-1628 -5381
-7497 -227
3143 -7552
2714 -3259
-2434 2005
-690 5787
-7417 -2431
4012 -6296
2225 6323
-4417 180
1597 -6006
-2837 -3578
4057 1825
7211 6898
-5410 2374
4850 523
-3036 4582
4855 1137
2948 -3593
-1992 2898
-2126 638
543 91
-7107 3179
903 3183
6438 -7593
-6798 2615
-3731 -7676
-6214 7042
4904 -257
2842 -4160
2313 553
-7573 5759
7492 -7588
-434 -366
3215 -1359
4448 3971
382 3364
5517 -4355
-6872 604
-7515 -1112
4463 1831
-5492 2835
-2358 7630
-6087 -7525
6543 3037
-4198 6185
4133 -5593
316 3306
-7581 6206
5677 -4968
5334 -1272
-781 -4269
2663 3506
4956 -1697
6406 -6283
-228 -5612
-1294 672
1580 484
635 -3458
-6185 -5449
-2848 1501
-2101 -3789
1597 3687
4033 3972
7229 -7140
-6981 6255
-1598 6844
-6999 -6672
1728 2241
5194 5092
5585 5854
1516 -2316
-2262 -340
7639 3406
3252 6465
7086 7466
948 718
6977 1132
-7043 5256
-5008 5066
-886 2627
3812 2933
-2460 -1022
4781 4743
-2619 -2172
2600 -1734
-5796 -603
1500 6198
-672 6494
2096 5697
-5439 -6233
6239 103
-7324 3953
713 3524
-3947 -7313
6553 6107
-1432 -4335
5401 1375
777 -35
-1473 -1947
2189 -6996
-4741 -127
1476 3883
5683 3862
5489 7519
-1508 -4284
1973 -4718
-6748 -4784
4192 -4541
-561 3541
-4196 -1110
-3067 -3228
1950 3029
-2464 -5663
-7718 -643
-2720 5274
-4601 -6819
-3902 4346
-4653 7558
201 3440
7425 -6785
-5970 1453
-2767 -7089
-3870 3432
6910 5420
2380 123
752 -7169
3476 -3870
-6078 -3378
3522 -68
-5230 2720
-7167 588
3563 -4361
592 5205
2159 -674
-5939 7115
140 -7691
-2991 1930
7241 -2584
7404 -196
-1979 2151
7228 5452
3736 6350
1291 7153
-6060 -3878
4741 7724
4051 -3910
4472 6602
-4031 6927
3550 1477
-4047 2620
757 5854
2626 -5152
-7450 2213
-6435 4724
4404 -2285
3398 -7541
-1600 2819
4906 962
2542 6124
7714 -2656
394 3931
2552 4383
6679 4804
6392 6249
-903 -6097
3432 -3594
723 5455
2212 5147
-4756 442
-5342 4867
-2934 -6196
-1171 5943
-5644 7295
2244 -5732
7084 -3350
5333 4373
5638 -7103
3421 2198
-2904 -7193
1007 -6519
5195 901
-702 -5340
3988 7512
3833 3264
2961 -6593
-3260 -3609
-6688 7617
-5465 -6773
1661 5239
-5827 4045
-7563 -4568
-7449 -7028
-934 -6390
-2008 -3731
6813 1824
3598 4171
-2542 3531
-3489 -161
7192 2739
4644 -1328
-7705 4190
449 3128
-152 5145
5857 6959
-3130 -5751
3738 -2517
-3543 223
-6993 2309
-60 2425
3665 5331
5766 6733
-4455 -3816
-1621 5772
-895 1441
6962 1919
-3880 -6084
-1609 -2434
550 -6978
5104 2385
3761 -113
1250 7470
3843 -7642
4420 -6129
5863 3093
-3396 -5770
-5597 5050
-2943 6747
4459 -85
5740 -4546
5565 -6806
3196 1757
1351 -2196
2921 3307
2749 4710
-3856 -1538
735 -5182
1302 -114
3704 6132
-3996 -7501
-6972 993
-2065 6087
-3781 4120
-2672 -1334
-6415 7469
6892 3559
-1346 6708
-4680 6485
-4799 -2333
4350 -7157
6443 555
-3431 -4147
1668 -668
3325 -1109
-6562 -4567
-4625 -1736
532
-704 592
-2908 -1662
-399 2180
2293 -1192
3187 -3545
-1357 3430
-4406 1607
-3928 -4265
2991 -3169
-2839 -2007
-328 -3691
-25 4112
-1 2514
-49 -2629
-3096 -3729
2706 -3062
91 -2758
-564 -961
-3990 2217
-3401 45
2624 1969
1080 4113
-2483 -2072
-1895 -4338
-2405 -1797
-422 588
-593 -3693
2658 -3253
-1035 -2495
2956 844
1557 -3294
-1310 1745
-3086 3467
-1786 3086
957 1444
717 3147
2292 -460
4254 -3534
1258 50
-3558 822
4070 -2928
-2510 -127
-4236 -4229
-4021 4216
50 672
-4320 -3920
-3021 -3114
1260 2274
4411 213
-2923 -1536
-2174 -3682
-1401 -750
-285 1323
493 -1073
4327 -1438
-4131 -3006
4272 4019
1699 -4333
-3119 -2343
1937 3142
-2906 436
1677 -1542
879 1848
3430 -3869
104 1093
-2733 3330
2492 2183
-2743 3029
-3963 -2100
1793 944
-3585 2140
233 -3123
2667 1919
-3733 2072
890 -605
-4221 3955
457 -3796
2701 2072
1666 950
-1090 -3432
-1311 1744
-1439 945
1016 -1669
819 -2480
4124 -4248
1648 -4317
-296 3556
-411 -30
3689 2156
-1947 1671
3670 3699
4325 -813
-3865 4029
1980 -2626
-3451 1614
3076 -1127
3580 -2559
-2964 580
4065 -2591
2306 1829
-1868 -2486
-2496 -263
-2115 2334
1525 3081
3044 201
3806 316
-1343 1529
437 -1429
264 -2182
1502 1220
-3637 3028
-4230 1279
1103 -487
4408 -1997
-3360 -4086
171 2223
646 31
590 -3954
-4236 -768
2791 -637
530 -330
512 -2948
1308 -1424
-1835 -13
343 493
-2759 1055
-1395 -3578
-2871 -3018
2018 -1581
-570 -3328
-3823 1966
-930 -2745
-110 1384
-4083 4062
638 -1037
3756 499
-2543 -4205
-4318 3880
2720 -3302
16 -3621
3478 -1187
-1162 -1394
3170 -4301
-4163 2555
3165 3882
-3608 -1582
-120 3382
2261 1812
-549 -3203
-1311 3220
-3688 -2686
-60 2215
1587 3181
-4217 -2149
-1766 1588
-1475 -2733
274 -4427
2465 3126
435 -893
114 -3168
-1280 2336
2778 -2930
-2474 -4264
-3835 2544
3313 -3413
1262 -1847
-3105 4405
3798 -3781
1325 1973
831 1336
-323 -1535
-2758 -874
-2457 -1707
-3495 4409
-1166 1322
1259 2025
-2166 290
1338 -3029
3584 4342
-2111 -4268
-4049 -3359
-2125 -3674
-1870 2101
2108 -4131
3758 -419
2182 945
-2722 2490
340 1556
1068 3544
4301 1096
3782 -3798
2165 -3457
-877 3631
3960 -1402
-2771 -1995
-2989 -1105
-1023 -3922
533 3964
2934 3243
6 2449
1478 -2679
1121 3897
3544 -3925
-4061 1675
4357 4014
-3353 -1446
-3531 1529
2152 -1112
2752 -1472
-978 1147
2411 -1093
-4257 -115
1176 1495
-569 -1767
2738 3045
4347 -3614
-980 839
-4341 3958
2038 -3169
-1993 1236
-4068 -858
3503 3771
-1260 2663
2076 3830
-2425 2434
3157 -1221
-159 -3785
-1157 2323
3793 4280
-2503 4395
-1025 3466
-3682 -3261
-3062 1166
-2937 -515
-3673 -584
-483 -1537
-2269 3288
1766 32
-2971 -1203
-253 -321
1215 -695
2290 -590
3246 -2438
1220 -3616
3962 -506
1545 559
-1422 -3133
3673 258
-1697 3745
-4123 1667
176 -3743
2817 -3165
1881 2988
3193 238
4153 761
3762 -3714
-1196 3614
-4263 -2909
-263 -639
4051 279
3937 2517
3216 3806
-3498 230
64 3137
2607 -3600
597 1682
-2114 3121
2230 1358
-4149 2141
3714 4023
-1200 3247
3666 -3817
2213 -2138
2690 2363
-1960 -559
-2616 -390
-992 -3621
2285 -2525
-198 661
-464 3012
1091 693
2982 4025
-820 3260
2898 4310
3421 2285
1442 380
-4124 2275
1789 -3472
-2771 3534
-2033 -3154
-4175 2634
-831 -2025
-2279 -2466
-3090 -4017
536 456
-963 -1171
3829 2588
1095 1479
2757 -4345
1623 -1907
-3085 -27
1876 -4232
606 -359
-369 4084
-1354 2271
-3924 -3432
2687 3433
-2552 -3355
-4350 -1746
1826 -3068
-2783 859
-1728 -3409
2475 -2772
2610 3681
-3871 -393
3962 -3375
-544 1287
-2298 -822
2615 3696
-2131 -4327
-2038 -1587
-3485 -2871
4166 -3920
-3050 -3050
1463 2760
337 2271
-413 -2655
3105 -524
-1683 -1676
-409 3625
2499 -4362
-2752 -2343
-633 -179
-2236 -4160
1984 1260
325 -147
-589 2093
-4175 -4047
974 1351
-3660 -2062
-3449 4322
-1112 -2413
-109 2642
-384 -2728
-3225 3228
-1847 1466
-3793 4014
419 3966
4268 1650
-2931 -1873
1600 -2383
-583 2387
2659 1820
-1163 -3929
-965 3320
-2820 -3333
997 -1251
-934 -988
4371 2434
-170 -130
-843 -4268
-973 -169
1734 342
797 828
-3735 -3940
-326 -1072
-2004 3877
-1363 -4215
2074 -2143
635 302
2057 3495
3163 2913
3645 3606
-1425 -1361
-1794 3651
686 1099
-3725 3863
-974 940
2076 -1865
4023 -2492
-138 -1604
-107 -4363
2745 -2622
-263 1309
-3506 3663
-81 -899
2899 -645
1733 1030
2278 -771
2393 3198
-4192 -418
-2958 2900
-3409 -3153
1676 -486
-1450 1997
2647 -3387
-308 978
-1823 -417
-2417 -2319
-3351 624
-709 2811
-641 2862
1235 2936
2080 -2952
1511 777
2275 -2714
-2929 1445
-2612 -1233
-3397 -2139
3981 778
-2139 -375
1455 388
-1543 1698
-1845 -872
-3946 2790
1253 714
-1691 -1147
1927 4048
-1399 86
-377 2734
2490 -1476
-1356 -2410
1476 1269
-1513 -1123
2967 -394
1704 3466
74 -2211
-766 -3341
-1688 -2478
-4057 1371
197 1402
-3392 2809
-4215 1102
-1547 -1792
3394 4333
2010 -3303
1054 -1584
-1744 -4264
4141 735
3785 2357
1074 2922
-1302 -1359
3320 1160
-1647 3134
1783 3973
2809 -2739
-1954 544
-2917 3035
998 -113
978 2859
-3970 1077
1160 -3678
3347 1710
3914 -872
3090 1186
-1618 3815
1920 -2896
-2013 3856
552 -2218
1554 -479
-41 -1025
3266 -2621
-1226 151
-2253 -885
-2480 -2950
-210 1523
-1326 2673
-2017 4224
-4155 -1825
-3700 58
1526 4101
4125 559
-1832 3129
-1246 2232
-2751 3910
3927 -3659
3498 2629
-2713 1844
1477 3083
-2907 -2917
3486 3995
-1604 -1130
3022 -2369
-311 -2517
-2414 -931
2907 -3846
-2436 3514
-3775 1017
-3860 830
2986 -2503
176 2753
2875 -1023
-1492 3090
3586 1760
-3544 2363
-3850 -3431
1156 -4285
2939 -2266
-559 -515
1737 -757
-3510 -3006
-2656 -3544
2514 -4092
-4044 2647
-589 -3696
-3593 -1357
-398 2213
2761 4030
3925 -3537
-1138 -892
2671 -2217
-3132 -1990
-4156 2472
-4121 3842
679 -1859
638 -764
-1420 -1430
929 2855
2354 4393
1602 -3394
-3849 -3882
-1313 3088
-1452 -924
3556 2808
3431 1892
1676 2282
3959 948
-1684 -858
37 1359
1143 -4256
-2217 -3031
-3464 -3260
